{
  "Lx": 2.9098463603160347,
  "Ly": 2.001707173897377,
  "Lz": 9.108218808117321,
  "nx": 16,
  "ny": 9,
  "nz": 18,
  "xm0": 0.4821089270883465,
  "xm1": 0.8458397221278509,
  "ym0": 0.19934256931494218,
  "ym1": 0.6441663857365816,
  "zm0": 1.5600017839028402,
  "zm1": 2.572026095915876,
  "E": 222724035031.72888,
  "nu": 0.48439908591018954,
  "rho": 6360.105678993191,
  "m_add": 20.556480187478478,
  "freq": 206.76036574903372,
  "a_base": 4.136396741725932,
  "zeta": 0.0023313706324586134
}