{
  "Lx": 8.940676055181015,
  "Ly": 6.4813494393045685,
  "Lz": 5.574329941986059,
  "nx": 49,
  "ny": 11,
  "nz": 13,
  "xm0": 3.4870635316741962,
  "xm1": 3.851989084946891,
  "ym0": 3.9557517305528886,
  "ym1": 5.134178901335537,
  "zm0": 0.9602469207629784,
  "zm1": 1.8178361426069873,
  "E": 125694916732.92244,
  "nu": 0.2697124905632483,
  "rho": 6667.305536057041,
  "m_add": 92.76856499699258,
  "freq": 233.25244077792013,
  "a_base": 1.8566732147470746,
  "zeta": 0.0027488838004892987
}