cell_id,node_0,node_1,node_2,node_3
0,0,1,2,3
1,0,2,4,3
2,0,5,1,3
3,0,6,3,4
4,7,1,0,5
5,0,8,5,3
6,9,0,4,6
7,0,8,3,6
8,7,10,1,5
9,7,8,5,0
10,8,5,3,11
11,9,4,12,6
12,9,8,0,6
13,8,3,6,11
14,7,13,10,5
15,14,7,0,8
16,7,15,5,8
17,8,16,5,11
18,9,17,6,12
19,14,0,9,8
20,9,18,8,6
21,8,19,11,6
22,20,10,7,13
23,7,15,13,5
24,14,15,7,8
25,15,5,8,16
26,8,21,16,11
27,22,9,12,17
28,9,18,6,17
29,14,18,8,9
30,18,8,6,19
31,8,21,11,19
32,20,23,10,13
33,20,15,13,7
34,15,13,5,16
35,24,7,14,15
36,14,25,15,8
37,15,21,16,8
38,21,16,11,26
39,22,12,27,17
40,22,18,9,17
41,18,6,17,19
42,28,14,9,18
43,14,25,8,18
44,18,21,8,19
45,21,11,19,26
46,20,29,23,13
47,24,20,7,15
48,20,30,13,15
49,15,31,13,16
50,24,25,15,14
51,25,15,8,21
52,15,32,16,21
53,21,33,16,26
54,22,34,17,27
55,28,9,22,18
56,22,35,18,17
57,18,36,19,17
58,28,25,14,18
59,25,8,18,21
60,18,37,21,19
61,21,38,26,19
62,39,23,20,29
63,20,30,29,13
64,24,30,20,15
65,30,13,15,31
66,15,32,31,16
67,40,24,14,25
68,24,41,15,25
69,25,32,15,21
70,32,16,21,33
71,21,42,33,26
72,43,22,27,34
73,22,35,17,34
74,28,35,18,22
75,35,18,17,36
76,18,37,19,36
77,40,14,28,25
78,28,44,25,18
79,25,37,21,18
80,37,21,19,38
81,21,42,26,38
82,39,45,23,29
83,39,30,29,20
84,30,29,13,31
85,46,20,24,30
86,24,41,30,15
87,30,32,31,15
88,32,31,16,33
89,40,41,24,25
90,41,15,25,32
91,25,47,32,21
92,32,42,33,21
93,42,33,26,48
94,43,27,49,34
95,43,35,22,34
96,35,17,34,36
97,50,28,22,35
98,28,44,18,35
99,35,37,18,36
100,37,19,36,38
101,40,44,25,28
102,44,25,18,37
103,25,47,21,37
104,37,42,21,38
105,42,26,38,48
106,39,51,45,29
107,46,39,20,30
108,39,52,29,30
109,30,53,29,31
110,46,41,30,24
111,41,30,15,32
112,30,54,31,32
113,32,55,31,33
114,56,24,40,41
115,40,57,41,25
116,41,47,32,25
117,47,32,21,42
118,32,58,33,42
119,42,59,33,48
120,43,60,34,49
121,50,22,43,35
122,43,61,35,34
123,35,62,36,34
124,50,44,28,35
125,44,18,35,37
126,35,63,37,36
127,37,64,38,36
128,65,40,28,44
129,40,57,25,44
130,44,47,25,37
131,47,21,37,42
132,37,66,42,38
133,42,67,48,38
134,68,45,39,51
135,39,52,51,29
136,46,52,39,30
137,52,29,30,53
138,30,54,53,31
139,56,46,24,41
140,46,69,30,41
141,41,54,30,32
142,54,31,32,55
143,32,58,55,33
144,56,57,41,40
145,57,41,25,47
146,41,70,32,47
147,47,58,32,42
148,58,33,42,59
149,42,71,59,48
150,72,43,49,60
151,43,61,34,60
152,50,61,35,43
153,61,35,34,62
154,35,63,36,62
155,65,28,50,44
156,50,73,44,35
157,44,63,37,35
158,63,37,36,64
159,37,66,38,64
160,65,57,40,44
161,57,25,44,47
162,44,74,47,37
163,47,66,42,37
164,66,42,38,67
165,42,71,48,67
166,68,75,45,51
167,68,52,51,39
168,52,51,29,53
169,76,39,46,52
170,46,69,52,30
171,52,54,53,30
172,54,53,31,55
173,56,69,46,41
174,69,30,41,54
175,41,70,54,32
176,54,58,55,32
177,58,55,33,59
178,77,56,40,57
179,56,78,41,57
180,57,70,41,47
181,70,32,47,58
182,47,79,58,42
183,58,71,59,42
184,71,59,48,80
185,72,49,81,60
186,72,61,43,60
187,61,34,60,62
188,82,50,43,61
189,50,73,35,61
190,61,63,35,62
191,63,36,62,64
192,65,73,44,50
193,73,44,35,63
194,44,74,37,63
195,63,66,37,64
196,66,38,64,67
197,77,40,65,57
198,65,83,57,44
199,57,74,47,44
200,74,47,37,66
201,47,79,42,66
202,66,71,42,67
203,71,48,67,80
204,68,84,75,51
205,76,68,39,52
206,68,85,51,52
207,52,86,51,53
208,76,69,52,46
209,69,52,30,54
210,52,87,53,54
211,54,88,53,55
212,89,46,56,69
213,56,78,69,41
214,69,70,54,41
215,70,54,32,58
216,54,90,55,58
217,58,91,55,59
218,77,78,56,57
219,78,41,57,70
220,57,92,70,47
221,70,79,58,47
222,79,58,42,71
223,58,93,59,71
224,71,94,59,80
225,72,95,60,81
226,82,43,72,61
227,72,96,61,60
228,61,97,62,60
229,82,73,50,61
230,73,35,61,63
231,61,98,63,62
232,63,99,64,62
233,100,65,50,73
234,65,83,44,73
235,73,74,44,63
236,74,37,63,66
237,63,101,66,64
238,66,102,67,64
239,77,83,57,65
240,83,57,44,74
241,57,92,47,74
242,74,79,47,66
243,79,42,66,71
244,66,103,71,67
245,71,104,80,67
246,68,85,84,51
247,76,85,68,52
248,85,51,52,86
249,52,87,86,53
250,89,76,46,69
251,76,105,52,69
252,69,87,52,54
253,87,53,54,88
254,54,90,88,55
255,89,78,69,56
256,78,69,41,70
257,69,106,54,70
258,70,90,54,58
259,90,55,58,91
260,58,93,91,59
261,107,56,77,78
262,77,108,78,57
263,78,92,70,57
264,92,70,47,79
265,70,109,58,79
266,79,93,58,71
267,93,59,71,94
268,71,110,94,80
269,111,72,81,95
270,72,96,60,95
271,82,96,61,72
272,96,61,60,97
273,61,98,62,97
274,100,50,82,73
275,82,112,73,61
276,73,98,63,61
277,98,63,62,99
278,63,101,64,99
279,100,83,65,73
280,83,44,73,74
281,73,113,74,63
282,74,101,66,63
283,101,66,64,102
284,66,103,67,102
285,114,77,65,83
286,77,108,57,83
287,83,92,57,74
288,92,47,74,79
289,74,115,79,66
290,79,103,71,66
291,103,71,67,104
292,71,110,80,104
293,85,84,51,86
294,76,105,85,52
295,85,87,86,52
296,87,86,53,88
297,89,105,76,69
298,105,52,69,87
299,69,106,87,54
300,87,90,88,54
301,90,88,55,91
302,107,89,56,78
303,89,116,69,78
304,78,106,69,70
305,106,54,70,90
306,70,109,90,58
307,90,93,91,58
308,93,91,59,94
309,107,108,78,77
310,108,78,57,92
311,78,117,70,92
312,92,109,70,79
313,109,58,79,93
314,79,118,93,71
315,93,110,94,71
316,110,94,80,119
317,111,81,120,95
318,111,96,72,95
319,96,60,95,97
320,121,82,72,96
321,82,112,61,96
322,96,98,61,97
323,98,62,97,99
324,100,112,73,82
325,112,73,61,98
326,73,113,63,98
327,98,101,63,99
328,101,64,99,102
329,114,65,100,83
330,100,122,83,73
331,83,113,74,73
332,113,74,63,101
333,74,115,66,101
334,101,103,66,102
335,103,67,102,104
336,114,108,77,83
337,108,57,83,92
338,83,123,92,74
339,92,115,79,74
340,115,79,66,103
341,79,118,71,103
342,103,110,71,104
343,110,80,104,119
344,85,124,84,86
345,105,85,52,87
346,85,125,86,87
347,87,126,86,88
348,89,116,105,69
349,105,106,87,69
350,106,87,54,90
351,87,127,88,90
352,90,128,88,91
353,107,116,89,78
354,116,69,78,106
355,78,117,106,70
356,106,109,90,70
357,109,90,58,93
358,90,129,91,93
359,93,130,91,94
360,131,107,77,108
361,107,132,78,108
362,108,117,78,92
363,117,70,92,109
364,92,133,109,79
365,109,118,93,79
366,118,93,71,110
367,93,134,94,110
368,110,135,94,119
369,111,136,95,120
370,121,72,111,96
371,111,137,96,95
372,96,138,97,95
373,121,112,82,96
374,112,61,96,98
375,96,139,98,97
376,98,140,99,97
377,141,100,82,112
378,100,122,73,112
379,112,113,73,98
380,113,63,98,101
381,98,142,101,99
382,101,143,102,99
383,114,122,83,100
384,122,83,73,113
385,83,123,74,113
386,113,115,74,101
387,115,66,101,103
388,101,144,103,102
389,103,145,104,102
390,131,77,114,108
391,114,146,108,83
392,108,123,92,83
393,123,92,74,115
394,92,133,79,115
395,115,118,79,103
396,118,71,103,110
397,103,147,110,104
398,110,148,119,104
399,85,125,124,86
400,105,125,85,87
401,125,86,87,126
402,87,127,126,88
403,116,105,69,106
404,105,149,87,106
405,106,127,87,90
406,127,88,90,128
407,90,129,128,91
408,107,132,116,78
409,116,117,106,78
410,117,106,70,109
411,106,150,90,109
412,109,129,90,93
413,129,91,93,130
414,93,134,130,94
415,131,132,107,108
416,132,78,108,117
417,108,151,117,92
418,117,133,109,92
419,133,109,79,118
420,109,152,93,118
421,118,134,93,110
422,134,94,110,135
423,110,153,135,119
424,154,111,120,136
425,111,137,95,136
426,121,137,96,111
427,137,96,95,138
428,96,139,97,138
429,141,82,121,112
430,121,155,112,96
431,112,139,98,96
432,139,98,97,140
433,98,142,99,140
434,141,122,100,112
435,122,73,112,113
436,112,156,113,98
437,113,142,101,98
438,142,101,99,143
439,101,144,102,143
440,157,114,100,122
441,114,146,83,122
442,122,123,83,113
443,123,74,113,115
444,113,158,115,101
445,115,144,103,101
446,144,103,102,145
447,103,147,104,145
448,131,146,108,114
449,146,108,83,123
450,108,151,92,123
451,123,133,92,115
452,133,79,115,118
453,115,159,118,103
454,118,147,110,103
455,147,110,104,148
456,110,153,119,148
457,125,124,86,126
458,105,149,125,87
459,125,127,126,87
460,127,126,88,128
461,116,149,105,106
462,149,87,106,127
463,106,150,127,90
464,127,129,128,90
465,129,128,91,130
466,132,116,78,117
467,116,160,106,117
468,117,150,106,109
469,150,90,109,129
470,109,152,129,93
471,129,134,130,93
472,134,130,94,135
473,131,161,132,108
474,132,151,117,108
475,151,117,92,133
476,117,162,109,133
477,133,152,109,118
478,152,93,118,134
479,118,163,134,110
480,134,153,135,110
481,153,135,119,164
482,154,120,165,136
483,154,137,111,136
484,137,95,136,138
485,166,121,111,137
486,121,155,96,137
487,137,139,96,138
488,139,97,138,140
489,141,155,112,121
490,155,112,96,139
491,112,156,98,139
492,139,142,98,140
493,142,99,140,143
494,157,100,141,122
495,141,167,122,112
496,122,156,113,112
497,156,113,98,142
498,113,158,101,142
499,142,144,101,143
500,144,102,143,145
501,157,146,114,122
502,146,83,122,123
503,122,168,123,113
504,123,158,115,113
505,158,115,101,144
506,115,159,103,144
507,144,147,103,145
508,147,104,145,148
509,169,131,114,146
510,131,161,108,146
511,146,151,108,123
512,151,92,123,133
513,123,170,133,115
514,133,159,118,115
515,159,118,103,147
516,118,163,110,147
517,147,153,110,148
518,153,119,148,164
519,125,171,124,126
520,149,125,87,127
521,125,172,126,127
522,127,173,126,128
523,116,160,149,106
524,149,150,127,106
525,150,127,90,129
526,127,174,128,129
527,129,175,128,130
528,132,160,116,117
529,160,106,117,150
530,117,162,150,109
531,150,152,129,109
532,152,129,93,134
533,129,176,130,134
534,134,177,130,135
535,161,132,108,151
536,132,178,117,151
537,151,162,117,133
538,162,109,133,152
539,133,179,152,118
540,152,163,134,118
541,163,134,110,153
542,134,180,135,153
543,153,181,135,164
544,154,182,136,165
545,166,111,154,137
546,154,183,137,136
547,137,184,138,136
548,166,155,121,137
549,155,96,137,139
550,137,185,139,138
551,139,186,140,138
552,187,141,121,155
553,141,167,112,155
554,155,156,112,139
555,156,98,139,142
556,139,188,142,140
557,142,189,143,140
558,157,167,122,141
559,167,122,112,156
560,122,168,113,156
561,156,158,113,142
562,158,101,142,144
563,142,190,144,143
564,144,191,145,143
565,169,114,157,146
566,157,192,146,122
567,146,168,123,122
568,168,123,113,158
569,123,170,115,158
570,158,159,115,144
571,159,103,144,147
572,144,193,147,145
573,147,194,148,145
574,169,161,131,146
575,161,108,146,151
576,146,195,151,123
577,151,170,133,123
578,170,133,115,159
579,133,179,118,159
580,159,163,118,147
581,163,110,147,153
582,147,196,153,148
583,153,197,164,148
584,125,172,171,126
585,149,172,125,127
586,172,126,127,173
587,127,174,173,128
588,160,149,106,150
589,149,198,127,150
590,150,174,127,129
591,174,128,129,175
592,129,176,175,130
593,132,178,160,117
594,160,162,150,117
595,162,150,109,152
596,150,199,129,152
597,152,176,129,134
598,176,130,134,177
599,134,180,177,135
600,161,178,132,151
601,178,117,151,162
602,151,200,162,133
603,162,179,152,133
604,179,152,118,163
605,152,201,134,163
606,163,180,134,153
607,180,135,153,181
608,153,202,181,164
609,203,154,165,182
610,154,183,136,182
611,166,183,137,154
612,183,137,136,184
613,137,185,138,184
614,187,121,166,155
615,166,204,155,137
616,155,185,139,137
617,185,139,138,186
618,139,188,140,186
619,187,167,141,155
620,167,112,155,156
621,155,205,156,139
622,156,188,142,139
623,188,142,140,189
624,142,190,143,189
625,206,157,141,167
626,157,192,122,167
627,167,168,122,156
628,168,113,156,158
629,156,207,158,142
630,158,190,144,142
631,190,144,143,191
632,144,193,145,191
633,169,192,146,157
634,192,146,122,168
635,146,195,123,168
636,168,170,123,158
637,170,115,158,159
638,158,208,159,144
639,159,193,147,144
640,193,147,145,194
641,147,196,148,194
642,169,209,161,146
643,161,195,151,146
644,195,151,123,170
645,151,200,133,170
646,170,179,133,159
647,179,118,159,163
648,159,210,163,147
649,163,196,153,147
650,196,153,148,197
651,153,202,164,197
652,172,171,126,173
653,149,198,172,127
654,172,174,173,127
655,174,173,128,175
656,160,198,149,150
657,198,127,150,174
658,150,199,174,129
659,174,176,175,129
660,176,175,130,177
661,178,160,117,162
662,160,211,150,162
663,162,199,150,152
664,199,129,152,176
665,152,201,176,134
666,176,180,177,134
667,180,177,135,181
668,161,212,178,151
669,178,200,162,151
670,200,162,133,179
671,162,213,152,179
672,179,201,152,163
673,201,134,163,180
674,163,214,180,153
675,180,202,181,153
676,202,181,164,215
677,203,165,216,182
678,203,183,154,182
679,183,136,182,184
680,217,166,154,183
681,166,204,137,183
682,183,185,137,184
683,185,138,184,186
684,187,204,155,166
685,204,155,137,185
686,155,205,139,185
687,185,188,139,186
688,188,140,186,189
689,206,141,187,167
690,187,218,167,155
691,167,205,156,155
692,205,156,139,188
693,156,207,142,188
694,188,190,142,189
695,190,143,189,191
696,206,192,157,167
697,192,122,167,168
698,167,219,168,156
699,168,207,158,156
700,207,158,142,190
701,158,208,144,190
702,190,193,144,191
703,193,145,191,194
704,220,169,157,192
705,169,209,146,192
706,192,195,146,168
707,195,123,168,170
708,168,221,170,158
709,170,208,159,158
710,208,159,144,193
711,159,210,147,193
712,193,196,147,194
713,196,148,194,197
714,209,161,146,195
715,161,212,151,195
716,195,200,151,170
717,200,133,170,179
718,170,222,179,159
719,179,210,163,159
720,210,163,147,196
721,163,214,153,196
722,196,202,153,197
723,202,164,197,215
724,172,223,171,173
725,198,172,127,174
726,172,224,173,174
727,174,225,173,175
728,160,211,198,150
729,198,199,174,150
730,199,174,129,176
731,174,226,175,176
732,176,227,175,177
733,178,211,160,162
734,211,150,162,199
735,162,213,199,152
736,199,201,176,152
737,201,176,134,180
738,176,228,177,180
739,180,229,177,181
740,212,178,151,200
741,178,230,162,200
742,200,213,162,179
743,213,152,179,201
744,179,231,201,163
745,201,214,180,163
746,214,180,153,202
747,180,232,181,202
748,202,233,181,215
749,203,234,182,216
750,217,154,203,183
751,203,235,183,182
752,183,236,184,182
753,217,204,166,183
754,204,137,183,185
755,183,237,185,184
756,185,238,186,184
757,239,187,166,204
758,187,218,155,204
759,204,205,155,185
760,205,139,185,188
761,185,240,188,186
762,188,241,189,186
763,206,218,167,187
764,218,167,155,205
765,167,219,156,205
766,205,207,156,188
767,207,142,188,190
768,188,242,190,189
769,190,243,191,189
770,220,157,206,192
771,206,244,192,167
772,192,219,168,167
773,219,168,156,207
774,168,221,158,207
775,207,208,158,190
776,208,144,190,193
777,190,245,193,191
778,193,246,194,191
779,220,209,169,192
780,209,146,192,195
781,192,247,195,168
782,195,221,170,168
783,221,170,158,208
784,170,222,159,208
785,208,210,159,193
786,210,147,193,196
787,193,248,196,194
788,196,249,197,194
789,209,212,161,195
790,212,151,195,200
791,195,250,200,170
792,200,222,179,170
793,222,179,159,210
794,179,231,163,210
795,210,214,163,196
796,214,153,196,202
797,196,251,202,197
798,202,252,215,197
799,172,224,223,173
800,198,224,172,174
801,224,173,174,225
802,174,226,225,175
803,211,198,150,199
804,198,253,174,199
805,199,226,174,176
806,226,175,176,227
807,176,228,227,177
808,178,230,211,162
809,211,213,199,162
810,213,199,152,201
811,199,254,176,201
812,201,228,176,180
813,228,177,180,229
814,180,232,229,181
815,212,230,178,200
816,230,162,200,213
817,200,255,213,179
818,213,231,201,179
819,231,201,163,214
820,201,256,180,214
821,214,232,180,202
822,232,181,202,233
823,202,257,233,215
824,258,203,216,234
825,203,235,182,234
826,217,235,183,203
827,235,183,182,236
828,183,237,184,236
829,239,166,217,204
830,217,259,204,183
831,204,237,185,183
832,237,185,184,238
833,185,240,186,238
834,239,218,187,204
835,218,155,204,205
836,204,260,205,185
837,205,240,188,185
838,240,188,186,241
839,188,242,189,241
840,261,206,187,218
841,206,244,167,218
842,218,219,167,205
843,219,156,205,207
844,205,262,207,188
845,207,242,190,188
846,242,190,189,243
847,190,245,191,243
848,220,244,192,206
849,244,192,167,219
850,192,247,168,219
851,219,221,168,207
852,221,158,207,208
853,207,263,208,190
854,208,245,193,190
855,245,193,191,246
856,193,248,194,246
857,220,264,209,192
858,209,247,195,192
859,247,195,168,221
860,195,250,170,221
861,221,222,170,208
862,222,159,208,210
863,208,265,210,193
864,210,248,196,193
865,248,196,194,249
866,196,251,197,249
867,209,266,212,195
868,212,250,200,195
869,250,200,170,222
870,200,255,179,222
871,222,231,179,210
872,231,163,210,214
873,210,267,214,196
874,214,251,202,196
875,251,202,197,252
876,202,257,215,252
877,224,223,173,225
878,198,253,224,174
879,224,226,225,174
880,226,225,175,227
881,211,253,198,199
882,253,174,199,226
883,199,254,226,176
884,226,228,227,176
885,228,227,177,229
886,230,211,162,213
887,211,268,199,213
888,213,254,199,201
889,254,176,201,228
890,201,256,228,180
891,228,232,229,180
892,232,229,181,233
893,212,269,230,200
894,230,255,213,200
895,255,213,179,231
896,213,270,201,231
897,231,256,201,214
898,256,180,214,232
899,214,271,232,202
900,232,257,233,202
901,257,233,215,272
902,258,216,273,234
903,258,235,203,234
904,235,182,234,236
905,274,217,203,235
906,217,259,183,235
907,235,237,183,236
908,237,184,236,238
909,239,259,204,217
910,259,204,183,237
911,204,260,185,237
912,237,240,185,238
913,240,186,238,241
914,261,187,239,218
915,239,275,218,204
916,218,260,205,204
917,260,205,185,240
918,205,262,188,240
919,240,242,188,241
920,242,189,241,243
921,261,244,206,218
922,244,167,218,219
923,218,276,219,205
924,219,262,207,205
925,262,207,188,242
926,207,263,190,242
927,242,245,190,243
928,245,191,243,246
929,277,220,206,244
930,220,264,192,244
931,244,247,192,219
932,247,168,219,221
933,219,278,221,207
934,221,263,208,207
935,263,208,190,245
936,208,265,193,245
937,245,248,193,246
938,248,194,246,249
939,264,209,192,247
940,209,266,195,247
941,247,250,195,221
942,250,170,221,222
943,221,279,222,208
944,222,265,210,208
945,265,210,193,248
946,210,267,196,248
947,248,251,196,249
948,251,197,249,252
949,266,212,195,250
950,212,269,200,250
951,250,255,200,222
952,255,179,222,231
953,222,280,231,210
954,231,267,214,210
955,267,214,196,251
956,214,271,202,251
957,251,257,202,252
958,257,215,252,272
959,224,281,223,225
960,253,224,174,226
961,224,282,225,226
962,226,283,225,227
963,211,268,253,199
964,253,254,226,199
965,254,226,176,228
966,226,284,227,228
967,228,285,227,229
968,230,268,211,213
969,268,199,213,254
970,213,270,254,201
971,254,256,228,201
972,256,228,180,232
973,228,286,229,232
974,232,287,229,233
975,269,230,200,255
976,230,288,213,255
977,255,270,213,231
978,270,201,231,256
979,231,289,256,214
980,256,271,232,214
981,271,232,202,257
982,232,290,233,257
983,257,291,233,272
984,258,292,234,273
985,274,203,258,235
986,258,293,235,234
987,235,294,236,234
988,274,259,217,235
989,259,183,235,237
990,235,295,237,236
991,237,296,238,236
992,297,239,217,259
993,239,275,204,259
994,259,260,204,237
995,260,185,237,240
996,237,298,240,238
997,240,299,241,238
998,261,275,218,239
999,275,218,204,260
1000,218,276,205,260
1001,260,262,205,240
1002,262,188,240,242
1003,240,300,242,241
1004,242,301,243,241
1005,277,206,261,244
1006,261,302,244,218
1007,244,276,219,218
1008,276,219,205,262
1009,219,278,207,262
1010,262,263,207,242
1011,263,190,242,245
1012,242,303,245,243
1013,245,304,246,243
1014,277,264,220,244
1015,264,192,244,247
1016,244,305,247,219
1017,247,278,221,219
1018,278,221,207,263
1019,221,279,208,263
1020,263,265,208,245
1021,265,193,245,248
1022,245,306,248,246
1023,248,307,249,246
1024,264,266,209,247
1025,266,195,247,250
1026,247,308,250,221
1027,250,279,222,221
1028,279,222,208,265
1029,222,280,210,265
1030,265,267,210,248
1031,267,196,248,251
1032,248,309,251,249
1033,251,310,252,249
1034,266,269,212,250
1035,269,200,250,255
1036,250,311,255,222
1037,255,280,231,222
1038,280,231,210,267
1039,231,289,214,267
1040,267,271,214,251
1041,271,202,251,257
1042,251,312,257,252
1043,257,313,272,252
1044,224,282,281,225
1045,253,282,224,226
1046,282,225,226,283
1047,226,284,283,227
1048,268,253,199,254
1049,253,314,226,254
1050,254,284,226,228
1051,284,227,228,285
1052,228,286,285,229
1053,230,288,268,213
1054,268,270,254,213
1055,270,254,201,256
1056,254,315,228,256
1057,256,286,228,232
1058,286,229,232,287
1059,232,290,287,233
1060,269,288,230,255
1061,288,213,255,270
1062,255,316,270,231
1063,270,289,256,231
1064,289,256,214,271
1065,256,317,232,271
1066,271,290,232,257
1067,290,233,257,291
1068,257,318,291,272
1069,319,258,273,292
1070,258,293,234,292
1071,274,293,235,258
1072,293,235,234,294
1073,235,295,236,294
1074,297,217,274,259
1075,274,320,259,235
1076,259,295,237,235
1077,295,237,236,296
1078,237,298,238,296
1079,297,275,239,259
1080,275,204,259,260
1081,259,321,260,237
1082,260,298,240,237
1083,298,240,238,299
1084,240,300,241,299
1085,322,261,239,275
1086,261,302,218,275
1087,275,276,218,260
1088,276,205,260,262
1089,260,323,262,240
1090,262,300,242,240
1091,300,242,241,301
1092,242,303,243,301
1093,277,302,244,261
1094,302,244,218,276
1095,244,305,219,276
1096,276,278,219,262
1097,278,207,262,263
1098,262,324,263,242
1099,263,303,245,242
1100,303,245,243,304
1101,245,306,246,304
1102,277,325,264,244
1103,264,305,247,244
1104,305,247,219,278
1105,247,308,221,278
1106,278,279,221,263
1107,279,208,263,265
1108,263,326,265,245
1109,265,306,248,245
1110,306,248,246,307
1111,248,309,249,307
1112,264,327,266,247
1113,266,308,250,247
1114,308,250,221,279
1115,250,311,222,279
1116,279,280,222,265
1117,280,210,265,267
1118,265,328,267,248
1119,267,309,251,248
1120,309,251,249,310
1121,251,312,252,310
1122,266,329,269,250
1123,269,311,255,250
1124,311,255,222,280
1125,255,316,231,280
1126,280,289,231,267
1127,289,214,267,271
1128,267,330,271,251
1129,271,312,257,251
1130,312,257,252,313
1131,257,318,272,313
1132,282,281,225,283
1133,253,314,282,226
1134,282,284,283,226
1135,284,283,227,285
1136,268,314,253,254
1137,314,226,254,284
1138,254,315,284,228
1139,284,286,285,228
1140,286,285,229,287
1141,288,268,213,270
1142,268,331,254,270
1143,270,315,254,256
1144,315,228,256,286
1145,256,317,286,232
1146,286,290,287,232
1147,290,287,233,291
1148,269,332,288,255
1149,288,316,270,255
1150,316,270,231,289
1151,270,333,256,289
1152,289,317,256,271
1153,317,232,271,290
1154,271,334,290,257
1155,290,318,291,257
1156,318,291,272,335
1157,319,273,336,292
1158,319,293,258,292
1159,293,234,292,294
1160,337,274,258,293
1161,274,320,235,293
1162,293,295,235,294
1163,295,236,294,296
1164,297,320,259,274
1165,320,259,235,295
1166,259,321,237,295
1167,295,298,237,296
1168,298,238,296,299
1169,322,239,297,275
1170,297,338,275,259
1171,275,321,260,259
1172,321,260,237,298
1173,260,323,240,298
1174,298,300,240,299
1175,300,241,299,301
1176,322,302,261,275
1177,302,218,275,276
1178,275,339,276,260
1179,276,323,262,260
1180,323,262,240,300
1181,262,324,242,300
1182,300,303,242,301
1183,303,243,301,304
1184,340,277,261,302
1185,277,325,244,302
1186,302,305,244,276
1187,305,219,276,278
1188,276,341,278,262
1189,278,324,263,262
1190,324,263,242,303
1191,263,326,245,303
1192,303,306,245,304
1193,306,246,304,307
1194,325,264,244,305
1195,264,327,247,305
1196,305,308,247,278
1197,308,221,278,279
1198,278,342,279,263
1199,279,326,265,263
1200,326,265,245,306
1201,265,328,248,306
1202,306,309,248,307
1203,309,249,307,310
1204,327,266,247,308
1205,266,329,250,308
1206,308,311,250,279
1207,311,222,279,280
1208,279,343,280,265
1209,280,328,267,265
1210,328,267,248,309
1211,267,330,251,309
1212,309,312,251,310
1213,312,252,310,313
1214,329,269,250,311
1215,269,332,255,311
1216,311,316,255,280
1217,316,231,280,289
1218,280,344,289,267
1219,289,330,271,267
1220,330,271,251,312
1221,271,334,257,312
1222,312,318,257,313
1223,318,272,313,335
1224,282,345,281,283
1225,314,282,226,284
1226,282,346,283,284
1227,284,347,283,285
1228,268,331,314,254
1229,314,315,284,254
1230,315,284,228,286
1231,284,348,285,286
1232,286,349,285,287
1233,288,331,268,270
1234,331,254,270,315
1235,270,333,315,256
1236,315,317,286,256
1237,317,286,232,290
1238,286,350,287,290
1239,290,351,287,291
1240,332,288,255,316
1241,288,352,270,316
1242,316,333,270,289
1243,333,256,289,317
1244,289,353,317,271
1245,317,334,290,271
1246,334,290,257,318
1247,290,354,291,318
1248,318,355,291,335
1249,319,356,292,336
1250,337,258,319,293
1251,319,357,293,292
1252,293,358,294,292
1253,337,320,274,293
1254,320,235,293,295
1255,293,359,295,294
1256,295,360,296,294
1257,361,297,274,320
1258,297,338,259,320
1259,320,321,259,295
1260,321,237,295,298
1261,295,362,298,296
1262,298,363,299,296
1263,322,338,275,297
1264,338,275,259,321
1265,275,339,260,321
1266,321,323,260,298
1267,323,240,298,300
1268,298,364,300,299
1269,300,365,301,299
1270,340,261,322,302
1271,322,366,302,275
1272,302,339,276,275
1273,339,276,260,323
1274,276,341,262,323
1275,323,324,262,300
1276,324,242,300,303
1277,300,367,303,301
1278,303,368,304,301
1279,340,325,277,302
1280,325,244,302,305
1281,302,369,305,276
1282,305,341,278,276
1283,341,278,262,324
1284,278,342,263,324
1285,324,326,263,303
1286,326,245,303,306
1287,303,370,306,304
1288,306,371,307,304
1289,325,327,264,305
1290,327,247,305,308
1291,305,372,308,278
1292,308,342,279,278
1293,342,279,263,326
1294,279,343,265,326
1295,326,328,265,306
1296,328,248,306,309
1297,306,373,309,307
1298,309,374,310,307
1299,327,329,266,308
1300,329,250,308,311
1301,308,375,311,279
1302,311,343,280,279
1303,343,280,265,328
1304,280,344,267,328
1305,328,330,267,309
1306,330,251,309,312
1307,309,376,312,310
1308,312,377,313,310
1309,329,332,269,311
1310,332,255,311,316
1311,311,378,316,280
1312,316,344,289,280
1313,344,289,267,330
1314,289,353,271,330
1315,330,334,271,312
1316,334,257,312,318
1317,312,379,318,313
1318,318,380,335,313
1319,282,346,345,283
1320,314,346,282,284
1321,346,283,284,347
1322,284,348,347,285
1323,331,314,254,315
1324,314,381,284,315
1325,315,348,284,286
1326,348,285,286,349
1327,286,350,349,287
1328,288,352,331,270
1329,331,333,315,270
1330,333,315,256,317
1331,315,382,286,317
1332,317,350,286,290
1333,350,287,290,351
1334,290,354,351,291
1335,332,352,288,316
1336,352,270,316,333
1337,316,383,333,289
1338,333,353,317,289
1339,353,317,271,334
1340,317,384,290,334
1341,334,354,290,318
1342,354,291,318,355
1343,318,385,355,335
1344,386,319,336,356
1345,319,357,292,356
1346,337,357,293,319
1347,357,293,292,358
1348,293,359,294,358
1349,361,274,337,320
1350,337,387,320,293
1351,320,359,295,293
1352,359,295,294,360
1353,295,362,296,360
1354,361,338,297,320
1355,338,259,320,321
1356,320,388,321,295
1357,321,362,298,295
1358,362,298,296,363
1359,298,364,299,363
1360,389,322,297,338
1361,322,366,275,338
1362,338,339,275,321
1363,339,260,321,323
1364,321,390,323,298
1365,323,364,300,298
1366,364,300,299,365
1367,300,367,301,365
1368,340,366,302,322
1369,366,302,275,339
1370,302,369,276,339
1371,339,341,276,323
1372,341,262,323,324
1373,323,391,324,300
1374,324,367,303,300
1375,367,303,301,368
1376,303,370,304,368
1377,340,392,325,302
1378,325,369,305,302
1379,369,305,276,341
1380,305,372,278,341
1381,341,342,278,324
1382,342,263,324,326
1383,324,393,326,303
1384,326,370,306,303
1385,370,306,304,371
1386,306,373,307,371
1387,325,394,327,305
1388,327,372,308,305
1389,372,308,278,342
1390,308,375,279,342
1391,342,343,279,326
1392,343,265,326,328
1393,326,395,328,306
1394,328,373,309,306
1395,373,309,307,374
1396,309,376,310,374
1397,327,396,329,308
1398,329,375,311,308
1399,375,311,279,343
1400,311,378,280,343
1401,343,344,280,328
1402,344,267,328,330
1403,328,397,330,309
1404,330,376,312,309
1405,376,312,310,377
1406,312,379,313,377
1407,329,398,332,311
1408,332,378,316,311
1409,378,316,280,344
1410,316,383,289,344
1411,344,353,289,330
1412,353,271,330,334
1413,330,399,334,312
1414,334,379,318,312
1415,379,318,313,380
1416,318,385,335,380
1417,346,345,283,347
1418,314,381,346,284
1419,346,348,347,284
1420,348,347,285,349
1421,331,381,314,315
1422,381,284,315,348
1423,315,382,348,286
1424,348,350,349,286
1425,350,349,287,351
1426,352,331,270,333
1427,331,400,315,333
1428,333,382,315,317
1429,382,286,317,350
1430,317,384,350,290
1431,350,354,351,290
1432,354,351,291,355
1433,332,401,352,316
1434,352,383,333,316
1435,383,333,289,353
1436,333,402,317,353
1437,353,384,317,334
1438,384,290,334,354
1439,334,403,354,318
1440,354,385,355,318
1441,385,355,335,404
1442,386,336,405,356
1443,386,357,319,356
1444,357,292,356,358
1445,406,337,319,357
1446,337,387,293,357
1447,357,359,293,358
1448,359,294,358,360
1449,361,387,320,337
1450,387,320,293,359
1451,320,388,295,359
1452,359,362,295,360
1453,362,296,360,363
1454,389,297,361,338
1455,361,407,338,320
1456,338,388,321,320
1457,388,321,295,362
1458,321,390,298,362
1459,362,364,298,363
1460,364,299,363,365
1461,389,366,322,338
1462,366,275,338,339
1463,338,408,339,321
1464,339,390,323,321
1465,390,323,298,364
1466,323,391,300,364
1467,364,367,300,365
1468,367,301,365,368
1469,409,340,322,366
1470,340,392,302,366
1471,366,369,302,339
1472,369,276,339,341
1473,339,410,341,323
1474,341,391,324,323
1475,391,324,300,367
1476,324,393,303,367
1477,367,370,303,368
1478,370,304,368,371
1479,392,325,302,369
1480,325,394,305,369
1481,369,372,305,341
1482,372,278,341,342
1483,341,411,342,324
1484,342,393,326,324
1485,393,326,303,370
1486,326,395,306,370
1487,370,373,306,371
1488,373,307,371,374
1489,394,327,305,372
1490,327,396,308,372
1491,372,375,308,342
1492,375,279,342,343
1493,342,412,343,326
1494,343,395,328,326
1495,395,328,306,373
1496,328,397,309,373
1497,373,376,309,374
1498,376,310,374,377
1499,396,329,308,375
1500,329,398,311,375
1501,375,378,311,343
1502,378,280,343,344
1503,343,413,344,328
1504,344,397,330,328
1505,397,330,309,376
1506,330,399,312,376
1507,376,379,312,377
1508,379,313,377,380
1509,398,332,311,378
1510,332,401,316,378
1511,378,383,316,344
1512,383,289,344,353
1513,344,414,353,330
1514,353,399,334,330
1515,399,334,312,379
1516,334,403,318,379
1517,379,385,318,380
1518,385,335,380,404
1519,346,415,345,347
1520,381,346,284,348
1521,346,416,347,348
1522,348,417,347,349
1523,331,400,381,315
1524,381,382,348,315
1525,382,348,286,350
1526,348,418,349,350
1527,350,419,349,351
1528,352,400,331,333
1529,400,315,333,382
1530,333,402,382,317
1531,382,384,350,317
1532,384,350,290,354
1533,350,420,351,354
1534,354,421,351,355
1535,401,352,316,383
1536,352,422,333,383
1537,383,402,333,353
1538,402,317,353,384
1539,353,423,384,334
1540,384,403,354,334
1541,403,354,318,385
1542,354,424,355,385
1543,385,425,355,404
1544,386,426,356,405
1545,406,319,386,357
1546,386,427,357,356
1547,357,428,358,356
1548,406,387,337,357
1549,387,293,357,359
1550,357,429,359,358
1551,359,430,360,358
1552,431,361,337,387
1553,361,407,320,387
1554,387,388,320,359
1555,388,295,359,362
1556,359,432,362,360
1557,362,433,363,360
1558,389,407,338,361
1559,407,338,320,388
1560,338,408,321,388
1561,388,390,321,362
1562,390,298,362,364
1563,362,434,364,363
1564,364,435,365,363
1565,409,322,389,366
1566,389,436,366,338
1567,366,408,339,338
1568,408,339,321,390
1569,339,410,323,390
1570,390,391,323,364
1571,391,300,364,367
1572,364,437,367,365
1573,367,438,368,365
1574,409,392,340,366
1575,392,302,366,369
1576,366,439,369,339
1577,369,410,341,339
1578,410,341,323,391
1579,341,411,324,391
1580,391,393,324,367
1581,393,303,367,370
1582,367,440,370,368
1583,370,441,371,368
1584,392,394,325,369
1585,394,305,369,372
1586,369,442,372,341
1587,372,411,342,341
1588,411,342,324,393
1589,342,412,326,393
1590,393,395,326,370
1591,395,306,370,373
1592,370,443,373,371
1593,373,444,374,371
1594,394,396,327,372
1595,396,308,372,375
1596,372,445,375,342
1597,375,412,343,342
1598,412,343,326,395
1599,343,413,328,395
1600,395,397,328,373
1601,397,309,373,376
1602,373,446,376,374
1603,376,447,377,374
1604,396,398,329,375
1605,398,311,375,378
1606,375,448,378,343
1607,378,413,344,343
1608,413,344,328,397
1609,344,414,330,397
1610,397,399,330,376
1611,399,312,376,379
1612,376,449,379,377
1613,379,450,380,377
1614,398,401,332,378
1615,401,316,378,383
1616,378,451,383,344
1617,383,414,353,344
1618,414,353,330,399
1619,353,423,334,399
1620,399,403,334,379
1621,403,318,379,385
1622,379,452,385,380
1623,385,453,404,380
1624,346,416,415,347
1625,381,416,346,348
1626,416,347,348,417
1627,348,418,417,349
1628,400,381,315,382
1629,381,454,348,382
1630,382,418,348,350
1631,418,349,350,419
1632,350,420,419,351
1633,352,422,400,333
1634,400,402,382,333
1635,402,382,317,384
1636,382,455,350,384
1637,384,420,350,354
1638,420,351,354,421
1639,354,424,421,355
1640,401,422,352,383
1641,422,333,383,402
1642,383,456,402,353
1643,402,423,384,353
1644,423,384,334,403
1645,384,457,354,403
1646,403,424,354,385
1647,424,355,385,425
1648,385,458,425,404
1649,386,427,356,426
1650,406,427,357,386
1651,427,357,356,428
1652,357,429,358,428
1653,431,337,406,387
1654,406,459,387,357
1655,387,429,359,357
1656,429,359,358,430
1657,359,432,360,430
1658,431,407,361,387
1659,407,320,387,388
1660,387,460,388,359
1661,388,432,362,359
1662,432,362,360,433
1663,362,434,363,433
1664,461,389,361,407
1665,389,436,338,407
1666,407,408,338,388
1667,408,321,388,390
1668,388,462,390,362
1669,390,434,364,362
1670,434,364,363,435
1671,364,437,365,435
1672,409,436,366,389
1673,436,366,338,408
1674,366,439,339,408
1675,408,410,339,390
1676,410,323,390,391
1677,390,463,391,364
1678,391,437,367,364
1679,437,367,365,438
1680,367,440,368,438
1681,409,464,392,366
1682,392,439,369,366
1683,439,369,339,410
1684,369,442,341,410
1685,410,411,341,391
1686,411,324,391,393
1687,391,465,393,367
1688,393,440,370,367
1689,440,370,368,441
1690,370,443,371,441
1691,392,466,394,369
1692,394,442,372,369
1693,442,372,341,411
1694,372,445,342,411
1695,411,412,342,393
1696,412,326,393,395
1697,393,467,395,370
1698,395,443,373,370
1699,443,373,371,444
1700,373,446,374,444
1701,394,468,396,372
1702,396,445,375,372
1703,445,375,342,412
1704,375,448,343,412
1705,412,413,343,395
1706,413,328,395,397
1707,395,469,397,373
1708,397,446,376,373
1709,446,376,374,447
1710,376,449,377,447
1711,396,470,398,375
1712,398,448,378,375
1713,448,378,343,413
1714,378,451,344,413
1715,413,414,344,397
1716,414,330,397,399
1717,397,471,399,376
1718,399,449,379,376
1719,449,379,377,450
1720,379,452,380,450
1721,398,472,401,378
1722,401,451,383,378
1723,451,383,344,414
1724,383,456,353,414
1725,414,423,353,399
1726,423,334,399,403
1727,399,473,403,379
1728,403,452,385,379
1729,452,385,380,453
1730,385,458,404,453
1731,416,415,347,417
1732,381,454,416,348
1733,416,418,417,348
1734,418,417,349,419
1735,400,454,381,382
1736,454,348,382,418
1737,382,455,418,350
1738,418,420,419,350
1739,420,419,351,421
1740,422,400,333,402
1741,400,474,382,402
1742,402,455,382,384
1743,455,350,384,420
1744,384,457,420,354
1745,420,424,421,354
1746,424,421,355,425
1747,401,475,422,383
1748,422,456,402,383
1749,456,402,353,423
1750,402,476,384,423
1751,423,457,384,403
1752,457,354,403,424
1753,403,477,424,385
1754,424,458,425,385
1755,458,425,404,478
1756,427,356,426,428
1757,406,459,357,427
1758,427,429,357,428
1759,429,358,428,430
1760,431,459,387,406
1761,459,387,357,429
1762,387,460,359,429
1763,429,432,359,430
1764,432,360,430,433
1765,461,361,431,407
1766,431,479,407,387
1767,407,460,388,387
1768,460,388,359,432
1769,388,462,362,432
1770,432,434,362,433
1771,434,363,433,435
1772,461,436,389,407
1773,436,338,407,408
1774,407,480,408,388
1775,408,462,390,388
1776,462,390,362,434
1777,390,463,364,434
1778,434,437,364,435
1779,437,365,435,438
1780,481,409,389,436
1781,409,464,366,436
1782,436,439,366,408
1783,439,339,408,410
1784,408,482,410,390
1785,410,463,391,390
1786,463,391,364,437
1787,391,465,367,437
1788,437,440,367,438
1789,440,368,438,441
1790,464,392,366,439
1791,392,466,369,439
1792,439,442,369,410
1793,442,341,410,411
1794,410,483,411,391
1795,411,465,393,391
1796,465,393,367,440
1797,393,467,370,440
1798,440,443,370,441
1799,443,371,441,444
1800,466,394,369,442
1801,394,468,372,442
1802,442,445,372,411
1803,445,342,411,412
1804,411,484,412,393
1805,412,467,395,393
1806,467,395,370,443
1807,395,469,373,443
1808,443,446,373,444
1809,446,374,444,447
1810,468,396,372,445
1811,396,470,375,445
1812,445,448,375,412
1813,448,343,412,413
1814,412,485,413,395
1815,413,469,397,395
1816,469,397,373,446
1817,397,471,376,446
1818,446,449,376,447
1819,449,377,447,450
1820,470,398,375,448
1821,398,472,378,448
1822,448,451,378,413
1823,451,344,413,414
1824,413,486,414,397
1825,414,471,399,397
1826,471,399,376,449
1827,399,473,379,449
1828,449,452,379,450
1829,452,380,450,453
1830,472,401,378,451
1831,401,475,383,451
1832,451,456,383,414
1833,456,353,414,423
1834,414,487,423,399
1835,423,473,403,399
1836,473,403,379,452
1837,403,477,385,452
1838,452,458,385,453
1839,458,404,453,478
1840,416,488,415,417
1841,454,416,348,418
1842,416,489,417,418
1843,418,490,417,419
1844,400,474,454,382
1845,454,455,418,382
1846,455,418,350,420
1847,418,491,419,420
1848,420,492,419,421
1849,422,474,400,402
1850,474,382,402,455
1851,402,476,455,384
1852,455,457,420,384
1853,457,420,354,424
1854,420,493,421,424
1855,424,494,421,425
1856,475,422,383,456
1857,422,495,402,456
1858,456,476,402,423
1859,476,384,423,457
1860,423,496,457,403
1861,457,477,424,403
1862,477,424,385,458
1863,424,497,425,458
1864,458,498,425,478
1865,427,499,428,426
1866,459,357,427,429
1867,427,500,429,428
1868,429,501,430,428
1869,431,479,387,459
1870,459,460,387,429
1871,460,359,429,432
1872,429,502,432,430
1873,432,503,433,430
1874,461,479,407,431
1875,479,407,387,460
1876,407,480,388,460
1877,460,462,388,432
1878,462,362,432,434
1879,432,504,434,433
1880,434,505,435,433
1881,481,389,461,436
1882,461,506,436,407
1883,436,480,408,407
1884,480,408,388,462
1885,408,482,390,462
1886,462,463,390,434
1887,463,364,434,437
1888,434,507,437,435
1889,437,508,438,435
1890,481,464,409,436
1891,464,366,436,439
1892,436,509,439,408
1893,439,482,410,408
1894,482,410,390,463
1895,410,483,391,463
1896,463,465,391,437
1897,465,367,437,440
1898,437,510,440,438
1899,440,511,441,438
1900,464,466,392,439
1901,466,369,439,442
1902,439,512,442,410
1903,442,483,411,410
1904,483,411,391,465
1905,411,484,393,465
1906,465,467,393,440
1907,467,370,440,443
1908,440,513,443,441
1909,443,514,444,441
1910,466,468,394,442
1911,468,372,442,445
1912,442,515,445,411
1913,445,484,412,411
1914,484,412,393,467
1915,412,485,395,467
1916,467,469,395,443
1917,469,373,443,446
1918,443,516,446,444
1919,446,517,447,444
1920,468,470,396,445
1921,470,375,445,448
1922,445,518,448,412
1923,448,485,413,412
1924,485,413,395,469
1925,413,486,397,469
1926,469,471,397,446
1927,471,376,446,449
1928,446,519,449,447
1929,449,520,450,447
1930,470,472,398,448
1931,472,378,448,451
1932,448,521,451,413
1933,451,486,414,413
1934,486,414,397,471
1935,414,487,399,471
1936,471,473,399,449
1937,473,379,449,452
1938,449,522,452,450
1939,452,523,453,450
1940,472,475,401,451
1941,475,383,451,456
1942,451,524,456,414
1943,456,487,423,414
1944,487,423,399,473
1945,423,496,403,473
1946,473,477,403,452
1947,477,385,452,458
1948,452,525,458,453
1949,458,526,478,453
1950,416,489,488,417
1951,454,489,416,418
1952,489,417,418,490
1953,418,491,490,419
1954,474,454,382,455
1955,454,527,418,455
1956,455,491,418,420
1957,491,419,420,492
1958,420,493,492,421
1959,422,495,474,402
1960,474,476,455,402
1961,476,455,384,457
1962,455,528,420,457
1963,457,493,420,424
1964,493,421,424,494
1965,424,497,494,425
1966,475,495,422,456
1967,495,402,456,476
1968,456,529,476,423
1969,476,496,457,423
1970,496,457,403,477
1971,457,530,424,477
1972,477,497,424,458
1973,497,425,458,498
1974,458,531,498,478
1975,427,500,428,499
1976,459,500,429,427
1977,500,429,428,501
1978,429,502,430,501
1979,479,387,459,460
1980,459,532,460,429
1981,460,502,432,429
1982,502,432,430,503
1983,432,504,433,503
1984,461,506,407,479
1985,479,480,407,460
1986,480,388,460,462
1987,460,533,462,432
1988,462,504,434,432
1989,504,434,433,505
1990,434,507,435,505
1991,481,506,436,461
1992,506,436,407,480
1993,436,509,408,480
1994,480,482,408,462
1995,482,390,462,463
1996,462,534,463,434
1997,463,507,437,434
1998,507,437,435,508
1999,437,510,438,508
2000,481,535,464,436
2001,464,509,439,436
2002,509,439,408,482
2003,439,512,410,482
2004,482,483,410,463
2005,483,391,463,465
2006,463,536,465,437
2007,465,510,440,437
2008,510,440,438,511
2009,440,513,441,511
2010,464,537,466,439
2011,466,512,442,439
2012,512,442,410,483
2013,442,515,411,483
2014,483,484,411,465
2015,484,393,465,467
2016,465,538,467,440
2017,467,513,443,440
2018,513,443,441,514
2019,443,516,444,514
2020,466,539,468,442
2021,468,515,445,442
2022,515,445,411,484
2023,445,518,412,484
2024,484,485,412,467
2025,485,395,467,469
2026,467,540,469,443
2027,469,516,446,443
2028,516,446,444,517
2029,446,519,447,517
2030,468,541,470,445
2031,470,518,448,445
2032,518,448,412,485
2033,448,521,413,485
2034,485,486,413,469
2035,486,397,469,471
2036,469,542,471,446
2037,471,519,449,446
2038,519,449,447,520
2039,449,522,450,520
2040,470,543,472,448
2041,472,521,451,448
2042,521,451,413,486
2043,451,524,414,486
2044,486,487,414,471
2045,487,399,471,473
2046,471,544,473,449
2047,473,522,452,449
2048,522,452,450,523
2049,452,525,453,523
2050,472,545,475,451
2051,475,524,456,451
2052,524,456,414,487
2053,456,529,423,487
2054,487,496,423,473
2055,496,403,473,477
2056,473,546,477,452
2057,477,525,458,452
2058,525,458,453,526
2059,458,531,478,526
2060,489,488,417,490
2061,454,527,489,418
2062,489,491,490,418
2063,491,490,419,492
2064,474,527,454,455
2065,527,418,455,491
2066,455,528,491,420
2067,491,493,492,420
2068,493,492,421,494
2069,495,474,402,476
2070,474,547,455,476
2071,476,528,455,457
2072,528,420,457,493
2073,457,530,493,424
2074,493,497,494,424
2075,497,494,425,498
2076,475,548,495,456
2077,495,529,476,456
2078,529,476,423,496
2079,476,549,457,496
2080,496,530,457,477
2081,530,424,477,497
2082,477,550,497,458
2083,497,531,498,458
2084,531,498,478,551
2085,500,428,499,501
2086,459,532,429,500
2087,500,502,429,501
2088,502,430,501,503
2089,479,532,460,459
2090,532,460,429,502
2091,460,533,432,502
2092,502,504,432,503
2093,504,433,503,505
2094,506,407,479,480
2095,479,552,480,460
2096,480,533,462,460
2097,533,462,432,504
2098,462,534,434,504
2099,504,507,434,505
2100,507,435,505,508
2101,481,535,436,506
2102,506,509,436,480
2103,509,408,480,482
2104,480,553,482,462
2105,482,534,463,462
2106,534,463,434,507
2107,463,536,437,507
2108,507,510,437,508
2109,510,438,508,511
2110,535,464,436,509
2111,464,537,439,509
2112,509,512,439,482
2113,512,410,482,483
2114,482,554,483,463
2115,483,536,465,463
2116,536,465,437,510
2117,465,538,440,510
2118,510,513,440,511
2119,513,441,511,514
2120,537,466,439,512
2121,466,539,442,512
2122,512,515,442,483
2123,515,411,483,484
2124,483,555,484,465
2125,484,538,467,465
2126,538,467,440,513
2127,467,540,443,513
2128,513,516,443,514
2129,516,444,514,517
2130,539,468,442,515
2131,468,541,445,515
2132,515,518,445,484
2133,518,412,484,485
2134,484,556,485,467
2135,485,540,469,467
2136,540,469,443,516
2137,469,542,446,516
2138,516,519,446,517
2139,519,447,517,520
2140,541,470,445,518
2141,470,543,448,518
2142,518,521,448,485
2143,521,413,485,486
2144,485,557,486,469
2145,486,542,471,469
2146,542,471,446,519
2147,471,544,449,519
2148,519,522,449,520
2149,522,450,520,523
2150,543,472,448,521
2151,472,545,451,521
2152,521,524,451,486
2153,524,414,486,487
2154,486,558,487,471
2155,487,544,473,471
2156,544,473,449,522
2157,473,546,452,522
2158,522,525,452,523
2159,525,453,523,526
2160,545,475,451,524
2161,475,548,456,524
2162,524,529,456,487
2163,529,423,487,496
2164,487,559,496,473
2165,496,546,477,473
2166,546,477,452,525
2167,477,550,458,525
2168,525,531,458,526
2169,531,478,526,551
2170,489,560,488,490
2171,527,489,418,491
2172,489,561,490,491
2173,491,562,490,492
2174,474,547,527,455
2175,527,528,491,455
2176,528,491,420,493
2177,491,563,492,493
2178,493,564,492,494
2179,495,547,474,476
2180,547,455,476,528
2181,476,549,528,457
2182,528,530,493,457
2183,530,493,424,497
2184,493,565,494,497
2185,497,566,494,498
2186,548,495,456,529
2187,495,567,476,529
2188,529,549,476,496
2189,549,457,496,530
2190,496,568,530,477
2191,530,550,497,477
2192,550,497,458,531
2193,497,569,498,531
2194,531,570,498,551
2195,500,571,501,499
2196,532,429,500,502
2197,500,572,502,501
2198,502,573,503,501
2199,479,552,460,532
2200,532,533,460,502
2201,533,432,502,504
2202,502,574,504,503
2203,504,575,505,503
2204,506,552,480,479
2205,552,480,460,533
2206,480,553,462,533
2207,533,534,462,504
2208,534,434,504,507
2209,504,576,507,505
2210,507,577,508,505
2211,535,436,506,509
2212,506,578,509,480
2213,509,553,482,480
2214,553,482,462,534
2215,482,554,463,534
2216,534,536,463,507
2217,536,437,507,510
2218,507,579,510,508
2219,510,580,511,508
2220,535,537,464,509
2221,537,439,509,512
2222,509,581,512,482
2223,512,554,483,482
2224,554,483,463,536
2225,483,555,465,536
2226,536,538,465,510
2227,538,440,510,513
2228,510,582,513,511
2229,513,583,514,511
2230,537,539,466,512
2231,539,442,512,515
2232,512,584,515,483
2233,515,555,484,483
2234,555,484,465,538
2235,484,556,467,538
2236,538,540,467,513
2237,540,443,513,516
2238,513,585,516,514
2239,516,586,517,514
2240,539,541,468,515
2241,541,445,515,518
2242,515,587,518,484
2243,518,556,485,484
2244,556,485,467,540
2245,485,557,469,540
2246,540,542,469,516
2247,542,446,516,519
2248,516,588,519,517
2249,519,589,520,517
2250,541,543,470,518
2251,543,448,518,521
2252,518,590,521,485
2253,521,557,486,485
2254,557,486,469,542
2255,486,558,471,542
2256,542,544,471,519
2257,544,449,519,522
2258,519,591,522,520
2259,522,592,523,520
2260,543,545,472,521
2261,545,451,521,524
2262,521,593,524,486
2263,524,558,487,486
2264,558,487,471,544
2265,487,559,473,544
2266,544,546,473,522
2267,546,452,522,525
2268,522,594,525,523
2269,525,595,526,523
2270,545,548,475,524
2271,548,456,524,529
2272,524,596,529,487
2273,529,559,496,487
2274,559,496,473,546
2275,496,568,477,546
2276,546,550,477,525
2277,550,458,525,531
2278,525,597,531,526
2279,531,598,551,526
2280,489,561,560,490
2281,527,561,489,491
2282,561,490,491,562
2283,491,563,562,492
2284,547,527,455,528
2285,527,599,491,528
2286,528,563,491,493
2287,563,492,493,564
2288,493,565,564,494
2289,495,567,547,476
2290,547,549,528,476
2291,549,528,457,530
2292,528,600,493,530
2293,530,565,493,497
2294,565,494,497,566
2295,497,569,566,498
2296,548,567,495,529
2297,567,476,529,549
2298,529,601,549,496
2299,549,568,530,496
2300,568,530,477,550
2301,530,602,497,550
2302,550,569,497,531
2303,569,498,531,570
2304,531,603,570,551
2305,500,572,501,571
2306,532,572,502,500
2307,572,502,501,573
2308,502,574,503,573
2309,552,460,532,533
2310,532,604,533,502
2311,533,574,504,502
2312,574,504,503,575
2313,504,576,505,575
2314,506,578,480,552
2315,552,553,480,533
2316,553,462,533,534
2317,533,605,534,504
2318,534,576,507,504
2319,576,507,505,577
2320,507,579,508,577
2321,535,578,509,506
2322,578,509,480,553
2323,509,581,482,553
2324,553,554,482,534
2325,554,463,534,536
2326,534,606,536,507
2327,536,579,510,507
2328,579,510,508,580
2329,510,582,511,580
2330,535,607,537,509
2331,537,581,512,509
2332,581,512,482,554
2333,512,584,483,554
2334,554,555,483,536
2335,555,465,536,538
2336,536,608,538,510
2337,538,582,513,510
2338,582,513,511,583
2339,513,585,514,583
2340,537,609,539,512
2341,539,584,515,512
2342,584,515,483,555
2343,515,587,484,555
2344,555,556,484,538
2345,556,467,538,540
2346,538,610,540,513
2347,540,585,516,513
2348,585,516,514,586
2349,516,588,517,586
2350,539,611,541,515
2351,541,587,518,515
2352,587,518,484,556
2353,518,590,485,556
2354,556,557,485,540
2355,557,469,540,542
2356,540,612,542,516
2357,542,588,519,516
2358,588,519,517,589
2359,519,591,520,589
2360,541,613,543,518
2361,543,590,521,518
2362,590,521,485,557
2363,521,593,486,557
2364,557,558,486,542
2365,558,471,542,544
2366,542,614,544,519
2367,544,591,522,519
2368,591,522,520,592
2369,522,594,523,592
2370,543,615,545,521
2371,545,593,524,521
2372,593,524,486,558
2373,524,596,487,558
2374,558,559,487,544
2375,559,473,544,546
2376,544,616,546,522
2377,546,594,525,522
2378,594,525,523,595
2379,525,597,526,595
2380,545,617,548,524
2381,548,596,529,524
2382,596,529,487,559
2383,529,601,496,559
2384,559,568,496,546
2385,568,477,546,550
2386,546,618,550,525
2387,550,597,531,525
2388,597,531,526,598
2389,531,603,551,598
2390,561,560,490,562
2391,527,599,561,491
2392,561,563,562,491
2393,563,562,492,564
2394,547,599,527,528
2395,599,491,528,563
2396,528,600,563,493
2397,563,565,564,493
2398,565,564,494,566
2399,567,547,476,549
2400,547,619,528,549
2401,549,600,528,530
2402,600,493,530,565
2403,530,602,565,497
2404,565,569,566,497
2405,569,566,498,570
2406,548,620,567,529
2407,567,601,549,529
2408,601,549,496,568
2409,549,621,530,568
2410,568,602,530,550
2411,602,497,550,569
2412,550,622,569,531
2413,569,603,570,531
2414,603,570,551,623
2415,572,501,571,573
2416,532,604,502,572
2417,572,574,502,573
2418,574,503,573,575
2419,552,604,533,532
2420,604,533,502,574
2421,533,605,504,574
2422,574,576,504,575
2423,576,505,575,577
2424,578,480,552,553
2425,552,624,553,533
2426,553,605,534,533
2427,605,534,504,576
2428,534,606,507,576
2429,576,579,507,577
2430,579,508,577,580
2431,535,607,509,578
2432,578,581,509,553
2433,581,482,553,554
2434,553,625,554,534
2435,554,606,536,534
2436,606,536,507,579
2437,536,608,510,579
2438,579,582,510,580
2439,582,511,580,583
2440,607,537,509,581
2441,537,609,512,581
2442,581,584,512,554
2443,584,483,554,555
2444,554,626,555,536
2445,555,608,538,536
2446,608,538,510,582
2447,538,610,513,582
2448,582,585,513,583
2449,585,514,583,586
2450,609,539,512,584
2451,539,611,515,584
2452,584,587,515,555
2453,587,484,555,556
2454,555,627,556,538
2455,556,610,540,538
2456,610,540,513,585
2457,540,612,516,585
2458,585,588,516,586
2459,588,517,586,589
2460,611,541,515,587
2461,541,613,518,587
2462,587,590,518,556
2463,590,485,556,557
2464,556,628,557,540
2465,557,612,542,540
2466,612,542,516,588
2467,542,614,519,588
2468,588,591,519,589
2469,591,520,589,592
2470,613,543,518,590
2471,543,615,521,590
2472,590,593,521,557
2473,593,486,557,558
2474,557,629,558,542
2475,558,614,544,542
2476,614,544,519,591
2477,544,616,522,591
2478,591,594,522,592
2479,594,523,592,595
2480,615,545,521,593
2481,545,617,524,593
2482,593,596,524,558
2483,596,487,558,559
2484,558,630,559,544
2485,559,616,546,544
2486,616,546,522,594
2487,546,618,525,594
2488,594,597,525,595
2489,597,526,595,598
2490,617,548,524,596
2491,548,620,529,596
2492,596,601,529,559
2493,601,496,559,568
2494,559,631,568,546
2495,568,618,550,546
2496,618,550,525,597
2497,550,622,531,597
2498,597,603,531,598
2499,603,551,598,623
2500,561,632,560,562
2501,599,561,491,563
2502,561,633,562,563
2503,563,634,562,564
2504,547,619,599,528
2505,599,600,563,528
2506,600,563,493,565
2507,563,635,564,565
2508,565,636,564,566
2509,567,619,547,549
2510,619,528,549,600
2511,549,621,600,530
2512,600,602,565,530
2513,602,565,497,569
2514,565,637,566,569
2515,569,638,566,570
2516,620,567,529,601
2517,567,639,549,601
2518,601,621,549,568
2519,621,530,568,602
2520,568,640,602,550
2521,602,622,569,550
2522,622,569,531,603
2523,569,641,570,603
2524,603,642,570,623
2525,572,643,573,571
2526,604,502,572,574
2527,572,644,574,573
2528,574,645,575,573
2529,552,624,533,604
2530,604,605,533,574
2531,605,504,574,576
2532,574,646,576,575
2533,576,647,577,575
2534,578,624,553,552
2535,624,553,533,605
2536,553,625,534,605
2537,605,606,534,576
2538,606,507,576,579
2539,576,648,579,577
2540,579,649,580,577
2541,607,509,578,581
2542,578,650,581,553
2543,581,625,554,553
2544,625,554,534,606
2545,554,626,536,606
2546,606,608,536,579
2547,608,510,579,582
2548,579,651,582,580
2549,582,652,583,580
2550,607,609,537,581
2551,609,512,581,584
2552,581,653,584,554
2553,584,626,555,554
2554,626,555,536,608
2555,555,627,538,608
2556,608,610,538,582
2557,610,513,582,585
2558,582,654,585,583
2559,585,655,586,583
2560,609,611,539,584
2561,611,515,584,587
2562,584,656,587,555
2563,587,627,556,555
2564,627,556,538,610
2565,556,628,540,610
2566,610,612,540,585
2567,612,516,585,588
2568,585,657,588,586
2569,588,658,589,586
2570,611,613,541,587
2571,613,518,587,590
2572,587,659,590,556
2573,590,628,557,556
2574,628,557,540,612
2575,557,629,542,612
2576,612,614,542,588
2577,614,519,588,591
2578,588,660,591,589
2579,591,661,592,589
2580,613,615,543,590
2581,615,521,590,593
2582,590,662,593,557
2583,593,629,558,557
2584,629,558,542,614
2585,558,630,544,614
2586,614,616,544,591
2587,616,522,591,594
2588,591,663,594,592
2589,594,664,595,592
2590,615,617,545,593
2591,617,524,593,596
2592,593,665,596,558
2593,596,630,559,558
2594,630,559,544,616
2595,559,631,546,616
2596,616,618,546,594
2597,618,525,594,597
2598,594,666,597,595
2599,597,667,598,595
2600,617,620,548,596
2601,620,529,596,601
2602,596,668,601,559
2603,601,631,568,559
2604,631,568,546,618
2605,568,640,550,618
2606,618,622,550,597
2607,622,531,597,603
2608,597,669,603,598
2609,603,670,623,598
2610,561,633,632,562
2611,599,633,561,563
2612,633,562,563,634
2613,563,635,634,564
2614,619,599,528,600
2615,599,671,563,600
2616,600,635,563,565
2617,635,564,565,636
2618,565,637,636,566
2619,567,639,619,549
2620,619,621,600,549
2621,621,600,530,602
2622,600,672,565,602
2623,602,637,565,569
2624,637,566,569,638
2625,569,641,638,570
2626,620,639,567,601
2627,639,549,601,621
2628,601,673,621,568
2629,621,640,602,568
2630,640,602,550,622
2631,602,674,569,622
2632,622,641,569,603
2633,641,570,603,642
2634,603,675,642,623
2635,572,644,573,643
2636,604,644,574,572
2637,644,574,573,645
2638,574,646,575,645
2639,624,533,604,605
2640,604,676,605,574
2641,605,646,576,574
2642,646,576,575,647
2643,576,648,577,647
2644,578,650,553,624
2645,624,625,553,605
2646,625,534,605,606
2647,605,677,606,576
2648,606,648,579,576
2649,648,579,577,649
2650,579,651,580,649
2651,607,650,581,578
2652,650,581,553,625
2653,581,653,554,625
2654,625,626,554,606
2655,626,536,606,608
2656,606,678,608,579
2657,608,651,582,579
2658,651,582,580,652
2659,582,654,583,652
2660,607,679,609,581
2661,609,653,584,581
2662,653,584,554,626
2663,584,656,555,626
2664,626,627,555,608
2665,627,538,608,610
2666,608,680,610,582
2667,610,654,585,582
2668,654,585,583,655
2669,585,657,586,655
2670,609,681,611,584
2671,611,656,587,584
2672,656,587,555,627
2673,587,659,556,627
2674,627,628,556,610
2675,628,540,610,612
2676,610,682,612,585
2677,612,657,588,585
2678,657,588,586,658
2679,588,660,589,658
2680,611,683,613,587
2681,613,659,590,587
2682,659,590,556,628
2683,590,662,557,628
2684,628,629,557,612
2685,629,542,612,614
2686,612,684,614,588
2687,614,660,591,588
2688,660,591,589,661
2689,591,663,592,661
2690,613,685,615,590
2691,615,662,593,590
2692,662,593,557,629
2693,593,665,558,629
2694,629,630,558,614
2695,630,544,614,616
2696,614,686,616,591
2697,616,663,594,591
2698,663,594,592,664
2699,594,666,595,664
2700,615,687,617,593
2701,617,665,596,593
2702,665,596,558,630
2703,596,668,559,630
2704,630,631,559,616
2705,631,546,616,618
2706,616,688,618,594
2707,618,666,597,594
2708,666,597,595,667
2709,597,669,598,667
2710,617,689,620,596
2711,620,668,601,596
2712,668,601,559,631
2713,601,673,568,631
2714,631,640,568,618
2715,640,550,618,622
2716,618,690,622,597
2717,622,669,603,597
2718,669,603,598,670
2719,603,675,623,670
2720,633,632,562,634
2721,599,671,633,563
2722,633,635,634,563
2723,635,634,564,636
2724,619,671,599,600
2725,671,563,600,635
2726,600,672,635,565
2727,635,637,636,565
2728,637,636,566,638
2729,639,619,549,621
2730,619,691,600,621
2731,621,672,600,602
2732,672,565,602,637
2733,602,674,637,569
2734,637,641,638,569
2735,641,638,570,642
2736,620,692,639,601
2737,639,673,621,601
2738,673,621,568,640
2739,621,693,602,640
2740,640,674,602,622
2741,674,569,622,641
2742,622,694,641,603
2743,641,675,642,603
2744,675,642,623,695
2745,644,573,643,645
2746,604,676,574,644
2747,644,646,574,645
2748,646,575,645,647
2749,624,676,605,604
2750,676,605,574,646
2751,605,677,576,646
2752,646,648,576,647
2753,648,577,647,649
2754,650,553,624,625
2755,624,696,625,605
2756,625,677,606,605
2757,677,606,576,648
2758,606,678,579,648
2759,648,651,579,649
2760,651,580,649,652
2761,607,679,581,650
2762,650,653,581,625
2763,653,554,625,626
2764,625,697,626,606
2765,626,678,608,606
2766,678,608,579,651
2767,608,680,582,651
2768,651,654,582,652
2769,654,583,652,655
2770,679,609,581,653
2771,609,681,584,653
2772,653,656,584,626
2773,656,555,626,627
2774,626,698,627,608
2775,627,680,610,608
2776,680,610,582,654
2777,610,682,585,654
2778,654,657,585,655
2779,657,586,655,658
2780,681,611,584,656
2781,611,683,587,656
2782,656,659,587,627
2783,659,556,627,628
2784,627,699,628,610
2785,628,682,612,610
2786,682,612,585,657
2787,612,684,588,657
2788,657,660,588,658
2789,660,589,658,661
2790,683,613,587,659
2791,613,685,590,659
2792,659,662,590,628
2793,662,557,628,629
2794,628,700,629,612
2795,629,684,614,612
2796,684,614,588,660
2797,614,686,591,660
2798,660,663,591,661
2799,663,592,661,664
2800,685,615,590,662
2801,615,687,593,662
2802,662,665,593,629
2803,665,558,629,630
2804,629,701,630,614
2805,630,686,616,614
2806,686,616,591,663
2807,616,688,594,663
2808,663,666,594,664
2809,666,595,664,667
2810,687,617,593,665
2811,617,689,596,665
2812,665,668,596,630
2813,668,559,630,631
2814,630,702,631,616
2815,631,688,618,616
2816,688,618,594,666
2817,618,690,597,666
2818,666,669,597,667
2819,669,598,667,670
2820,689,620,596,668
2821,620,692,601,668
2822,668,673,601,631
2823,673,568,631,640
2824,631,703,640,618
2825,640,690,622,618
2826,690,622,597,669
2827,622,694,603,669
2828,669,675,603,670
2829,675,623,670,695
2830,633,704,632,634
2831,671,633,563,635
2832,633,705,634,635
2833,635,706,634,636
2834,619,691,671,600
2835,671,672,635,600
2836,672,635,565,637
2837,635,707,636,637
2838,637,708,636,638
2839,639,691,619,621
2840,691,600,621,672
2841,621,693,672,602
2842,672,674,637,602
2843,674,637,569,641
2844,637,709,638,641
2845,641,710,638,642
2846,692,639,601,673
2847,639,711,621,673
2848,673,693,621,640
2849,693,602,640,674
2850,640,712,674,622
2851,674,694,641,622
2852,694,641,603,675
2853,641,713,642,675
2854,675,714,642,695
2855,644,715,645,643
2856,676,574,644,646
2857,644,716,646,645
2858,646,717,647,645
2859,624,696,605,676
2860,676,677,605,646
2861,677,576,646,648
2862,646,718,648,647
2863,648,719,649,647
2864,650,696,625,624
2865,696,625,605,677
2866,625,697,606,677
2867,677,678,606,648
2868,678,579,648,651
2869,648,720,651,649
2870,651,721,652,649
2871,679,581,650,653
2872,650,722,653,625
2873,653,697,626,625
2874,697,626,606,678
2875,626,698,608,678
2876,678,680,608,651
2877,680,582,651,654
2878,651,723,654,652
2879,654,724,655,652
2880,679,681,609,653
2881,681,584,653,656
2882,653,725,656,626
2883,656,698,627,626
2884,698,627,608,680
2885,627,699,610,680
2886,680,682,610,654
2887,682,585,654,657
2888,654,726,657,655
2889,657,727,658,655
2890,681,683,611,656
2891,683,587,656,659
2892,656,728,659,627
2893,659,699,628,627
2894,699,628,610,682
2895,628,700,612,682
2896,682,684,612,657
2897,684,588,657,660
2898,657,729,660,658
2899,660,730,661,658
2900,683,685,613,659
2901,685,590,659,662
2902,659,731,662,628
2903,662,700,629,628
2904,700,629,612,684
2905,629,701,614,684
2906,684,686,614,660
2907,686,591,660,663
2908,660,732,663,661
2909,663,733,664,661
2910,685,687,615,662
2911,687,593,662,665
2912,662,734,665,629
2913,665,701,630,629
2914,701,630,614,686
2915,630,702,616,686
2916,686,688,616,663
2917,688,594,663,666
2918,663,735,666,664
2919,666,736,667,664
2920,687,689,617,665
2921,689,596,665,668
2922,665,737,668,630
2923,668,702,631,630
2924,702,631,616,688
2925,631,703,618,688
2926,688,690,618,666
2927,690,597,666,669
2928,666,738,669,667
2929,669,739,670,667
2930,689,692,620,668
2931,692,601,668,673
2932,668,740,673,631
2933,673,703,640,631
2934,703,640,618,690
2935,640,712,622,690
2936,690,694,622,669
2937,694,603,669,675
2938,669,741,675,670
2939,675,742,695,670
2940,633,705,704,634
2941,671,705,633,635
2942,705,634,635,706
2943,635,707,706,636
2944,691,671,600,672
2945,671,743,635,672
2946,672,707,635,637
2947,707,636,637,708
2948,637,709,708,638
2949,639,711,691,621
2950,691,693,672,621
2951,693,672,602,674
2952,672,744,637,674
2953,674,709,637,641
2954,709,638,641,710
2955,641,713,710,642
2956,692,711,639,673
2957,711,621,673,693
2958,673,745,693,640
2959,693,712,674,640
2960,712,674,622,694
2961,674,746,641,694
2962,694,713,641,675
2963,713,642,675,714
2964,675,747,714,695
2965,644,716,645,715
2966,676,716,646,644
2967,716,646,645,717
2968,646,718,647,717
2969,696,605,676,677
2970,676,748,677,646
2971,677,718,648,646
2972,718,648,647,719
2973,648,720,649,719
2974,650,722,625,696
2975,696,697,625,677
2976,697,606,677,678
2977,677,749,678,648
2978,678,720,651,648
2979,720,651,649,721
2980,651,723,652,721
2981,679,722,653,650
2982,722,653,625,697
2983,653,725,626,697
2984,697,698,626,678
2985,698,608,678,680
2986,678,750,680,651
2987,680,723,654,651
2988,723,654,652,724
2989,654,726,655,724
2990,679,751,681,653
2991,681,725,656,653
2992,725,656,626,698
2993,656,728,627,698
2994,698,699,627,680
2995,699,610,680,682
2996,680,752,682,654
2997,682,726,657,654
2998,726,657,655,727
2999,657,729,658,727
3000,681,753,683,656
3001,683,728,659,656
3002,728,659,627,699
3003,659,731,628,699
3004,699,700,628,682
3005,700,612,682,684
3006,682,754,684,657
3007,684,729,660,657
3008,729,660,658,730
3009,660,732,661,730
3010,683,755,685,659
3011,685,731,662,659
3012,731,662,628,700
3013,662,734,629,700
3014,700,701,629,684
3015,701,614,684,686
3016,684,756,686,660
3017,686,732,663,660
3018,732,663,661,733
3019,663,735,664,733
3020,685,757,687,662
3021,687,734,665,662
3022,734,665,629,701
3023,665,737,630,701
3024,701,702,630,686
3025,702,616,686,688
3026,686,758,688,663
3027,688,735,666,663
3028,735,666,664,736
3029,666,738,667,736
3030,687,759,689,665
3031,689,737,668,665
3032,737,668,630,702
3033,668,740,631,702
3034,702,703,631,688
3035,703,618,688,690
3036,688,760,690,666
3037,690,738,669,666
3038,738,669,667,739
3039,669,741,670,739
3040,689,761,692,668
3041,692,740,673,668
3042,740,673,631,703
3043,673,745,640,703
3044,703,712,640,690
3045,712,622,690,694
3046,690,762,694,669
3047,694,741,675,669
3048,741,675,670,742
3049,675,747,695,742
3050,705,704,634,706
3051,671,743,705,635
3052,705,707,706,635
3053,707,706,636,708
3054,691,743,671,672
3055,743,635,672,707
3056,672,744,707,637
3057,707,709,708,637
3058,709,708,638,710
3059,711,691,621,693
3060,691,763,672,693
3061,693,744,672,674
3062,744,637,674,709
3063,674,746,709,641
3064,709,713,710,641
3065,713,710,642,714
3066,692,764,711,673
3067,711,745,693,673
3068,745,693,640,712
3069,693,765,674,712
3070,712,746,674,694
3071,746,641,694,713
3072,694,766,713,675
3073,713,747,714,675
3074,747,714,695,767
3075,716,645,715,717
3076,676,748,646,716
3077,716,718,646,717
3078,718,647,717,719
3079,696,748,677,676
3080,748,677,646,718
3081,677,749,648,718
3082,718,720,648,719
3083,720,649,719,721
3084,722,625,696,697
3085,696,768,697,677
3086,697,749,678,677
3087,749,678,648,720
3088,678,750,651,720
3089,720,723,651,721
3090,723,652,721,724
3091,679,751,653,722
3092,722,725,653,697
3093,725,626,697,698
3094,697,769,698,678
3095,698,750,680,678
3096,750,680,651,723
3097,680,752,654,723
3098,723,726,654,724
3099,726,655,724,727
3100,751,681,653,725
3101,681,753,656,725
3102,725,728,656,698
3103,728,627,698,699
3104,698,770,699,680
3105,699,752,682,680
3106,752,682,654,726
3107,682,754,657,726
3108,726,729,657,727
3109,729,658,727,730
3110,753,683,656,728
3111,683,755,659,728
3112,728,731,659,699
3113,731,628,699,700
3114,699,771,700,682
3115,700,754,684,682
3116,754,684,657,729
3117,684,756,660,729
3118,729,732,660,730
3119,732,661,730,733
3120,755,685,659,731
3121,685,757,662,731
3122,731,734,662,700
3123,734,629,700,701
3124,700,772,701,684
3125,701,756,686,684
3126,756,686,660,732
3127,686,758,663,732
3128,732,735,663,733
3129,735,664,733,736
3130,757,687,662,734
3131,687,759,665,734
3132,734,737,665,701
3133,737,630,701,702
3134,701,773,702,686
3135,702,758,688,686
3136,758,688,663,735
3137,688,760,666,735
3138,735,738,666,736
3139,738,667,736,739
3140,759,689,665,737
3141,689,761,668,737
3142,737,740,668,702
3143,740,631,702,703
3144,702,774,703,688
3145,703,760,690,688
3146,760,690,666,738
3147,690,762,669,738
3148,738,741,669,739
3149,741,670,739,742
3150,761,692,668,740
3151,692,764,673,740
3152,740,745,673,703
3153,745,640,703,712
3154,703,775,712,690
3155,712,762,694,690
3156,762,694,669,741
3157,694,766,675,741
3158,741,747,675,742
3159,747,695,742,767
3160,705,776,704,706
3161,743,705,635,707
3162,705,777,706,707
3163,707,778,706,708
3164,691,763,743,672
3165,743,744,707,672
3166,744,707,637,709
3167,707,779,708,709
3168,709,780,708,710
3169,711,763,691,693
3170,763,672,693,744
3171,693,765,744,674
3172,744,746,709,674
3173,746,709,641,713
3174,709,781,710,713
3175,713,782,710,714
3176,764,711,673,745
3177,711,783,693,745
3178,745,765,693,712
3179,765,674,712,746
3180,712,784,746,694
3181,746,766,713,694
3182,766,713,675,747
3183,713,785,714,747
3184,747,786,714,767
3185,716,787,717,715
3186,748,646,716,718
3187,716,788,718,717
3188,718,789,719,717
3189,696,768,677,748
3190,748,749,677,718
3191,749,648,718,720
3192,718,790,720,719
3193,720,791,721,719
3194,722,768,697,696
3195,768,697,677,749
3196,697,769,678,749
3197,749,750,678,720
3198,750,651,720,723
3199,720,792,723,721
3200,723,793,724,721
3201,751,653,722,725
3202,722,794,725,697
3203,725,769,698,697
3204,769,698,678,750
3205,698,770,680,750
3206,750,752,680,723
3207,752,654,723,726
3208,723,795,726,724
3209,726,796,727,724
3210,751,753,681,725
3211,753,656,725,728
3212,725,797,728,698
3213,728,770,699,698
3214,770,699,680,752
3215,699,771,682,752
3216,752,754,682,726
3217,754,657,726,729
3218,726,798,729,727
3219,729,799,730,727
3220,753,755,683,728
3221,755,659,728,731
3222,728,800,731,699
3223,731,771,700,699
3224,771,700,682,754
3225,700,772,684,754
3226,754,756,684,729
3227,756,660,729,732
3228,729,801,732,730
3229,732,802,733,730
3230,755,757,685,731
3231,757,662,731,734
3232,731,803,734,700
3233,734,772,701,700
3234,772,701,684,756
3235,701,773,686,756
3236,756,758,686,732
3237,758,663,732,735
3238,732,804,735,733
3239,735,805,736,733
3240,757,759,687,734
3241,759,665,734,737
3242,734,806,737,701
3243,737,773,702,701
3244,773,702,686,758
3245,702,774,688,758
3246,758,760,688,735
3247,760,666,735,738
3248,735,807,738,736
3249,738,808,739,736
3250,759,761,689,737
3251,761,668,737,740
3252,737,809,740,702
3253,740,774,703,702
3254,774,703,688,760
3255,703,775,690,760
3256,760,762,690,738
3257,762,669,738,741
3258,738,810,741,739
3259,741,811,742,739
3260,761,764,692,740
3261,764,673,740,745
3262,740,812,745,703
3263,745,775,712,703
3264,775,712,690,762
3265,712,784,694,762
3266,762,766,694,741
3267,766,675,741,747
3268,741,813,747,742
3269,747,814,767,742
3270,705,777,776,706
3271,743,777,705,707
3272,777,706,707,778
3273,707,779,778,708
3274,763,743,672,744
3275,743,815,707,744
3276,744,779,707,709
3277,779,708,709,780
3278,709,781,780,710
3279,711,783,763,693
3280,763,765,744,693
3281,765,744,674,746
3282,744,816,709,746
3283,746,781,709,713
3284,781,710,713,782
3285,713,785,782,714
3286,764,783,711,745
3287,783,693,745,765
3288,745,817,765,712
3289,765,784,746,712
3290,784,746,694,766
3291,746,818,713,766
3292,766,785,713,747
3293,785,714,747,786
3294,747,819,786,767
3295,716,788,717,787
3296,748,788,718,716
3297,788,718,717,789
3298,718,790,719,789
3299,768,677,748,749
3300,748,820,749,718
3301,749,790,720,718
3302,790,720,719,791
3303,720,792,721,791
3304,722,794,697,768
3305,768,769,697,749
3306,769,678,749,750
3307,749,821,750,720
3308,750,792,723,720
3309,792,723,721,793
3310,723,795,724,793
3311,751,794,725,722
3312,794,725,697,769
3313,725,797,698,769
3314,769,770,698,750
3315,770,680,750,752
3316,750,822,752,723
3317,752,795,726,723
3318,795,726,724,796
3319,726,798,727,796
3320,751,823,753,725
3321,753,797,728,725
3322,797,728,698,770
3323,728,800,699,770
3324,770,771,699,752
3325,771,682,752,754
3326,752,824,754,726
3327,754,798,729,726
3328,798,729,727,799
3329,729,801,730,799
3330,753,825,755,728
3331,755,800,731,728
3332,800,731,699,771
3333,731,803,700,771
3334,771,772,700,754
3335,772,684,754,756
3336,754,826,756,729
3337,756,801,732,729
3338,801,732,730,802
3339,732,804,733,802
3340,755,827,757,731
3341,757,803,734,731
3342,803,734,700,772
3343,734,806,701,772
3344,772,773,701,756
3345,773,686,756,758
3346,756,828,758,732
3347,758,804,735,732
3348,804,735,733,805
3349,735,807,736,805
3350,757,829,759,734
3351,759,806,737,734
3352,806,737,701,773
3353,737,809,702,773
3354,773,774,702,758
3355,774,688,758,760
3356,758,830,760,735
3357,760,807,738,735
3358,807,738,736,808
3359,738,810,739,808
3360,759,831,761,737
3361,761,809,740,737
3362,809,740,702,774
3363,740,812,703,774
3364,774,775,703,760
3365,775,690,760,762
3366,760,832,762,738
3367,762,810,741,738
3368,810,741,739,811
3369,741,813,742,811
3370,761,833,764,740
3371,764,812,745,740
3372,812,745,703,775
3373,745,817,712,775
3374,775,784,712,762
3375,784,694,762,766
3376,762,834,766,741
3377,766,813,747,741
3378,813,747,742,814
3379,747,819,767,814
3380,777,776,706,778
3381,743,815,777,707
3382,777,779,778,707
3383,779,778,708,780
3384,763,815,743,744
3385,815,707,744,779
3386,744,816,779,709
3387,779,781,780,709
3388,781,780,710,782
3389,783,763,693,765
3390,763,835,744,765
3391,765,816,744,746
3392,816,709,746,781
3393,746,818,781,713
3394,781,785,782,713
3395,785,782,714,786
3396,764,836,783,745
3397,783,817,765,745
3398,817,765,712,784
3399,765,837,746,784
3400,784,818,746,766
3401,818,713,766,785
3402,766,838,785,747
3403,785,819,786,747
3404,819,786,767,839
3405,788,717,787,789
3406,748,820,718,788
3407,788,790,718,789
3408,790,719,789,791
3409,768,820,749,748
3410,820,749,718,790
3411,749,821,720,790
3412,790,792,720,791
3413,792,721,791,793
3414,794,697,768,769
3415,768,840,769,749
3416,769,821,750,749
3417,821,750,720,792
3418,750,822,723,792
3419,792,795,723,793
3420,795,724,793,796
3421,751,823,725,794
3422,794,797,725,769
3423,797,698,769,770
3424,769,841,770,750
3425,770,822,752,750
3426,822,752,723,795
3427,752,824,726,795
3428,795,798,726,796
3429,798,727,796,799
3430,823,753,725,797
3431,753,825,728,797
3432,797,800,728,770
3433,800,699,770,771
3434,770,842,771,752
3435,771,824,754,752
3436,824,754,726,798
3437,754,826,729,798
3438,798,801,729,799
3439,801,730,799,802
3440,825,755,728,800
3441,755,827,731,800
3442,800,803,731,771
3443,803,700,771,772
3444,771,843,772,754
3445,772,826,756,754
3446,826,756,729,801
3447,756,828,732,801
3448,801,804,732,802
3449,804,733,802,805
3450,827,757,731,803
3451,757,829,734,803
3452,803,806,734,772
3453,806,701,772,773
3454,772,844,773,756
3455,773,828,758,756
3456,828,758,732,804
3457,758,830,735,804
3458,804,807,735,805
3459,807,736,805,808
3460,829,759,734,806
3461,759,831,737,806
3462,806,809,737,773
3463,809,702,773,774
3464,773,845,774,758
3465,774,830,760,758
3466,830,760,735,807
3467,760,832,738,807
3468,807,810,738,808
3469,810,739,808,811
3470,831,761,737,809
3471,761,833,740,809
3472,809,812,740,774
3473,812,703,774,775
3474,774,846,775,760
3475,775,832,762,760
3476,832,762,738,810
3477,762,834,741,810
3478,810,813,741,811
3479,813,742,811,814
3480,833,764,740,812
3481,764,836,745,812
3482,812,817,745,775
3483,817,712,775,784
3484,775,847,784,762
3485,784,834,766,762
3486,834,766,741,813
3487,766,838,747,813
3488,813,819,747,814
3489,819,767,814,839
3490,777,848,776,778
3491,815,777,707,779
3492,777,849,778,779
3493,779,850,778,780
3494,763,835,815,744
3495,815,816,779,744
3496,816,779,709,781
3497,779,851,780,781
3498,781,852,780,782
3499,783,835,763,765
3500,835,744,765,816
3501,765,837,816,746
3502,816,818,781,746
3503,818,781,713,785
3504,781,853,782,785
3505,785,854,782,786
3506,836,783,745,817
3507,783,855,765,817
3508,817,837,765,784
3509,837,746,784,818
3510,784,856,818,766
3511,818,838,785,766
3512,838,785,747,819
3513,785,857,786,819
3514,819,858,786,839
3515,788,859,789,787
3516,820,718,788,790
3517,788,860,790,789
3518,790,861,791,789
3519,768,840,749,820
3520,820,821,749,790
3521,821,720,790,792
3522,790,862,792,791
3523,792,863,793,791
3524,794,840,769,768
3525,840,769,749,821
3526,769,841,750,821
3527,821,822,750,792
3528,822,723,792,795
3529,792,864,795,793
3530,795,865,796,793
3531,823,725,794,797
3532,794,866,797,769
3533,797,841,770,769
3534,841,770,750,822
3535,770,842,752,822
3536,822,824,752,795
3537,824,726,795,798
3538,795,867,798,796
3539,798,868,799,796
3540,823,825,753,797
3541,825,728,797,800
3542,797,869,800,770
3543,800,842,771,770
3544,842,771,752,824
3545,771,843,754,824
3546,824,826,754,798
3547,826,729,798,801
3548,798,870,801,799
3549,801,871,802,799
3550,825,827,755,800
3551,827,731,800,803
3552,800,872,803,771
3553,803,843,772,771
3554,843,772,754,826
3555,772,844,756,826
3556,826,828,756,801
3557,828,732,801,804
3558,801,873,804,802
3559,804,874,805,802
3560,827,829,757,803
3561,829,734,803,806
3562,803,875,806,772
3563,806,844,773,772
3564,844,773,756,828
3565,773,845,758,828
3566,828,830,758,804
3567,830,735,804,807
3568,804,876,807,805
3569,807,877,808,805
3570,829,831,759,806
3571,831,737,806,809
3572,806,878,809,773
3573,809,845,774,773
3574,845,774,758,830
3575,774,846,760,830
3576,830,832,760,807
3577,832,738,807,810
3578,807,879,810,808
3579,810,880,811,808
3580,831,833,761,809
3581,833,740,809,812
3582,809,881,812,774
3583,812,846,775,774
3584,846,775,760,832
3585,775,847,762,832
3586,832,834,762,810
3587,834,741,810,813
3588,810,882,813,811
3589,813,883,814,811
3590,833,836,764,812
3591,836,745,812,817
3592,812,884,817,775
3593,817,847,784,775
3594,847,784,762,834
3595,784,856,766,834
3596,834,838,766,813
3597,838,747,813,819
3598,813,885,819,814
3599,819,886,839,814
3600,777,849,848,778
3601,815,849,777,779
3602,849,778,779,850
3603,779,851,850,780
3604,835,815,744,816
3605,815,887,779,816
3606,816,851,779,781
3607,851,780,781,852
3608,781,853,852,782
3609,783,855,835,765
3610,835,837,816,765
3611,837,816,746,818
3612,816,888,781,818
3613,818,853,781,785
3614,853,782,785,854
3615,785,857,854,786
3616,836,855,783,817
3617,855,765,817,837
3618,817,889,837,784
3619,837,856,818,784
3620,856,818,766,838
3621,818,890,785,838
3622,838,857,785,819
3623,857,786,819,858
3624,819,891,858,839
3625,788,860,789,859
3626,820,860,790,788
3627,860,790,789,861
3628,790,862,791,861
3629,840,749,820,821
3630,820,892,821,790
3631,821,862,792,790
3632,862,792,791,863
3633,792,864,793,863
3634,794,866,769,840
3635,840,841,769,821
3636,841,750,821,822
3637,821,893,822,792
3638,822,864,795,792
3639,864,795,793,865
3640,795,867,796,865
3641,823,866,797,794
3642,866,797,769,841
3643,797,869,770,841
3644,841,842,770,822
3645,842,752,822,824
3646,822,894,824,795
3647,824,867,798,795
3648,867,798,796,868
3649,798,870,799,868
3650,823,895,825,797
3651,825,869,800,797
3652,869,800,770,842
3653,800,872,771,842
3654,842,843,771,824
3655,843,754,824,826
3656,824,896,826,798
3657,826,870,801,798
3658,870,801,799,871
3659,801,873,802,871
3660,825,897,827,800
3661,827,872,803,800
3662,872,803,771,843
3663,803,875,772,843
3664,843,844,772,826
3665,844,756,826,828
3666,826,898,828,801
3667,828,873,804,801
3668,873,804,802,874
3669,804,876,805,874
3670,827,899,829,803
3671,829,875,806,803
3672,875,806,772,844
3673,806,878,773,844
3674,844,845,773,828
3675,845,758,828,830
3676,828,900,830,804
3677,830,876,807,804
3678,876,807,805,877
3679,807,879,808,877
3680,829,901,831,806
3681,831,878,809,806
3682,878,809,773,845
3683,809,881,774,845
3684,845,846,774,830
3685,846,760,830,832
3686,830,902,832,807
3687,832,879,810,807
3688,879,810,808,880
3689,810,882,811,880
3690,831,903,833,809
3691,833,881,812,809
3692,881,812,774,846
3693,812,884,775,846
3694,846,847,775,832
3695,847,762,832,834
3696,832,904,834,810
3697,834,882,813,810
3698,882,813,811,883
3699,813,885,814,883
3700,833,905,836,812
3701,836,884,817,812
3702,884,817,775,847
3703,817,889,784,847
3704,847,856,784,834
3705,856,766,834,838
3706,834,906,838,813
3707,838,885,819,813
3708,885,819,814,886
3709,819,891,839,886
3710,849,848,778,850
3711,815,887,849,779
3712,849,851,850,779
3713,851,850,780,852
3714,835,887,815,816
3715,887,779,816,851
3716,816,888,851,781
3717,851,853,852,781
3718,853,852,782,854
3719,855,835,765,837
3720,835,907,816,837
3721,837,888,816,818
3722,888,781,818,853
3723,818,890,853,785
3724,853,857,854,785
3725,857,854,786,858
3726,836,908,855,817
3727,855,889,837,817
3728,889,837,784,856
3729,837,909,818,856
3730,856,890,818,838
3731,890,785,838,857
3732,838,910,857,819
3733,857,891,858,819
3734,891,858,839,911
3735,860,789,859,861
3736,820,892,790,860
3737,860,862,790,861
3738,862,791,861,863
3739,840,892,821,820
3740,892,821,790,862
3741,821,893,792,862
3742,862,864,792,863
3743,864,793,863,865
3744,866,769,840,841
3745,840,912,841,821
3746,841,893,822,821
3747,893,822,792,864
3748,822,894,795,864
3749,864,867,795,865
3750,867,796,865,868
3751,823,895,797,866
3752,866,869,797,841
3753,869,770,841,842
3754,841,913,842,822
3755,842,894,824,822
3756,894,824,795,867
3757,824,896,798,867
3758,867,870,798,868
3759,870,799,868,871
3760,895,825,797,869
3761,825,897,800,869
3762,869,872,800,842
3763,872,771,842,843
3764,842,914,843,824
3765,843,896,826,824
3766,896,826,798,870
3767,826,898,801,870
3768,870,873,801,871
3769,873,802,871,874
3770,897,827,800,872
3771,827,899,803,872
3772,872,875,803,843
3773,875,772,843,844
3774,843,915,844,826
3775,844,898,828,826
3776,898,828,801,873
3777,828,900,804,873
3778,873,876,804,874
3779,876,805,874,877
3780,899,829,803,875
3781,829,901,806,875
3782,875,878,806,844
3783,878,773,844,845
3784,844,916,845,828
3785,845,900,830,828
3786,900,830,804,876
3787,830,902,807,876
3788,876,879,807,877
3789,879,808,877,880
3790,901,831,806,878
3791,831,903,809,878
3792,878,881,809,845
3793,881,774,845,846
3794,845,917,846,830
3795,846,902,832,830
3796,902,832,807,879
3797,832,904,810,879
3798,879,882,810,880
3799,882,811,880,883
3800,903,833,809,881
3801,833,905,812,881
3802,881,884,812,846
3803,884,775,846,847
3804,846,918,847,832
3805,847,904,834,832
3806,904,834,810,882
3807,834,906,813,882
3808,882,885,813,883
3809,885,814,883,886
3810,905,836,812,884
3811,836,908,817,884
3812,884,889,817,847
3813,889,784,847,856
3814,847,919,856,834
3815,856,906,838,834
3816,906,838,813,885
3817,838,910,819,885
3818,885,891,819,886
3819,891,839,886,911
3820,849,920,848,850
3821,887,849,779,851
3822,849,921,850,851
3823,851,922,850,852
3824,835,907,887,816
3825,887,888,851,816
3826,888,851,781,853
3827,851,923,852,853
3828,853,924,852,854
3829,855,907,835,837
3830,907,816,837,888
3831,837,909,888,818
3832,888,890,853,818
3833,890,853,785,857
3834,853,925,854,857
3835,857,926,854,858
3836,908,855,817,889
3837,855,927,837,889
3838,889,909,837,856
3839,909,818,856,890
3840,856,928,890,838
3841,890,910,857,838
3842,910,857,819,891
3843,857,929,858,891
3844,891,930,858,911
3845,860,931,861,859
3846,892,790,860,862
3847,860,932,862,861
3848,862,933,863,861
3849,840,912,821,892
3850,892,893,821,862
3851,893,792,862,864
3852,862,934,864,863
3853,864,935,865,863
3854,866,912,841,840
3855,912,841,821,893
3856,841,913,822,893
3857,893,894,822,864
3858,894,795,864,867
3859,864,936,867,865
3860,867,937,868,865
3861,895,797,866,869
3862,866,938,869,841
3863,869,913,842,841
3864,913,842,822,894
3865,842,914,824,894
3866,894,896,824,867
3867,896,798,867,870
3868,867,939,870,868
3869,870,940,871,868
3870,895,897,825,869
3871,897,800,869,872
3872,869,941,872,842
3873,872,914,843,842
3874,914,843,824,896
3875,843,915,826,896
3876,896,898,826,870
3877,898,801,870,873
3878,870,942,873,871
3879,873,943,874,871
3880,897,899,827,872
3881,899,803,872,875
3882,872,944,875,843
3883,875,915,844,843
3884,915,844,826,898
3885,844,916,828,898
3886,898,900,828,873
3887,900,804,873,876
3888,873,945,876,874
3889,876,946,877,874
3890,899,901,829,875
3891,901,806,875,878
3892,875,947,878,844
3893,878,916,845,844
3894,916,845,828,900
3895,845,917,830,900
3896,900,902,830,876
3897,902,807,876,879
3898,876,948,879,877
3899,879,949,880,877
3900,901,903,831,878
3901,903,809,878,881
3902,878,950,881,845
3903,881,917,846,845
3904,917,846,830,902
3905,846,918,832,902
3906,902,904,832,879
3907,904,810,879,882
3908,879,951,882,880
3909,882,952,883,880
3910,903,905,833,881
3911,905,812,881,884
3912,881,953,884,846
3913,884,918,847,846
3914,918,847,832,904
3915,847,919,834,904
3916,904,906,834,882
3917,906,813,882,885
3918,882,954,885,883
3919,885,955,886,883
3920,905,908,836,884
3921,908,817,884,889
3922,884,956,889,847
3923,889,919,856,847
3924,919,856,834,906
3925,856,928,838,906
3926,906,910,838,885
3927,910,819,885,891
3928,885,957,891,886
3929,891,958,911,886
3930,849,921,920,850
3931,887,921,849,851
3932,921,850,851,922
3933,851,923,922,852
3934,907,887,816,888
3935,887,959,851,888
3936,888,923,851,853
3937,923,852,853,924
3938,853,925,924,854
3939,855,927,907,837
3940,907,909,888,837
3941,909,888,818,890
3942,888,960,853,890
3943,890,925,853,857
3944,925,854,857,926
3945,857,929,926,858
3946,908,927,855,889
3947,927,837,889,909
3948,889,961,909,856
3949,909,928,890,856
3950,928,890,838,910
3951,890,962,857,910
3952,910,929,857,891
3953,929,858,891,930
3954,891,963,930,911
3955,860,932,861,931
3956,892,932,862,860
3957,932,862,861,933
3958,862,934,863,933
3959,912,821,892,893
3960,892,964,893,862
3961,893,934,864,862
3962,934,864,863,935
3963,864,936,865,935
3964,866,938,841,912
3965,912,913,841,893
3966,913,822,893,894
3967,893,965,894,864
3968,894,936,867,864
3969,936,867,865,937
3970,867,939,868,937
3971,895,938,869,866
3972,938,869,841,913
3973,869,941,842,913
3974,913,914,842,894
3975,914,824,894,896
3976,894,966,896,867
3977,896,939,870,867
3978,939,870,868,940
3979,870,942,871,940
3980,895,967,897,869
3981,897,941,872,869
3982,941,872,842,914
3983,872,944,843,914
3984,914,915,843,896
3985,915,826,896,898
3986,896,968,898,870
3987,898,942,873,870
3988,942,873,871,943
3989,873,945,874,943
3990,897,969,899,872
3991,899,944,875,872
3992,944,875,843,915
3993,875,947,844,915
3994,915,916,844,898
3995,916,828,898,900
3996,898,970,900,873
3997,900,945,876,873
3998,945,876,874,946
3999,876,948,877,946
4000,899,971,901,875
4001,901,947,878,875
4002,947,878,844,916
4003,878,950,845,916
4004,916,917,845,900
4005,917,830,900,902
4006,900,972,902,876
4007,902,948,879,876
4008,948,879,877,949
4009,879,951,880,949
4010,901,973,903,878
4011,903,950,881,878
4012,950,881,845,917
4013,881,953,846,917
4014,917,918,846,902
4015,918,832,902,904
4016,902,974,904,879
4017,904,951,882,879
4018,951,882,880,952
4019,882,954,883,952
4020,903,975,905,881
4021,905,953,884,881
4022,953,884,846,918
4023,884,956,847,918
4024,918,919,847,904
4025,919,834,904,906
4026,904,976,906,882
4027,906,954,885,882
4028,954,885,883,955
4029,885,957,886,955
4030,905,977,908,884
4031,908,956,889,884
4032,956,889,847,919
4033,889,961,856,919
4034,919,928,856,906
4035,928,838,906,910
4036,906,978,910,885
4037,910,957,891,885
4038,957,891,886,958
4039,891,963,911,958
4040,921,920,850,922
4041,887,959,921,851
4042,921,923,922,851
4043,923,922,852,924
4044,907,959,887,888
4045,959,851,888,923
4046,888,960,923,853
4047,923,925,924,853
4048,925,924,854,926
4049,927,907,837,909
4050,907,979,888,909
4051,909,960,888,890
4052,960,853,890,925
4053,890,962,925,857
4054,925,929,926,857
4055,929,926,858,930
4056,908,980,927,889
4057,927,961,909,889
4058,961,909,856,928
4059,909,981,890,928
4060,928,962,890,910
4061,962,857,910,929
4062,910,982,929,891
4063,929,963,930,891
4064,963,930,911,983
4065,932,861,931,933
4066,892,964,862,932
4067,932,934,862,933
4068,934,863,933,935
4069,912,964,893,892
4070,964,893,862,934
4071,893,965,864,934
4072,934,936,864,935
4073,936,865,935,937
4074,938,841,912,913
4075,912,984,913,893
4076,913,965,894,893
4077,965,894,864,936
4078,894,966,867,936
4079,936,939,867,937
4080,939,868,937,940
4081,895,967,869,938
4082,938,941,869,913
4083,941,842,913,914
4084,913,985,914,894
4085,914,966,896,894
4086,966,896,867,939
4087,896,968,870,939
4088,939,942,870,940
4089,942,871,940,943
4090,967,897,869,941
4091,897,969,872,941
4092,941,944,872,914
4093,944,843,914,915
4094,914,986,915,896
4095,915,968,898,896
4096,968,898,870,942
4097,898,970,873,942
4098,942,945,873,943
4099,945,874,943,946
4100,969,899,872,944
4101,899,971,875,944
4102,944,947,875,915
4103,947,844,915,916
4104,915,987,916,898
4105,916,970,900,898
4106,970,900,873,945
4107,900,972,876,945
4108,945,948,876,946
4109,948,877,946,949
4110,971,901,875,947
4111,901,973,878,947
4112,947,950,878,916
4113,950,845,916,917
4114,916,988,917,900
4115,917,972,902,900
4116,972,902,876,948
4117,902,974,879,948
4118,948,951,879,949
4119,951,880,949,952
4120,973,903,878,950
4121,903,975,881,950
4122,950,953,881,917
4123,953,846,917,918
4124,917,989,918,902
4125,918,974,904,902
4126,974,904,879,951
4127,904,976,882,951
4128,951,954,882,952
4129,954,883,952,955
4130,975,905,881,953
4131,905,977,884,953
4132,953,956,884,918
4133,956,847,918,919
4134,918,990,919,904
4135,919,976,906,904
4136,976,906,882,954
4137,906,978,885,954
4138,954,957,885,955
4139,957,886,955,958
4140,977,908,884,956
4141,908,980,889,956
4142,956,961,889,919
4143,961,856,919,928
4144,919,991,928,906
4145,928,978,910,906
4146,978,910,885,957
4147,910,982,891,957
4148,957,963,891,958
4149,963,911,958,983
4150,921,992,920,922
4151,959,921,851,923
4152,921,993,922,923
4153,923,994,922,924
4154,907,979,959,888
4155,959,960,923,888
4156,960,923,853,925
4157,923,995,924,925
4158,925,996,924,926
4159,927,979,907,909
4160,979,888,909,960
4161,909,981,960,890
4162,960,962,925,890
4163,962,925,857,929
4164,925,997,926,929
4165,929,998,926,930
4166,980,927,889,961
4167,927,999,909,961
4168,961,981,909,928
4169,981,890,928,962
4170,928,1000,962,910
4171,962,982,929,910
4172,982,929,891,963
4173,929,1001,930,963
4174,963,1002,930,983
4175,932,1003,933,931
4176,964,862,932,934
4177,932,1004,934,933
4178,934,1005,935,933
4179,912,984,893,964
4180,964,965,893,934
4181,965,864,934,936
4182,934,1006,936,935
4183,936,1007,937,935
4184,938,984,913,912
4185,984,913,893,965
4186,913,985,894,965
4187,965,966,894,936
4188,966,867,936,939
4189,936,1008,939,937
4190,939,1009,940,937
4191,967,869,938,941
4192,938,1010,941,913
4193,941,985,914,913
4194,985,914,894,966
4195,914,986,896,966
4196,966,968,896,939
4197,968,870,939,942
4198,939,1011,942,940
4199,942,1012,943,940
4200,967,969,897,941
4201,969,872,941,944
4202,941,1013,944,914
4203,944,986,915,914
4204,986,915,896,968
4205,915,987,898,968
4206,968,970,898,942
4207,970,873,942,945
4208,942,1014,945,943
4209,945,1015,946,943
4210,969,971,899,944
4211,971,875,944,947
4212,944,1016,947,915
4213,947,987,916,915
4214,987,916,898,970
4215,916,988,900,970
4216,970,972,900,945
4217,972,876,945,948
4218,945,1017,948,946
4219,948,1018,949,946
4220,971,973,901,947
4221,973,878,947,950
4222,947,1019,950,916
4223,950,988,917,916
4224,988,917,900,972
4225,917,989,902,972
4226,972,974,902,948
4227,974,879,948,951
4228,948,1020,951,949
4229,951,1021,952,949
4230,973,975,903,950
4231,975,881,950,953
4232,950,1022,953,917
4233,953,989,918,917
4234,989,918,902,974
4235,918,990,904,974
4236,974,976,904,951
4237,976,882,951,954
4238,951,1023,954,952
4239,954,1024,955,952
4240,975,977,905,953
4241,977,884,953,956
4242,953,1025,956,918
4243,956,990,919,918
4244,990,919,904,976
4245,919,991,906,976
4246,976,978,906,954
4247,978,885,954,957
4248,954,1026,957,955
4249,957,1027,958,955
4250,977,980,908,956
4251,980,889,956,961
4252,956,1028,961,919
4253,961,991,928,919
4254,991,928,906,978
4255,928,1000,910,978
4256,978,982,910,957
4257,982,891,957,963
4258,957,1029,963,958
4259,963,1030,983,958
4260,921,993,992,922
4261,959,993,921,923
4262,993,922,923,994
4263,923,995,994,924
4264,979,959,888,960
4265,959,1031,923,960
4266,960,995,923,925
4267,995,924,925,996
4268,925,997,996,926
4269,927,999,979,909
4270,979,981,960,909
4271,981,960,890,962
4272,960,1032,925,962
4273,962,997,925,929
4274,997,926,929,998
4275,929,1001,998,930
4276,980,999,927,961
4277,999,909,961,981
4278,961,1033,981,928
4279,981,1000,962,928
4280,1000,962,910,982
4281,962,1034,929,982
4282,982,1001,929,963
4283,1001,930,963,1002
4284,963,1035,1002,983
4285,932,1004,933,1003
4286,964,1004,934,932
4287,1004,934,933,1005
4288,934,1006,935,1005
4289,984,893,964,965
4290,964,1036,965,934
4291,965,1006,936,934
4292,1006,936,935,1007
4293,936,1008,937,1007
4294,938,1010,913,984
4295,984,985,913,965
4296,985,894,965,966
4297,965,1037,966,936
4298,966,1008,939,936
4299,1008,939,937,1009
4300,939,1011,940,1009
4301,967,1010,941,938
4302,1010,941,913,985
4303,941,1013,914,985
4304,985,986,914,966
4305,986,896,966,968
4306,966,1038,968,939
4307,968,1011,942,939
4308,1011,942,940,1012
4309,942,1014,943,1012
4310,967,1039,969,941
4311,969,1013,944,941
4312,1013,944,914,986
4313,944,1016,915,986
4314,986,987,915,968
4315,987,898,968,970
4316,968,1040,970,942
4317,970,1014,945,942
4318,1014,945,943,1015
4319,945,1017,946,1015
4320,969,1041,971,944
4321,971,1016,947,944
4322,1016,947,915,987
4323,947,1019,916,987
4324,987,988,916,970
4325,988,900,970,972
4326,970,1042,972,945
4327,972,1017,948,945
4328,1017,948,946,1018
4329,948,1020,949,1018
4330,971,1043,973,947
4331,973,1019,950,947
4332,1019,950,916,988
4333,950,1022,917,988
4334,988,989,917,972
4335,989,902,972,974
4336,972,1044,974,948
4337,974,1020,951,948
4338,1020,951,949,1021
4339,951,1023,952,1021
4340,973,1045,975,950
4341,975,1022,953,950
4342,1022,953,917,989
4343,953,1025,918,989
4344,989,990,918,974
4345,990,904,974,976
4346,974,1046,976,951
4347,976,1023,954,951
4348,1023,954,952,1024
4349,954,1026,955,1024
4350,975,1047,977,953
4351,977,1025,956,953
4352,1025,956,918,990
4353,956,1028,919,990
4354,990,991,919,976
4355,991,906,976,978
4356,976,1048,978,954
4357,978,1026,957,954
4358,1026,957,955,1027
4359,957,1029,958,1027
4360,977,1049,980,956
4361,980,1028,961,956
4362,1028,961,919,991
4363,961,1033,928,991
4364,991,1000,928,978
4365,1000,910,978,982
4366,978,1050,982,957
4367,982,1029,963,957
4368,1029,963,958,1030
4369,963,1035,983,1030
4370,993,992,922,994
4371,959,1031,993,923
4372,993,995,994,923
4373,995,994,924,996
4374,979,1031,959,960
4375,1031,923,960,995
4376,960,1032,995,925
4377,995,997,996,925
4378,997,996,926,998
4379,999,979,909,981
4380,979,1051,960,981
4381,981,1032,960,962
4382,1032,925,962,997
4383,962,1034,997,929
4384,997,1001,998,929
4385,1001,998,930,1002
4386,980,1052,999,961
4387,999,1033,981,961
4388,1033,981,928,1000
4389,981,1053,962,1000
4390,1000,1034,962,982
4391,1034,929,982,1001
4392,982,1054,1001,963
4393,1001,1035,1002,963
4394,1035,1002,983,1055
4395,1004,933,1003,1005
4396,964,1036,934,1004
4397,1004,1006,934,1005
4398,1006,935,1005,1007
4399,984,1036,965,964
4400,1036,965,934,1006
4401,965,1037,936,1006
4402,1006,1008,936,1007
4403,1008,937,1007,1009
4404,1010,913,984,985
4405,984,1056,985,965
4406,985,1037,966,965
4407,1037,966,936,1008
4408,966,1038,939,1008
4409,1008,1011,939,1009
4410,1011,940,1009,1012
4411,967,1039,941,1010
4412,1010,1013,941,985
4413,1013,914,985,986
4414,985,1057,986,966
4415,986,1038,968,966
4416,1038,968,939,1011
4417,968,1040,942,1011
4418,1011,1014,942,1012
4419,1014,943,1012,1015
4420,1039,969,941,1013
4421,969,1041,944,1013
4422,1013,1016,944,986
4423,1016,915,986,987
4424,986,1058,987,968
4425,987,1040,970,968
4426,1040,970,942,1014
4427,970,1042,945,1014
4428,1014,1017,945,1015
4429,1017,946,1015,1018
4430,1041,971,944,1016
4431,971,1043,947,1016
4432,1016,1019,947,987
4433,1019,916,987,988
4434,987,1059,988,970
4435,988,1042,972,970
4436,1042,972,945,1017
4437,972,1044,948,1017
4438,1017,1020,948,1018
4439,1020,949,1018,1021
4440,1043,973,947,1019
4441,973,1045,950,1019
4442,1019,1022,950,988
4443,1022,917,988,989
4444,988,1060,989,972
4445,989,1044,974,972
4446,1044,974,948,1020
4447,974,1046,951,1020
4448,1020,1023,951,1021
4449,1023,952,1021,1024
4450,1045,975,950,1022
4451,975,1047,953,1022
4452,1022,1025,953,989
4453,1025,918,989,990
4454,989,1061,990,974
4455,990,1046,976,974
4456,1046,976,951,1023
4457,976,1048,954,1023
4458,1023,1026,954,1024
4459,1026,955,1024,1027
4460,1047,977,953,1025
4461,977,1049,956,1025
4462,1025,1028,956,990
4463,1028,919,990,991
4464,990,1062,991,976
4465,991,1048,978,976
4466,1048,978,954,1026
4467,978,1050,957,1026
4468,1026,1029,957,1027
4469,1029,958,1027,1030
4470,1049,980,956,1028
4471,980,1052,961,1028
4472,1028,1033,961,991
4473,1033,928,991,1000
4474,991,1063,1000,978
4475,1000,1050,982,978
4476,1050,982,957,1029
4477,982,1054,963,1029
4478,1029,1035,963,1030
4479,1035,983,1030,1055
4480,993,1064,992,994
4481,1031,993,923,995
4482,993,1065,994,995
4483,995,1066,994,996
4484,979,1051,1031,960
4485,1031,1032,995,960
4486,1032,995,925,997
4487,995,1067,996,997
4488,997,1068,996,998
4489,999,1051,979,981
4490,1051,960,981,1032
4491,981,1053,1032,962
4492,1032,1034,997,962
4493,1034,997,929,1001
4494,997,1069,998,1001
4495,1001,1070,998,1002
4496,1052,999,961,1033
4497,999,1071,981,1033
4498,1033,1053,981,1000
4499,1053,962,1000,1034
4500,1000,1072,1034,982
4501,1034,1054,1001,982
4502,1054,1001,963,1035
4503,1001,1073,1002,1035
4504,1035,1074,1002,1055
4505,1004,1075,1005,1003
4506,1036,934,1004,1006
4507,1004,1076,1006,1005
4508,1006,1077,1007,1005
4509,984,1056,965,1036
4510,1036,1037,965,1006
4511,1037,936,1006,1008
4512,1006,1078,1008,1007
4513,1008,1079,1009,1007
4514,1010,1056,985,984
4515,1056,985,965,1037
4516,985,1057,966,1037
4517,1037,1038,966,1008
4518,1038,939,1008,1011
4519,1008,1080,1011,1009
4520,1011,1081,1012,1009
4521,1039,941,1010,1013
4522,1010,1082,1013,985
4523,1013,1057,986,985
4524,1057,986,966,1038
4525,986,1058,968,1038
4526,1038,1040,968,1011
4527,1040,942,1011,1014
4528,1011,1083,1014,1012
4529,1014,1084,1015,1012
4530,1039,1041,969,1013
4531,1041,944,1013,1016
4532,1013,1085,1016,986
4533,1016,1058,987,986
4534,1058,987,968,1040
4535,987,1059,970,1040
4536,1040,1042,970,1014
4537,1042,945,1014,1017
4538,1014,1086,1017,1015
4539,1017,1087,1018,1015
4540,1041,1043,971,1016
4541,1043,947,1016,1019
4542,1016,1088,1019,987
4543,1019,1059,988,987
4544,1059,988,970,1042
4545,988,1060,972,1042
4546,1042,1044,972,1017
4547,1044,948,1017,1020
4548,1017,1089,1020,1018
4549,1020,1090,1021,1018
4550,1043,1045,973,1019
4551,1045,950,1019,1022
4552,1019,1091,1022,988
4553,1022,1060,989,988
4554,1060,989,972,1044
4555,989,1061,974,1044
4556,1044,1046,974,1020
4557,1046,951,1020,1023
4558,1020,1092,1023,1021
4559,1023,1093,1024,1021
4560,1045,1047,975,1022
4561,1047,953,1022,1025
4562,1022,1094,1025,989
4563,1025,1061,990,989
4564,1061,990,974,1046
4565,990,1062,976,1046
4566,1046,1048,976,1023
4567,1048,954,1023,1026
4568,1023,1095,1026,1024
4569,1026,1096,1027,1024
4570,1047,1049,977,1025
4571,1049,956,1025,1028
4572,1025,1097,1028,990
4573,1028,1062,991,990
4574,1062,991,976,1048
4575,991,1063,978,1048
4576,1048,1050,978,1026
4577,1050,957,1026,1029
4578,1026,1098,1029,1027
4579,1029,1099,1030,1027
4580,1049,1052,980,1028
4581,1052,961,1028,1033
4582,1028,1100,1033,991
4583,1033,1063,1000,991
4584,1063,1000,978,1050
4585,1000,1072,982,1050
4586,1050,1054,982,1029
4587,1054,963,1029,1035
4588,1029,1101,1035,1030
4589,1035,1102,1055,1030
4590,993,1065,1064,994
4591,1031,1065,993,995
4592,1065,994,995,1066
4593,995,1067,1066,996
4594,1051,1031,960,1032
4595,1031,1103,995,1032
4596,1032,1067,995,997
4597,1067,996,997,1068
4598,997,1069,1068,998
4599,999,1071,1051,981
4600,1051,1053,1032,981
4601,1053,1032,962,1034
4602,1032,1104,997,1034
4603,1034,1069,997,1001
4604,1069,998,1001,1070
4605,1001,1073,1070,1002
4606,1052,1071,999,1033
4607,1071,981,1033,1053
4608,1033,1105,1053,1000
4609,1053,1072,1034,1000
4610,1072,1034,982,1054
4611,1034,1106,1001,1054
4612,1054,1073,1001,1035
4613,1073,1002,1035,1074
4614,1035,1107,1074,1055
4615,1004,1076,1005,1075
4616,1036,1076,1006,1004
4617,1076,1006,1005,1077
4618,1006,1078,1007,1077
4619,1056,965,1036,1037
4620,1036,1108,1037,1006
4621,1037,1078,1008,1006
4622,1078,1008,1007,1079
4623,1008,1080,1009,1079
4624,1010,1082,985,1056
4625,1056,1057,985,1037
4626,1057,966,1037,1038
4627,1037,1109,1038,1008
4628,1038,1080,1011,1008
4629,1080,1011,1009,1081
4630,1011,1083,1012,1081
4631,1039,1082,1013,1010
4632,1082,1013,985,1057
4633,1013,1085,986,1057
4634,1057,1058,986,1038
4635,1058,968,1038,1040
4636,1038,1110,1040,1011
4637,1040,1083,1014,1011
4638,1083,1014,1012,1084
4639,1014,1086,1015,1084
4640,1039,1111,1041,1013
4641,1041,1085,1016,1013
4642,1085,1016,986,1058
4643,1016,1088,987,1058
4644,1058,1059,987,1040
4645,1059,970,1040,1042
4646,1040,1112,1042,1014
4647,1042,1086,1017,1014
4648,1086,1017,1015,1087
4649,1017,1089,1018,1087
4650,1041,1113,1043,1016
4651,1043,1088,1019,1016
4652,1088,1019,987,1059
4653,1019,1091,988,1059
4654,1059,1060,988,1042
4655,1060,972,1042,1044
4656,1042,1114,1044,1017
4657,1044,1089,1020,1017
4658,1089,1020,1018,1090
4659,1020,1092,1021,1090
4660,1043,1115,1045,1019
4661,1045,1091,1022,1019
4662,1091,1022,988,1060
4663,1022,1094,989,1060
4664,1060,1061,989,1044
4665,1061,974,1044,1046
4666,1044,1116,1046,1020
4667,1046,1092,1023,1020
4668,1092,1023,1021,1093
4669,1023,1095,1024,1093
4670,1045,1117,1047,1022
4671,1047,1094,1025,1022
4672,1094,1025,989,1061
4673,1025,1097,990,1061
4674,1061,1062,990,1046
4675,1062,976,1046,1048
4676,1046,1118,1048,1023
4677,1048,1095,1026,1023
4678,1095,1026,1024,1096
4679,1026,1098,1027,1096
4680,1047,1119,1049,1025
4681,1049,1097,1028,1025
4682,1097,1028,990,1062
4683,1028,1100,991,1062
4684,1062,1063,991,1048
4685,1063,978,1048,1050
4686,1048,1120,1050,1026
4687,1050,1098,1029,1026
4688,1098,1029,1027,1099
4689,1029,1101,1030,1099
4690,1049,1121,1052,1028
4691,1052,1100,1033,1028
4692,1100,1033,991,1063
4693,1033,1105,1000,1063
4694,1063,1072,1000,1050
4695,1072,982,1050,1054
4696,1050,1122,1054,1029
4697,1054,1101,1035,1029
4698,1101,1035,1030,1102
4699,1035,1107,1055,1102
4700,1065,1064,994,1066
4701,1031,1103,1065,995
4702,1065,1067,1066,995
4703,1067,1066,996,1068
4704,1051,1103,1031,1032
4705,1103,995,1032,1067
4706,1032,1104,1067,997
4707,1067,1069,1068,997
4708,1069,1068,998,1070
4709,1071,1051,981,1053
4710,1051,1123,1032,1053
4711,1053,1104,1032,1034
4712,1104,997,1034,1069
4713,1034,1106,1069,1001
4714,1069,1073,1070,1001
4715,1073,1070,1002,1074
4716,1052,1124,1071,1033
4717,1071,1105,1053,1033
4718,1105,1053,1000,1072
4719,1053,1125,1034,1072
4720,1072,1106,1034,1054
4721,1106,1001,1054,1073
4722,1054,1126,1073,1035
4723,1073,1107,1074,1035
4724,1107,1074,1055,1127
4725,1076,1005,1075,1077
4726,1036,1108,1006,1076
4727,1076,1078,1006,1077
4728,1078,1007,1077,1079
4729,1056,1108,1037,1036
4730,1108,1037,1006,1078
4731,1037,1109,1008,1078
4732,1078,1080,1008,1079
4733,1080,1009,1079,1081
4734,1082,985,1056,1057
4735,1056,1128,1057,1037
4736,1057,1109,1038,1037
4737,1109,1038,1008,1080
4738,1038,1110,1011,1080
4739,1080,1083,1011,1081
4740,1083,1012,1081,1084
4741,1039,1111,1013,1082
4742,1082,1085,1013,1057
4743,1085,986,1057,1058
4744,1057,1129,1058,1038
4745,1058,1110,1040,1038
4746,1110,1040,1011,1083
4747,1040,1112,1014,1083
4748,1083,1086,1014,1084
4749,1086,1015,1084,1087
4750,1111,1041,1013,1085
4751,1041,1113,1016,1085
4752,1085,1088,1016,1058
4753,1088,987,1058,1059
4754,1058,1130,1059,1040
4755,1059,1112,1042,1040
4756,1112,1042,1014,1086
4757,1042,1114,1017,1086
4758,1086,1089,1017,1087
4759,1089,1018,1087,1090
4760,1113,1043,1016,1088
4761,1043,1115,1019,1088
4762,1088,1091,1019,1059
4763,1091,988,1059,1060
4764,1059,1131,1060,1042
4765,1060,1114,1044,1042
4766,1114,1044,1017,1089
4767,1044,1116,1020,1089
4768,1089,1092,1020,1090
4769,1092,1021,1090,1093
4770,1115,1045,1019,1091
4771,1045,1117,1022,1091
4772,1091,1094,1022,1060
4773,1094,989,1060,1061
4774,1060,1132,1061,1044
4775,1061,1116,1046,1044
4776,1116,1046,1020,1092
4777,1046,1118,1023,1092
4778,1092,1095,1023,1093
4779,1095,1024,1093,1096
4780,1117,1047,1022,1094
4781,1047,1119,1025,1094
4782,1094,1097,1025,1061
4783,1097,990,1061,1062
4784,1061,1133,1062,1046
4785,1062,1118,1048,1046
4786,1118,1048,1023,1095
4787,1048,1120,1026,1095
4788,1095,1098,1026,1096
4789,1098,1027,1096,1099
4790,1119,1049,1025,1097
4791,1049,1121,1028,1097
4792,1097,1100,1028,1062
4793,1100,991,1062,1063
4794,1062,1134,1063,1048
4795,1063,1120,1050,1048
4796,1120,1050,1026,1098
4797,1050,1122,1029,1098
4798,1098,1101,1029,1099
4799,1101,1030,1099,1102
4800,1121,1052,1028,1100
4801,1052,1124,1033,1100
4802,1100,1105,1033,1063
4803,1105,1000,1063,1072
4804,1063,1135,1072,1050
4805,1072,1122,1054,1050
4806,1122,1054,1029,1101
4807,1054,1126,1035,1101
4808,1101,1107,1035,1102
4809,1107,1055,1102,1127
4810,1065,1136,1064,1066
4811,1103,1065,995,1067
4812,1065,1137,1066,1067
4813,1067,1138,1066,1068
4814,1051,1123,1103,1032
4815,1103,1104,1067,1032
4816,1104,1067,997,1069
4817,1067,1139,1068,1069
4818,1069,1140,1068,1070
4819,1071,1123,1051,1053
4820,1123,1032,1053,1104
4821,1053,1125,1104,1034
4822,1104,1106,1069,1034
4823,1106,1069,1001,1073
4824,1069,1141,1070,1073
4825,1073,1142,1070,1074
4826,1124,1071,1033,1105
4827,1071,1143,1053,1105
4828,1105,1125,1053,1072
4829,1125,1034,1072,1106
4830,1072,1144,1106,1054
4831,1106,1126,1073,1054
4832,1126,1073,1035,1107
4833,1073,1145,1074,1107
4834,1107,1146,1074,1127
4835,1076,1147,1077,1075
4836,1108,1006,1076,1078
4837,1076,1148,1078,1077
4838,1078,1149,1079,1077
4839,1056,1128,1037,1108
4840,1108,1109,1037,1078
4841,1109,1008,1078,1080
4842,1078,1150,1080,1079
4843,1080,1151,1081,1079
4844,1082,1128,1057,1056
4845,1128,1057,1037,1109
4846,1057,1129,1038,1109
4847,1109,1110,1038,1080
4848,1110,1011,1080,1083
4849,1080,1152,1083,1081
4850,1083,1153,1084,1081
4851,1111,1013,1082,1085
4852,1082,1154,1085,1057
4853,1085,1129,1058,1057
4854,1129,1058,1038,1110
4855,1058,1130,1040,1110
4856,1110,1112,1040,1083
4857,1112,1014,1083,1086
4858,1083,1155,1086,1084
4859,1086,1156,1087,1084
4860,1111,1113,1041,1085
4861,1113,1016,1085,1088
4862,1085,1157,1088,1058
4863,1088,1130,1059,1058
4864,1130,1059,1040,1112
4865,1059,1131,1042,1112
4866,1112,1114,1042,1086
4867,1114,1017,1086,1089
4868,1086,1158,1089,1087
4869,1089,1159,1090,1087
4870,1113,1115,1043,1088
4871,1115,1019,1088,1091
4872,1088,1160,1091,1059
4873,1091,1131,1060,1059
4874,1131,1060,1042,1114
4875,1060,1132,1044,1114
4876,1114,1116,1044,1089
4877,1116,1020,1089,1092
4878,1089,1161,1092,1090
4879,1092,1162,1093,1090
4880,1115,1117,1045,1091
4881,1117,1022,1091,1094
4882,1091,1163,1094,1060
4883,1094,1132,1061,1060
4884,1132,1061,1044,1116
4885,1061,1133,1046,1116
4886,1116,1118,1046,1092
4887,1118,1023,1092,1095
4888,1092,1164,1095,1093
4889,1095,1165,1096,1093
4890,1117,1119,1047,1094
4891,1119,1025,1094,1097
4892,1094,1166,1097,1061
4893,1097,1133,1062,1061
4894,1133,1062,1046,1118
4895,1062,1134,1048,1118
4896,1118,1120,1048,1095
4897,1120,1026,1095,1098
4898,1095,1167,1098,1096
4899,1098,1168,1099,1096
4900,1119,1121,1049,1097
4901,1121,1028,1097,1100
4902,1097,1169,1100,1062
4903,1100,1134,1063,1062
4904,1134,1063,1048,1120
4905,1063,1135,1050,1120
4906,1120,1122,1050,1098
4907,1122,1029,1098,1101
4908,1098,1170,1101,1099
4909,1101,1171,1102,1099
4910,1121,1124,1052,1100
4911,1124,1033,1100,1105
4912,1100,1172,1105,1063
4913,1105,1135,1072,1063
4914,1135,1072,1050,1122
4915,1072,1144,1054,1122
4916,1122,1126,1054,1101
4917,1126,1035,1101,1107
4918,1101,1173,1107,1102
4919,1107,1174,1127,1102
4920,1065,1137,1136,1066
4921,1103,1137,1065,1067
4922,1137,1066,1067,1138
4923,1067,1139,1138,1068
4924,1123,1103,1032,1104
4925,1103,1175,1067,1104
4926,1104,1139,1067,1069
4927,1139,1068,1069,1140
4928,1069,1141,1140,1070
4929,1071,1143,1123,1053
4930,1123,1125,1104,1053
4931,1125,1104,1034,1106
4932,1104,1176,1069,1106
4933,1106,1141,1069,1073
4934,1141,1070,1073,1142
4935,1073,1145,1142,1074
4936,1124,1143,1071,1105
4937,1143,1053,1105,1125
4938,1105,1177,1125,1072
4939,1125,1144,1106,1072
4940,1144,1106,1054,1126
4941,1106,1178,1073,1126
4942,1126,1145,1073,1107
4943,1145,1074,1107,1146
4944,1107,1179,1146,1127
4945,1076,1148,1077,1147
4946,1108,1148,1078,1076
4947,1148,1078,1077,1149
4948,1078,1150,1079,1149
4949,1128,1037,1108,1109
4950,1108,1180,1109,1078
4951,1109,1150,1080,1078
4952,1150,1080,1079,1151
4953,1080,1152,1081,1151
4954,1082,1154,1057,1128
4955,1128,1129,1057,1109
4956,1129,1038,1109,1110
4957,1109,1181,1110,1080
4958,1110,1152,1083,1080
4959,1152,1083,1081,1153
4960,1083,1155,1084,1153
4961,1111,1154,1085,1082
4962,1154,1085,1057,1129
4963,1085,1157,1058,1129
4964,1129,1130,1058,1110
4965,1130,1040,1110,1112
4966,1110,1182,1112,1083
4967,1112,1155,1086,1083
4968,1155,1086,1084,1156
4969,1086,1158,1087,1156
4970,1111,1183,1113,1085
4971,1113,1157,1088,1085
4972,1157,1088,1058,1130
4973,1088,1160,1059,1130
4974,1130,1131,1059,1112
4975,1131,1042,1112,1114
4976,1112,1184,1114,1086
4977,1114,1158,1089,1086
4978,1158,1089,1087,1159
4979,1089,1161,1090,1159
4980,1113,1185,1115,1088
4981,1115,1160,1091,1088
4982,1160,1091,1059,1131
4983,1091,1163,1060,1131
4984,1131,1132,1060,1114
4985,1132,1044,1114,1116
4986,1114,1186,1116,1089
4987,1116,1161,1092,1089
4988,1161,1092,1090,1162
4989,1092,1164,1093,1162
4990,1115,1187,1117,1091
4991,1117,1163,1094,1091
4992,1163,1094,1060,1132
4993,1094,1166,1061,1132
4994,1132,1133,1061,1116
4995,1133,1046,1116,1118
4996,1116,1188,1118,1092
4997,1118,1164,1095,1092
4998,1164,1095,1093,1165
4999,1095,1167,1096,1165
5000,1117,1189,1119,1094
5001,1119,1166,1097,1094
5002,1166,1097,1061,1133
5003,1097,1169,1062,1133
5004,1133,1134,1062,1118
5005,1134,1048,1118,1120
5006,1118,1190,1120,1095
5007,1120,1167,1098,1095
5008,1167,1098,1096,1168
5009,1098,1170,1099,1168
5010,1119,1191,1121,1097
5011,1121,1169,1100,1097
5012,1169,1100,1062,1134
5013,1100,1172,1063,1134
5014,1134,1135,1063,1120
5015,1135,1050,1120,1122
5016,1120,1192,1122,1098
5017,1122,1170,1101,1098
5018,1170,1101,1099,1171
5019,1101,1173,1102,1171
5020,1121,1193,1124,1100
5021,1124,1172,1105,1100
5022,1172,1105,1063,1135
5023,1105,1177,1072,1135
5024,1135,1144,1072,1122
5025,1144,1054,1122,1126
5026,1122,1194,1126,1101
5027,1126,1173,1107,1101
5028,1173,1107,1102,1174
5029,1107,1179,1127,1174
5030,1137,1136,1066,1138
5031,1103,1175,1137,1067
5032,1137,1139,1138,1067
5033,1139,1138,1068,1140
5034,1123,1175,1103,1104
5035,1175,1067,1104,1139
5036,1104,1176,1139,1069
5037,1139,1141,1140,1069
5038,1141,1140,1070,1142
5039,1143,1123,1053,1125
5040,1123,1195,1104,1125
5041,1125,1176,1104,1106
5042,1176,1069,1106,1141
5043,1106,1178,1141,1073
5044,1141,1145,1142,1073
5045,1145,1142,1074,1146
5046,1124,1196,1143,1105
5047,1143,1177,1125,1105
5048,1177,1125,1072,1144
5049,1125,1197,1106,1144
5050,1144,1178,1106,1126
5051,1178,1073,1126,1145
5052,1126,1198,1145,1107
5053,1145,1179,1146,1107
5054,1179,1146,1127,1199
5055,1148,1077,1147,1149
5056,1108,1180,1078,1148
5057,1148,1150,1078,1149
5058,1150,1079,1149,1151
5059,1128,1180,1109,1108
5060,1180,1109,1078,1150
5061,1109,1181,1080,1150
5062,1150,1152,1080,1151
5063,1152,1081,1151,1153
5064,1154,1057,1128,1129
5065,1128,1200,1129,1109
5066,1129,1181,1110,1109
5067,1181,1110,1080,1152
5068,1110,1182,1083,1152
5069,1152,1155,1083,1153
5070,1155,1084,1153,1156
5071,1111,1183,1085,1154
5072,1154,1157,1085,1129
5073,1157,1058,1129,1130
5074,1129,1201,1130,1110
5075,1130,1182,1112,1110
5076,1182,1112,1083,1155
5077,1112,1184,1086,1155
5078,1155,1158,1086,1156
5079,1158,1087,1156,1159
5080,1183,1113,1085,1157
5081,1113,1185,1088,1157
5082,1157,1160,1088,1130
5083,1160,1059,1130,1131
5084,1130,1202,1131,1112
5085,1131,1184,1114,1112
5086,1184,1114,1086,1158
5087,1114,1186,1089,1158
5088,1158,1161,1089,1159
5089,1161,1090,1159,1162
5090,1185,1115,1088,1160
5091,1115,1187,1091,1160
5092,1160,1163,1091,1131
5093,1163,1060,1131,1132
5094,1131,1203,1132,1114
5095,1132,1186,1116,1114
5096,1186,1116,1089,1161
5097,1116,1188,1092,1161
5098,1161,1164,1092,1162
5099,1164,1093,1162,1165
5100,1187,1117,1091,1163
5101,1117,1189,1094,1163
5102,1163,1166,1094,1132
5103,1166,1061,1132,1133
5104,1132,1204,1133,1116
5105,1133,1188,1118,1116
5106,1188,1118,1092,1164
5107,1118,1190,1095,1164
5108,1164,1167,1095,1165
5109,1167,1096,1165,1168
5110,1189,1119,1094,1166
5111,1119,1191,1097,1166
5112,1166,1169,1097,1133
5113,1169,1062,1133,1134
5114,1133,1205,1134,1118
5115,1134,1190,1120,1118
5116,1190,1120,1095,1167
5117,1120,1192,1098,1167
5118,1167,1170,1098,1168
5119,1170,1099,1168,1171
5120,1191,1121,1097,1169
5121,1121,1193,1100,1169
5122,1169,1172,1100,1134
5123,1172,1063,1134,1135
5124,1134,1206,1135,1120
5125,1135,1192,1122,1120
5126,1192,1122,1098,1170
5127,1122,1194,1101,1170
5128,1170,1173,1101,1171
5129,1173,1102,1171,1174
5130,1193,1124,1100,1172
5131,1124,1196,1105,1172
5132,1172,1177,1105,1135
5133,1177,1072,1135,1144
5134,1135,1207,1144,1122
5135,1144,1194,1126,1122
5136,1194,1126,1101,1173
5137,1126,1198,1107,1173
5138,1173,1179,1107,1174
5139,1179,1127,1174,1199
5140,1137,1208,1136,1138
5141,1175,1137,1067,1139
5142,1137,1209,1138,1139
5143,1139,1210,1138,1140
5144,1123,1195,1175,1104
5145,1175,1176,1139,1104
5146,1176,1139,1069,1141
5147,1139,1211,1140,1141
5148,1141,1212,1140,1142
5149,1143,1195,1123,1125
5150,1195,1104,1125,1176
5151,1125,1197,1176,1106
5152,1176,1178,1141,1106
5153,1178,1141,1073,1145
5154,1141,1213,1142,1145
5155,1145,1214,1142,1146
5156,1196,1143,1105,1177
5157,1143,1215,1125,1177
5158,1177,1197,1125,1144
5159,1197,1106,1144,1178
5160,1144,1216,1178,1126
5161,1178,1198,1145,1126
5162,1198,1145,1107,1179
5163,1145,1217,1146,1179
5164,1179,1218,1146,1199
5165,1148,1219,1149,1147
5166,1180,1078,1148,1150
5167,1148,1220,1150,1149
5168,1150,1221,1151,1149
5169,1128,1200,1109,1180
5170,1180,1181,1109,1150
5171,1181,1080,1150,1152
5172,1150,1222,1152,1151
5173,1152,1223,1153,1151
5174,1154,1200,1129,1128
5175,1200,1129,1109,1181
5176,1129,1201,1110,1181
5177,1181,1182,1110,1152
5178,1182,1083,1152,1155
5179,1152,1224,1155,1153
5180,1155,1225,1156,1153
5181,1183,1085,1154,1157
5182,1154,1226,1157,1129
5183,1157,1201,1130,1129
5184,1201,1130,1110,1182
5185,1130,1202,1112,1182
5186,1182,1184,1112,1155
5187,1184,1086,1155,1158
5188,1155,1227,1158,1156
5189,1158,1228,1159,1156
5190,1183,1185,1113,1157
5191,1185,1088,1157,1160
5192,1157,1229,1160,1130
5193,1160,1202,1131,1130
5194,1202,1131,1112,1184
5195,1131,1203,1114,1184
5196,1184,1186,1114,1158
5197,1186,1089,1158,1161
5198,1158,1230,1161,1159
5199,1161,1231,1162,1159
5200,1185,1187,1115,1160
5201,1187,1091,1160,1163
5202,1160,1232,1163,1131
5203,1163,1203,1132,1131
5204,1203,1132,1114,1186
5205,1132,1204,1116,1186
5206,1186,1188,1116,1161
5207,1188,1092,1161,1164
5208,1161,1233,1164,1162
5209,1164,1234,1165,1162
5210,1187,1189,1117,1163
5211,1189,1094,1163,1166
5212,1163,1235,1166,1132
5213,1166,1204,1133,1132
5214,1204,1133,1116,1188
5215,1133,1205,1118,1188
5216,1188,1190,1118,1164
5217,1190,1095,1164,1167
5218,1164,1236,1167,1165
5219,1167,1237,1168,1165
5220,1189,1191,1119,1166
5221,1191,1097,1166,1169
5222,1166,1238,1169,1133
5223,1169,1205,1134,1133
5224,1205,1134,1118,1190
5225,1134,1206,1120,1190
5226,1190,1192,1120,1167
5227,1192,1098,1167,1170
5228,1167,1239,1170,1168
5229,1170,1240,1171,1168
5230,1191,1193,1121,1169
5231,1193,1100,1169,1172
5232,1169,1241,1172,1134
5233,1172,1206,1135,1134
5234,1206,1135,1120,1192
5235,1135,1207,1122,1192
5236,1192,1194,1122,1170
5237,1194,1101,1170,1173
5238,1170,1242,1173,1171
5239,1173,1243,1174,1171
5240,1193,1196,1124,1172
5241,1196,1105,1172,1177
5242,1172,1244,1177,1135
5243,1177,1207,1144,1135
5244,1207,1144,1122,1194
5245,1144,1216,1126,1194
5246,1194,1198,1126,1173
5247,1198,1107,1173,1179
5248,1173,1245,1179,1174
5249,1179,1246,1199,1174
5250,1137,1209,1208,1138
5251,1175,1209,1137,1139
5252,1209,1138,1139,1210
5253,1139,1211,1210,1140
5254,1195,1175,1104,1176
5255,1175,1247,1139,1176
5256,1176,1211,1139,1141
5257,1211,1140,1141,1212
5258,1141,1213,1212,1142
5259,1143,1215,1195,1125
5260,1195,1197,1176,1125
5261,1197,1176,1106,1178
5262,1176,1248,1141,1178
5263,1178,1213,1141,1145
5264,1213,1142,1145,1214
5265,1145,1217,1214,1146
5266,1196,1215,1143,1177
5267,1215,1125,1177,1197
5268,1177,1249,1197,1144
5269,1197,1216,1178,1144
5270,1216,1178,1126,1198
5271,1178,1250,1145,1198
5272,1198,1217,1145,1179
5273,1217,1146,1179,1218
5274,1179,1251,1218,1199
5275,1148,1220,1149,1219
5276,1180,1220,1150,1148
5277,1220,1150,1149,1221
5278,1150,1222,1151,1221
5279,1200,1109,1180,1181
5280,1180,1252,1181,1150
5281,1181,1222,1152,1150
5282,1222,1152,1151,1223
5283,1152,1224,1153,1223
5284,1154,1226,1129,1200
5285,1200,1201,1129,1181
5286,1201,1110,1181,1182
5287,1181,1253,1182,1152
5288,1182,1224,1155,1152
5289,1224,1155,1153,1225
5290,1155,1227,1156,1225
5291,1183,1226,1157,1154
5292,1226,1157,1129,1201
5293,1157,1229,1130,1201
5294,1201,1202,1130,1182
5295,1202,1112,1182,1184
5296,1182,1254,1184,1155
5297,1184,1227,1158,1155
5298,1227,1158,1156,1228
5299,1158,1230,1159,1228
5300,1183,1255,1185,1157
5301,1185,1229,1160,1157
5302,1229,1160,1130,1202
5303,1160,1232,1131,1202
5304,1202,1203,1131,1184
5305,1203,1114,1184,1186
5306,1184,1256,1186,1158
5307,1186,1230,1161,1158
5308,1230,1161,1159,1231
5309,1161,1233,1162,1231
5310,1185,1257,1187,1160
5311,1187,1232,1163,1160
5312,1232,1163,1131,1203
5313,1163,1235,1132,1203
5314,1203,1204,1132,1186
5315,1204,1116,1186,1188
5316,1186,1258,1188,1161
5317,1188,1233,1164,1161
5318,1233,1164,1162,1234
5319,1164,1236,1165,1234
5320,1187,1259,1189,1163
5321,1189,1235,1166,1163
5322,1235,1166,1132,1204
5323,1166,1238,1133,1204
5324,1204,1205,1133,1188
5325,1205,1118,1188,1190
5326,1188,1260,1190,1164
5327,1190,1236,1167,1164
5328,1236,1167,1165,1237
5329,1167,1239,1168,1237
5330,1189,1261,1191,1166
5331,1191,1238,1169,1166
5332,1238,1169,1133,1205
5333,1169,1241,1134,1205
5334,1205,1206,1134,1190
5335,1206,1120,1190,1192
5336,1190,1262,1192,1167
5337,1192,1239,1170,1167
5338,1239,1170,1168,1240
5339,1170,1242,1171,1240
5340,1191,1263,1193,1169
5341,1193,1241,1172,1169
5342,1241,1172,1134,1206
5343,1172,1244,1135,1206
5344,1206,1207,1135,1192
5345,1207,1122,1192,1194
5346,1192,1264,1194,1170
5347,1194,1242,1173,1170
5348,1242,1173,1171,1243
5349,1173,1245,1174,1243
5350,1193,1265,1196,1172
5351,1196,1244,1177,1172
5352,1244,1177,1135,1207
5353,1177,1249,1144,1207
5354,1207,1216,1144,1194
5355,1216,1126,1194,1198
5356,1194,1266,1198,1173
5357,1198,1245,1179,1173
5358,1245,1179,1174,1246
5359,1179,1251,1199,1246
5360,1209,1208,1138,1210
5361,1175,1247,1209,1139
5362,1209,1211,1210,1139
5363,1211,1210,1140,1212
5364,1195,1247,1175,1176
5365,1247,1139,1176,1211
5366,1176,1248,1211,1141
5367,1211,1213,1212,1141
5368,1213,1212,1142,1214
5369,1215,1195,1125,1197
5370,1195,1267,1176,1197
5371,1197,1248,1176,1178
5372,1248,1141,1178,1213
5373,1178,1250,1213,1145
5374,1213,1217,1214,1145
5375,1217,1214,1146,1218
5376,1196,1268,1215,1177
5377,1215,1249,1197,1177
5378,1249,1197,1144,1216
5379,1197,1269,1178,1216
5380,1216,1250,1178,1198
5381,1250,1145,1198,1217
5382,1198,1270,1217,1179
5383,1217,1251,1218,1179
5384,1251,1218,1199,1271
5385,1220,1149,1219,1221
5386,1180,1252,1150,1220
5387,1220,1222,1150,1221
5388,1222,1151,1221,1223
5389,1200,1252,1181,1180
5390,1252,1181,1150,1222
5391,1181,1253,1152,1222
5392,1222,1224,1152,1223
5393,1224,1153,1223,1225
5394,1226,1129,1200,1201
5395,1200,1272,1201,1181
5396,1201,1253,1182,1181
5397,1253,1182,1152,1224
5398,1182,1254,1155,1224
5399,1224,1227,1155,1225
5400,1227,1156,1225,1228
5401,1183,1255,1157,1226
5402,1226,1229,1157,1201
5403,1229,1130,1201,1202
5404,1201,1273,1202,1182
5405,1202,1254,1184,1182
5406,1254,1184,1155,1227
5407,1184,1256,1158,1227
5408,1227,1230,1158,1228
5409,1230,1159,1228,1231
5410,1255,1185,1157,1229
5411,1185,1257,1160,1229
5412,1229,1232,1160,1202
5413,1232,1131,1202,1203
5414,1202,1274,1203,1184
5415,1203,1256,1186,1184
5416,1256,1186,1158,1230
5417,1186,1258,1161,1230
5418,1230,1233,1161,1231
5419,1233,1162,1231,1234
5420,1257,1187,1160,1232
5421,1187,1259,1163,1232
5422,1232,1235,1163,1203
5423,1235,1132,1203,1204
5424,1203,1275,1204,1186
5425,1204,1258,1188,1186
5426,1258,1188,1161,1233
5427,1188,1260,1164,1233
5428,1233,1236,1164,1234
5429,1236,1165,1234,1237
5430,1259,1189,1163,1235
5431,1189,1261,1166,1235
5432,1235,1238,1166,1204
5433,1238,1133,1204,1205
5434,1204,1276,1205,1188
5435,1205,1260,1190,1188
5436,1260,1190,1164,1236
5437,1190,1262,1167,1236
5438,1236,1239,1167,1237
5439,1239,1168,1237,1240
5440,1261,1191,1166,1238
5441,1191,1263,1169,1238
5442,1238,1241,1169,1205
5443,1241,1134,1205,1206
5444,1205,1277,1206,1190
5445,1206,1262,1192,1190
5446,1262,1192,1167,1239
5447,1192,1264,1170,1239
5448,1239,1242,1170,1240
5449,1242,1171,1240,1243
5450,1263,1193,1169,1241
5451,1193,1265,1172,1241
5452,1241,1244,1172,1206
5453,1244,1135,1206,1207
5454,1206,1278,1207,1192
5455,1207,1264,1194,1192
5456,1264,1194,1170,1242
5457,1194,1266,1173,1242
5458,1242,1245,1173,1243
5459,1245,1174,1243,1246
5460,1265,1196,1172,1244
5461,1196,1268,1177,1244
5462,1244,1249,1177,1207
5463,1249,1144,1207,1216
5464,1207,1279,1216,1194
5465,1216,1266,1198,1194
5466,1266,1198,1173,1245
5467,1198,1270,1179,1245
5468,1245,1251,1179,1246
5469,1251,1199,1246,1271
5470,1209,1280,1208,1210
5471,1247,1209,1139,1211
5472,1209,1281,1210,1211
5473,1211,1282,1210,1212
5474,1195,1267,1247,1176
5475,1247,1248,1211,1176
5476,1248,1211,1141,1213
5477,1211,1283,1212,1213
5478,1213,1284,1212,1214
5479,1215,1267,1195,1197
5480,1267,1176,1197,1248
5481,1197,1269,1248,1178
5482,1248,1250,1213,1178
5483,1250,1213,1145,1217
5484,1213,1285,1214,1217
5485,1217,1286,1214,1218
5486,1268,1215,1177,1249
5487,1215,1287,1197,1249
5488,1249,1269,1197,1216
5489,1269,1178,1216,1250
5490,1216,1288,1250,1198
5491,1250,1270,1217,1198
5492,1270,1217,1179,1251
5493,1217,1289,1218,1251
5494,1251,1290,1218,1271
5495,1220,1291,1221,1219
5496,1252,1150,1220,1222
5497,1220,1292,1222,1221
5498,1222,1293,1223,1221
5499,1200,1272,1181,1252
5500,1252,1253,1181,1222
5501,1253,1152,1222,1224
5502,1222,1294,1224,1223
5503,1224,1295,1225,1223
5504,1226,1272,1201,1200
5505,1272,1201,1181,1253
5506,1201,1273,1182,1253
5507,1253,1254,1182,1224
5508,1254,1155,1224,1227
5509,1224,1296,1227,1225
5510,1227,1297,1228,1225
5511,1255,1157,1226,1229
5512,1226,1298,1229,1201
5513,1229,1273,1202,1201
5514,1273,1202,1182,1254
5515,1202,1274,1184,1254
5516,1254,1256,1184,1227
5517,1256,1158,1227,1230
5518,1227,1299,1230,1228
5519,1230,1300,1231,1228
5520,1255,1257,1185,1229
5521,1257,1160,1229,1232
5522,1229,1301,1232,1202
5523,1232,1274,1203,1202
5524,1274,1203,1184,1256
5525,1203,1275,1186,1256
5526,1256,1258,1186,1230
5527,1258,1161,1230,1233
5528,1230,1302,1233,1231
5529,1233,1303,1234,1231
5530,1257,1259,1187,1232
5531,1259,1163,1232,1235
5532,1232,1304,1235,1203
5533,1235,1275,1204,1203
5534,1275,1204,1186,1258
5535,1204,1276,1188,1258
5536,1258,1260,1188,1233
5537,1260,1164,1233,1236
5538,1233,1305,1236,1234
5539,1236,1306,1237,1234
5540,1259,1261,1189,1235
5541,1261,1166,1235,1238
5542,1235,1307,1238,1204
5543,1238,1276,1205,1204
5544,1276,1205,1188,1260
5545,1205,1277,1190,1260
5546,1260,1262,1190,1236
5547,1262,1167,1236,1239
5548,1236,1308,1239,1237
5549,1239,1309,1240,1237
5550,1261,1263,1191,1238
5551,1263,1169,1238,1241
5552,1238,1310,1241,1205
5553,1241,1277,1206,1205
5554,1277,1206,1190,1262
5555,1206,1278,1192,1262
5556,1262,1264,1192,1239
5557,1264,1170,1239,1242
5558,1239,1311,1242,1240
5559,1242,1312,1243,1240
5560,1263,1265,1193,1241
5561,1265,1172,1241,1244
5562,1241,1313,1244,1206
5563,1244,1278,1207,1206
5564,1278,1207,1192,1264
5565,1207,1279,1194,1264
5566,1264,1266,1194,1242
5567,1266,1173,1242,1245
5568,1242,1314,1245,1243
5569,1245,1315,1246,1243
5570,1265,1268,1196,1244
5571,1268,1177,1244,1249
5572,1244,1316,1249,1207
5573,1249,1279,1216,1207
5574,1279,1216,1194,1266
5575,1216,1288,1198,1266
5576,1266,1270,1198,1245
5577,1270,1179,1245,1251
5578,1245,1317,1251,1246
5579,1251,1318,1271,1246
5580,1209,1281,1280,1210
5581,1247,1281,1209,1211
5582,1281,1210,1211,1282
5583,1211,1283,1282,1212
5584,1267,1247,1176,1248
5585,1247,1319,1211,1248
5586,1248,1283,1211,1213
5587,1283,1212,1213,1284
5588,1213,1285,1284,1214
5589,1215,1287,1267,1197
5590,1267,1269,1248,1197
5591,1269,1248,1178,1250
5592,1248,1320,1213,1250
5593,1250,1285,1213,1217
5594,1285,1214,1217,1286
5595,1217,1289,1286,1218
5596,1268,1287,1215,1249
5597,1287,1197,1249,1269
5598,1249,1321,1269,1216
5599,1269,1288,1250,1216
5600,1288,1250,1198,1270
5601,1250,1322,1217,1270
5602,1270,1289,1217,1251
5603,1289,1218,1251,1290
5604,1251,1323,1290,1271
5605,1220,1292,1221,1291
5606,1252,1292,1222,1220
5607,1292,1222,1221,1293
5608,1222,1294,1223,1293
5609,1272,1181,1252,1253
5610,1252,1324,1253,1222
5611,1253,1294,1224,1222
5612,1294,1224,1223,1295
5613,1224,1296,1225,1295
5614,1226,1298,1201,1272
5615,1272,1273,1201,1253
5616,1273,1182,1253,1254
5617,1253,1325,1254,1224
5618,1254,1296,1227,1224
5619,1296,1227,1225,1297
5620,1227,1299,1228,1297
5621,1255,1298,1229,1226
5622,1298,1229,1201,1273
5623,1229,1301,1202,1273
5624,1273,1274,1202,1254
5625,1274,1184,1254,1256
5626,1254,1326,1256,1227
5627,1256,1299,1230,1227
5628,1299,1230,1228,1300
5629,1230,1302,1231,1300
5630,1255,1327,1257,1229
5631,1257,1301,1232,1229
5632,1301,1232,1202,1274
5633,1232,1304,1203,1274
5634,1274,1275,1203,1256
5635,1275,1186,1256,1258
5636,1256,1328,1258,1230
5637,1258,1302,1233,1230
5638,1302,1233,1231,1303
5639,1233,1305,1234,1303
5640,1257,1329,1259,1232
5641,1259,1304,1235,1232
5642,1304,1235,1203,1275
5643,1235,1307,1204,1275
5644,1275,1276,1204,1258
5645,1276,1188,1258,1260
5646,1258,1330,1260,1233
5647,1260,1305,1236,1233
5648,1305,1236,1234,1306
5649,1236,1308,1237,1306
5650,1259,1331,1261,1235
5651,1261,1307,1238,1235
5652,1307,1238,1204,1276
5653,1238,1310,1205,1276
5654,1276,1277,1205,1260
5655,1277,1190,1260,1262
5656,1260,1332,1262,1236
5657,1262,1308,1239,1236
5658,1308,1239,1237,1309
5659,1239,1311,1240,1309
5660,1261,1333,1263,1238
5661,1263,1310,1241,1238
5662,1310,1241,1205,1277
5663,1241,1313,1206,1277
5664,1277,1278,1206,1262
5665,1278,1192,1262,1264
5666,1262,1334,1264,1239
5667,1264,1311,1242,1239
5668,1311,1242,1240,1312
5669,1242,1314,1243,1312
5670,1263,1335,1265,1241
5671,1265,1313,1244,1241
5672,1313,1244,1206,1278
5673,1244,1316,1207,1278
5674,1278,1279,1207,1264
5675,1279,1194,1264,1266
5676,1264,1336,1266,1242
5677,1266,1314,1245,1242
5678,1314,1245,1243,1315
5679,1245,1317,1246,1315
5680,1265,1337,1268,1244
5681,1268,1316,1249,1244
5682,1316,1249,1207,1279
5683,1249,1321,1216,1279
5684,1279,1288,1216,1266
5685,1288,1198,1266,1270
5686,1266,1338,1270,1245
5687,1270,1317,1251,1245
5688,1317,1251,1246,1318
5689,1251,1323,1271,1318
5690,1281,1280,1210,1282
5691,1247,1319,1281,1211
5692,1281,1283,1282,1211
5693,1283,1282,1212,1284
5694,1267,1319,1247,1248
5695,1319,1211,1248,1283
5696,1248,1320,1283,1213
5697,1283,1285,1284,1213
5698,1285,1284,1214,1286
5699,1287,1267,1197,1269
5700,1267,1339,1248,1269
5701,1269,1320,1248,1250
5702,1320,1213,1250,1285
5703,1250,1322,1285,1217
5704,1285,1289,1286,1217
5705,1289,1286,1218,1290
5706,1268,1340,1287,1249
5707,1287,1321,1269,1249
5708,1321,1269,1216,1288
5709,1269,1341,1250,1288
5710,1288,1322,1250,1270
5711,1322,1217,1270,1289
5712,1270,1342,1289,1251
5713,1289,1323,1290,1251
5714,1323,1290,1271,1343
5715,1292,1221,1291,1293
5716,1252,1324,1222,1292
5717,1292,1294,1222,1293
5718,1294,1223,1293,1295
5719,1272,1324,1253,1252
5720,1324,1253,1222,1294
5721,1253,1325,1224,1294
5722,1294,1296,1224,1295
5723,1296,1225,1295,1297
5724,1298,1201,1272,1273
5725,1272,1344,1273,1253
5726,1273,1325,1254,1253
5727,1325,1254,1224,1296
5728,1254,1326,1227,1296
5729,1296,1299,1227,1297
5730,1299,1228,1297,1300
5731,1255,1327,1229,1298
5732,1298,1301,1229,1273
5733,1301,1202,1273,1274
5734,1273,1345,1274,1254
5735,1274,1326,1256,1254
5736,1326,1256,1227,1299
5737,1256,1328,1230,1299
5738,1299,1302,1230,1300
5739,1302,1231,1300,1303
5740,1327,1257,1229,1301
5741,1257,1329,1232,1301
5742,1301,1304,1232,1274
5743,1304,1203,1274,1275
5744,1274,1346,1275,1256
5745,1275,1328,1258,1256
5746,1328,1258,1230,1302
5747,1258,1330,1233,1302
5748,1302,1305,1233,1303
5749,1305,1234,1303,1306
5750,1329,1259,1232,1304
5751,1259,1331,1235,1304
5752,1304,1307,1235,1275
5753,1307,1204,1275,1276
5754,1275,1347,1276,1258
5755,1276,1330,1260,1258
5756,1330,1260,1233,1305
5757,1260,1332,1236,1305
5758,1305,1308,1236,1306
5759,1308,1237,1306,1309
5760,1331,1261,1235,1307
5761,1261,1333,1238,1307
5762,1307,1310,1238,1276
5763,1310,1205,1276,1277
5764,1276,1348,1277,1260
5765,1277,1332,1262,1260
5766,1332,1262,1236,1308
5767,1262,1334,1239,1308
5768,1308,1311,1239,1309
5769,1311,1240,1309,1312
5770,1333,1263,1238,1310
5771,1263,1335,1241,1310
5772,1310,1313,1241,1277
5773,1313,1206,1277,1278
5774,1277,1349,1278,1262
5775,1278,1334,1264,1262
5776,1334,1264,1239,1311
5777,1264,1336,1242,1311
5778,1311,1314,1242,1312
5779,1314,1243,1312,1315
5780,1335,1265,1241,1313
5781,1265,1337,1244,1313
5782,1313,1316,1244,1278
5783,1316,1207,1278,1279
5784,1278,1350,1279,1264
5785,1279,1336,1266,1264
5786,1336,1266,1242,1314
5787,1266,1338,1245,1314
5788,1314,1317,1245,1315
5789,1317,1246,1315,1318
5790,1337,1268,1244,1316
5791,1268,1340,1249,1316
5792,1316,1321,1249,1279
5793,1321,1216,1279,1288
5794,1279,1351,1288,1266
5795,1288,1338,1270,1266
5796,1338,1270,1245,1317
5797,1270,1342,1251,1317
5798,1317,1323,1251,1318
5799,1323,1271,1318,1343
5800,1281,1352,1280,1282
5801,1319,1281,1211,1283
5802,1281,1353,1282,1283
5803,1283,1354,1282,1284
5804,1267,1339,1319,1248
5805,1319,1320,1283,1248
5806,1320,1283,1213,1285
5807,1283,1355,1284,1285
5808,1285,1356,1284,1286
5809,1287,1339,1267,1269
5810,1339,1248,1269,1320
5811,1269,1341,1320,1250
5812,1320,1322,1285,1250
5813,1322,1285,1217,1289
5814,1285,1357,1286,1289
5815,1289,1358,1286,1290
5816,1340,1287,1249,1321
5817,1287,1359,1269,1321
5818,1321,1341,1269,1288
5819,1341,1250,1288,1322
5820,1288,1360,1322,1270
5821,1322,1342,1289,1270
5822,1342,1289,1251,1323
5823,1289,1361,1290,1323
5824,1323,1362,1290,1343
5825,1292,1363,1293,1291
5826,1324,1222,1292,1294
5827,1292,1364,1294,1293
5828,1294,1365,1295,1293
5829,1272,1344,1253,1324
5830,1324,1325,1253,1294
5831,1325,1224,1294,1296
5832,1294,1366,1296,1295
5833,1296,1367,1297,1295
5834,1298,1344,1273,1272
5835,1344,1273,1253,1325
5836,1273,1345,1254,1325
5837,1325,1326,1254,1296
5838,1326,1227,1296,1299
5839,1296,1368,1299,1297
5840,1299,1369,1300,1297
5841,1327,1229,1298,1301
5842,1298,1370,1301,1273
5843,1301,1345,1274,1273
5844,1345,1274,1254,1326
5845,1274,1346,1256,1326
5846,1326,1328,1256,1299
5847,1328,1230,1299,1302
5848,1299,1371,1302,1300
5849,1302,1372,1303,1300
5850,1327,1329,1257,1301
5851,1329,1232,1301,1304
5852,1301,1373,1304,1274
5853,1304,1346,1275,1274
5854,1346,1275,1256,1328
5855,1275,1347,1258,1328
5856,1328,1330,1258,1302
5857,1330,1233,1302,1305
5858,1302,1374,1305,1303
5859,1305,1375,1306,1303
5860,1329,1331,1259,1304
5861,1331,1235,1304,1307
5862,1304,1376,1307,1275
5863,1307,1347,1276,1275
5864,1347,1276,1258,1330
5865,1276,1348,1260,1330
5866,1330,1332,1260,1305
5867,1332,1236,1305,1308
5868,1305,1377,1308,1306
5869,1308,1378,1309,1306
5870,1331,1333,1261,1307
5871,1333,1238,1307,1310
5872,1307,1379,1310,1276
5873,1310,1348,1277,1276
5874,1348,1277,1260,1332
5875,1277,1349,1262,1332
5876,1332,1334,1262,1308
5877,1334,1239,1308,1311
5878,1308,1380,1311,1309
5879,1311,1381,1312,1309
5880,1333,1335,1263,1310
5881,1335,1241,1310,1313
5882,1310,1382,1313,1277
5883,1313,1349,1278,1277
5884,1349,1278,1262,1334
5885,1278,1350,1264,1334
5886,1334,1336,1264,1311
5887,1336,1242,1311,1314
5888,1311,1383,1314,1312
5889,1314,1384,1315,1312
5890,1335,1337,1265,1313
5891,1337,1244,1313,1316
5892,1313,1385,1316,1278
5893,1316,1350,1279,1278
5894,1350,1279,1264,1336
5895,1279,1351,1266,1336
5896,1336,1338,1266,1314
5897,1338,1245,1314,1317
5898,1314,1386,1317,1315
5899,1317,1387,1318,1315
5900,1337,1340,1268,1316
5901,1340,1249,1316,1321
5902,1316,1388,1321,1279
5903,1321,1351,1288,1279
5904,1351,1288,1266,1338
5905,1288,1360,1270,1338
5906,1338,1342,1270,1317
5907,1342,1251,1317,1323
5908,1317,1389,1323,1318
5909,1323,1390,1343,1318
5910,1281,1353,1352,1282
5911,1319,1353,1281,1283
5912,1353,1282,1283,1354
5913,1283,1355,1354,1284
5914,1339,1319,1248,1320
5915,1319,1391,1283,1320
5916,1320,1355,1283,1285
5917,1355,1284,1285,1356
5918,1285,1357,1356,1286
5919,1287,1359,1339,1269
5920,1339,1341,1320,1269
5921,1341,1320,1250,1322
5922,1320,1392,1285,1322
5923,1322,1357,1285,1289
5924,1357,1286,1289,1358
5925,1289,1361,1358,1290
5926,1340,1359,1287,1321
5927,1359,1269,1321,1341
5928,1321,1393,1341,1288
5929,1341,1360,1322,1288
5930,1360,1322,1270,1342
5931,1322,1394,1289,1342
5932,1342,1361,1289,1323
5933,1361,1290,1323,1362
5934,1323,1395,1362,1343
5935,1292,1364,1293,1363
5936,1324,1364,1294,1292
5937,1364,1294,1293,1365
5938,1294,1366,1295,1365
5939,1344,1253,1324,1325
5940,1324,1396,1325,1294
5941,1325,1366,1296,1294
5942,1366,1296,1295,1367
5943,1296,1368,1297,1367
5944,1298,1370,1273,1344
5945,1344,1345,1273,1325
5946,1345,1254,1325,1326
5947,1325,1397,1326,1296
5948,1326,1368,1299,1296
5949,1368,1299,1297,1369
5950,1299,1371,1300,1369
5951,1327,1370,1301,1298
5952,1370,1301,1273,1345
5953,1301,1373,1274,1345
5954,1345,1346,1274,1326
5955,1346,1256,1326,1328
5956,1326,1398,1328,1299
5957,1328,1371,1302,1299
5958,1371,1302,1300,1372
5959,1302,1374,1303,1372
5960,1327,1399,1329,1301
5961,1329,1373,1304,1301
5962,1373,1304,1274,1346
5963,1304,1376,1275,1346
5964,1346,1347,1275,1328
5965,1347,1258,1328,1330
5966,1328,1400,1330,1302
5967,1330,1374,1305,1302
5968,1374,1305,1303,1375
5969,1305,1377,1306,1375
5970,1329,1401,1331,1304
5971,1331,1376,1307,1304
5972,1376,1307,1275,1347
5973,1307,1379,1276,1347
5974,1347,1348,1276,1330
5975,1348,1260,1330,1332
5976,1330,1402,1332,1305
5977,1332,1377,1308,1305
5978,1377,1308,1306,1378
5979,1308,1380,1309,1378
5980,1331,1403,1333,1307
5981,1333,1379,1310,1307
5982,1379,1310,1276,1348
5983,1310,1382,1277,1348
5984,1348,1349,1277,1332
5985,1349,1262,1332,1334
5986,1332,1404,1334,1308
5987,1334,1380,1311,1308
5988,1380,1311,1309,1381
5989,1311,1383,1312,1381
5990,1333,1405,1335,1310
5991,1335,1382,1313,1310
5992,1382,1313,1277,1349
5993,1313,1385,1278,1349
5994,1349,1350,1278,1334
5995,1350,1264,1334,1336
5996,1334,1406,1336,1311
5997,1336,1383,1314,1311
5998,1383,1314,1312,1384
5999,1314,1386,1315,1384
6000,1335,1407,1337,1313
6001,1337,1385,1316,1313
6002,1385,1316,1278,1350
6003,1316,1388,1279,1350
6004,1350,1351,1279,1336
6005,1351,1266,1336,1338
6006,1336,1408,1338,1314
6007,1338,1386,1317,1314
6008,1386,1317,1315,1387
6009,1317,1389,1318,1387
6010,1337,1409,1340,1316
6011,1340,1388,1321,1316
6012,1388,1321,1279,1351
6013,1321,1393,1288,1351
6014,1351,1360,1288,1338
6015,1360,1270,1338,1342
6016,1338,1410,1342,1317
6017,1342,1389,1323,1317
6018,1389,1323,1318,1390
6019,1323,1395,1343,1390
6020,1353,1352,1282,1354
6021,1319,1391,1353,1283
6022,1353,1355,1354,1283
6023,1355,1354,1284,1356
6024,1339,1391,1319,1320
6025,1391,1283,1320,1355
6026,1320,1392,1355,1285
6027,1355,1357,1356,1285
6028,1357,1356,1286,1358
6029,1359,1339,1269,1341
6030,1339,1411,1320,1341
6031,1341,1392,1320,1322
6032,1392,1285,1322,1357
6033,1322,1394,1357,1289
6034,1357,1361,1358,1289
6035,1361,1358,1290,1362
6036,1340,1412,1359,1321
6037,1359,1393,1341,1321
6038,1393,1341,1288,1360
6039,1341,1413,1322,1360
6040,1360,1394,1322,1342
6041,1394,1289,1342,1361
6042,1342,1414,1361,1323
6043,1361,1395,1362,1323
6044,1395,1362,1343,1415
6045,1364,1293,1363,1365
6046,1324,1396,1294,1364
6047,1364,1366,1294,1365
6048,1366,1295,1365,1367
6049,1344,1396,1325,1324
6050,1396,1325,1294,1366
6051,1325,1397,1296,1366
6052,1366,1368,1296,1367
6053,1368,1297,1367,1369
6054,1370,1273,1344,1345
6055,1344,1416,1345,1325
6056,1345,1397,1326,1325
6057,1397,1326,1296,1368
6058,1326,1398,1299,1368
6059,1368,1371,1299,1369
6060,1371,1300,1369,1372
6061,1327,1399,1301,1370
6062,1370,1373,1301,1345
6063,1373,1274,1345,1346
6064,1345,1417,1346,1326
6065,1346,1398,1328,1326
6066,1398,1328,1299,1371
6067,1328,1400,1302,1371
6068,1371,1374,1302,1372
6069,1374,1303,1372,1375
6070,1399,1329,1301,1373
6071,1329,1401,1304,1373
6072,1373,1376,1304,1346
6073,1376,1275,1346,1347
6074,1346,1418,1347,1328
6075,1347,1400,1330,1328
6076,1400,1330,1302,1374
6077,1330,1402,1305,1374
6078,1374,1377,1305,1375
6079,1377,1306,1375,1378
6080,1401,1331,1304,1376
6081,1331,1403,1307,1376
6082,1376,1379,1307,1347
6083,1379,1276,1347,1348
6084,1347,1419,1348,1330
6085,1348,1402,1332,1330
6086,1402,1332,1305,1377
6087,1332,1404,1308,1377
6088,1377,1380,1308,1378
6089,1380,1309,1378,1381
6090,1403,1333,1307,1379
6091,1333,1405,1310,1379
6092,1379,1382,1310,1348
6093,1382,1277,1348,1349
6094,1348,1420,1349,1332
6095,1349,1404,1334,1332
6096,1404,1334,1308,1380
6097,1334,1406,1311,1380
6098,1380,1383,1311,1381
6099,1383,1312,1381,1384
6100,1405,1335,1310,1382
6101,1335,1407,1313,1382
6102,1382,1385,1313,1349
6103,1385,1278,1349,1350
6104,1349,1421,1350,1334
6105,1350,1406,1336,1334
6106,1406,1336,1311,1383
6107,1336,1408,1314,1383
6108,1383,1386,1314,1384
6109,1386,1315,1384,1387
6110,1407,1337,1313,1385
6111,1337,1409,1316,1385
6112,1385,1388,1316,1350
6113,1388,1279,1350,1351
6114,1350,1422,1351,1336
6115,1351,1408,1338,1336
6116,1408,1338,1314,1386
6117,1338,1410,1317,1386
6118,1386,1389,1317,1387
6119,1389,1318,1387,1390
6120,1409,1340,1316,1388
6121,1340,1412,1321,1388
6122,1388,1393,1321,1351
6123,1393,1288,1351,1360
6124,1351,1423,1360,1338
6125,1360,1410,1342,1338
6126,1410,1342,1317,1389
6127,1342,1414,1323,1389
6128,1389,1395,1323,1390
6129,1395,1343,1390,1415
6130,1353,1424,1352,1354
6131,1391,1353,1283,1355
6132,1353,1425,1354,1355
6133,1355,1426,1354,1356
6134,1339,1411,1391,1320
6135,1391,1392,1355,1320
6136,1392,1355,1285,1357
6137,1355,1427,1356,1357
6138,1357,1428,1356,1358
6139,1359,1411,1339,1341
6140,1411,1320,1341,1392
6141,1341,1413,1392,1322
6142,1392,1394,1357,1322
6143,1394,1357,1289,1361
6144,1357,1429,1358,1361
6145,1361,1430,1358,1362
6146,1412,1359,1321,1393
6147,1359,1431,1341,1393
6148,1393,1413,1341,1360
6149,1413,1322,1360,1394
6150,1360,1432,1394,1342
6151,1394,1414,1361,1342
6152,1414,1361,1323,1395
6153,1361,1433,1362,1395
6154,1395,1434,1362,1415
6155,1364,1435,1365,1363
6156,1396,1294,1364,1366
6157,1364,1436,1366,1365
6158,1366,1437,1367,1365
6159,1344,1416,1325,1396
6160,1396,1397,1325,1366
6161,1397,1296,1366,1368
6162,1366,1438,1368,1367
6163,1368,1439,1369,1367
6164,1370,1416,1345,1344
6165,1416,1345,1325,1397
6166,1345,1417,1326,1397
6167,1397,1398,1326,1368
6168,1398,1299,1368,1371
6169,1368,1440,1371,1369
6170,1371,1441,1372,1369
6171,1399,1301,1370,1373
6172,1370,1442,1373,1345
6173,1373,1417,1346,1345
6174,1417,1346,1326,1398
6175,1346,1418,1328,1398
6176,1398,1400,1328,1371
6177,1400,1302,1371,1374
6178,1371,1443,1374,1372
6179,1374,1444,1375,1372
6180,1399,1401,1329,1373
6181,1401,1304,1373,1376
6182,1373,1445,1376,1346
6183,1376,1418,1347,1346
6184,1418,1347,1328,1400
6185,1347,1419,1330,1400
6186,1400,1402,1330,1374
6187,1402,1305,1374,1377
6188,1374,1446,1377,1375
6189,1377,1447,1378,1375
6190,1401,1403,1331,1376
6191,1403,1307,1376,1379
6192,1376,1448,1379,1347
6193,1379,1419,1348,1347
6194,1419,1348,1330,1402
6195,1348,1420,1332,1402
6196,1402,1404,1332,1377
6197,1404,1308,1377,1380
6198,1377,1449,1380,1378
6199,1380,1450,1381,1378
6200,1403,1405,1333,1379
6201,1405,1310,1379,1382
6202,1379,1451,1382,1348
6203,1382,1420,1349,1348
6204,1420,1349,1332,1404
6205,1349,1421,1334,1404
6206,1404,1406,1334,1380
6207,1406,1311,1380,1383
6208,1380,1452,1383,1381
6209,1383,1453,1384,1381
6210,1405,1407,1335,1382
6211,1407,1313,1382,1385
6212,1382,1454,1385,1349
6213,1385,1421,1350,1349
6214,1421,1350,1334,1406
6215,1350,1422,1336,1406
6216,1406,1408,1336,1383
6217,1408,1314,1383,1386
6218,1383,1455,1386,1384
6219,1386,1456,1387,1384
6220,1407,1409,1337,1385
6221,1409,1316,1385,1388
6222,1385,1457,1388,1350
6223,1388,1422,1351,1350
6224,1422,1351,1336,1408
6225,1351,1423,1338,1408
6226,1408,1410,1338,1386
6227,1410,1317,1386,1389
6228,1386,1458,1389,1387
6229,1389,1459,1390,1387
6230,1409,1412,1340,1388
6231,1412,1321,1388,1393
6232,1388,1460,1393,1351
6233,1393,1423,1360,1351
6234,1423,1360,1338,1410
6235,1360,1432,1342,1410
6236,1410,1414,1342,1389
6237,1414,1323,1389,1395
6238,1389,1461,1395,1390
6239,1395,1462,1415,1390
6240,1353,1425,1424,1354
6241,1391,1425,1353,1355
6242,1425,1354,1355,1426
6243,1355,1427,1426,1356
6244,1411,1391,1320,1392
6245,1391,1463,1355,1392
6246,1392,1427,1355,1357
6247,1427,1356,1357,1428
6248,1357,1429,1428,1358
6249,1359,1431,1411,1341
6250,1411,1413,1392,1341
6251,1413,1392,1322,1394
6252,1392,1464,1357,1394
6253,1394,1429,1357,1361
6254,1429,1358,1361,1430
6255,1361,1433,1430,1362
6256,1412,1431,1359,1393
6257,1431,1341,1393,1413
6258,1393,1465,1413,1360
6259,1413,1432,1394,1360
6260,1432,1394,1342,1414
6261,1394,1466,1361,1414
6262,1414,1433,1361,1395
6263,1433,1362,1395,1434
6264,1395,1467,1434,1415
6265,1364,1436,1365,1435
6266,1396,1436,1366,1364
6267,1436,1366,1365,1437
6268,1366,1438,1367,1437
6269,1416,1325,1396,1397
6270,1396,1468,1397,1366
6271,1397,1438,1368,1366
6272,1438,1368,1367,1439
6273,1368,1440,1369,1439
6274,1370,1442,1345,1416
6275,1416,1417,1345,1397
6276,1417,1326,1397,1398
6277,1397,1469,1398,1368
6278,1398,1440,1371,1368
6279,1440,1371,1369,1441
6280,1371,1443,1372,1441
6281,1399,1442,1373,1370
6282,1442,1373,1345,1417
6283,1373,1445,1346,1417
6284,1417,1418,1346,1398
6285,1418,1328,1398,1400
6286,1398,1470,1400,1371
6287,1400,1443,1374,1371
6288,1443,1374,1372,1444
6289,1374,1446,1375,1444
6290,1399,1471,1401,1373
6291,1401,1445,1376,1373
6292,1445,1376,1346,1418
6293,1376,1448,1347,1418
6294,1418,1419,1347,1400
6295,1419,1330,1400,1402
6296,1400,1472,1402,1374
6297,1402,1446,1377,1374
6298,1446,1377,1375,1447
6299,1377,1449,1378,1447
6300,1401,1473,1403,1376
6301,1403,1448,1379,1376
6302,1448,1379,1347,1419
6303,1379,1451,1348,1419
6304,1419,1420,1348,1402
6305,1420,1332,1402,1404
6306,1402,1474,1404,1377
6307,1404,1449,1380,1377
6308,1449,1380,1378,1450
6309,1380,1452,1381,1450
6310,1403,1475,1405,1379
6311,1405,1451,1382,1379
6312,1451,1382,1348,1420
6313,1382,1454,1349,1420
6314,1420,1421,1349,1404
6315,1421,1334,1404,1406
6316,1404,1476,1406,1380
6317,1406,1452,1383,1380
6318,1452,1383,1381,1453
6319,1383,1455,1384,1453
6320,1405,1477,1407,1382
6321,1407,1454,1385,1382
6322,1454,1385,1349,1421
6323,1385,1457,1350,1421
6324,1421,1422,1350,1406
6325,1422,1336,1406,1408
6326,1406,1478,1408,1383
6327,1408,1455,1386,1383
6328,1455,1386,1384,1456
6329,1386,1458,1387,1456
6330,1407,1479,1409,1385
6331,1409,1457,1388,1385
6332,1457,1388,1350,1422
6333,1388,1460,1351,1422
6334,1422,1423,1351,1408
6335,1423,1338,1408,1410
6336,1408,1480,1410,1386
6337,1410,1458,1389,1386
6338,1458,1389,1387,1459
6339,1389,1461,1390,1459
6340,1409,1481,1412,1388
6341,1412,1460,1393,1388
6342,1460,1393,1351,1423
6343,1393,1465,1360,1423
6344,1423,1432,1360,1410
6345,1432,1342,1410,1414
6346,1410,1482,1414,1389
6347,1414,1461,1395,1389
6348,1461,1395,1390,1462
6349,1395,1467,1415,1462
6350,1425,1424,1354,1426
6351,1391,1463,1425,1355
6352,1425,1427,1426,1355
6353,1427,1426,1356,1428
6354,1411,1463,1391,1392
6355,1463,1355,1392,1427
6356,1392,1464,1427,1357
6357,1427,1429,1428,1357
6358,1429,1428,1358,1430
6359,1431,1411,1341,1413
6360,1411,1483,1392,1413
6361,1413,1464,1392,1394
6362,1464,1357,1394,1429
6363,1394,1466,1429,1361
6364,1429,1433,1430,1361
6365,1433,1430,1362,1434
6366,1412,1484,1431,1393
6367,1431,1465,1413,1393
6368,1465,1413,1360,1432
6369,1413,1485,1394,1432
6370,1432,1466,1394,1414
6371,1466,1361,1414,1433
6372,1414,1486,1433,1395
6373,1433,1467,1434,1395
6374,1467,1434,1415,1487
6375,1436,1365,1435,1437
6376,1396,1468,1366,1436
6377,1436,1438,1366,1437
6378,1438,1367,1437,1439
6379,1416,1468,1397,1396
6380,1468,1397,1366,1438
6381,1397,1469,1368,1438
6382,1438,1440,1368,1439
6383,1440,1369,1439,1441
6384,1442,1345,1416,1417
6385,1416,1488,1417,1397
6386,1417,1469,1398,1397
6387,1469,1398,1368,1440
6388,1398,1470,1371,1440
6389,1440,1443,1371,1441
6390,1443,1372,1441,1444
6391,1399,1471,1373,1442
6392,1442,1445,1373,1417
6393,1445,1346,1417,1418
6394,1417,1489,1418,1398
6395,1418,1470,1400,1398
6396,1470,1400,1371,1443
6397,1400,1472,1374,1443
6398,1443,1446,1374,1444
6399,1446,1375,1444,1447
6400,1471,1401,1373,1445
6401,1401,1473,1376,1445
6402,1445,1448,1376,1418
6403,1448,1347,1418,1419
6404,1418,1490,1419,1400
6405,1419,1472,1402,1400
6406,1472,1402,1374,1446
6407,1402,1474,1377,1446
6408,1446,1449,1377,1447
6409,1449,1378,1447,1450
6410,1473,1403,1376,1448
6411,1403,1475,1379,1448
6412,1448,1451,1379,1419
6413,1451,1348,1419,1420
6414,1419,1491,1420,1402
6415,1420,1474,1404,1402
6416,1474,1404,1377,1449
6417,1404,1476,1380,1449
6418,1449,1452,1380,1450
6419,1452,1381,1450,1453
6420,1475,1405,1379,1451
6421,1405,1477,1382,1451
6422,1451,1454,1382,1420
6423,1454,1349,1420,1421
6424,1420,1492,1421,1404
6425,1421,1476,1406,1404
6426,1476,1406,1380,1452
6427,1406,1478,1383,1452
6428,1452,1455,1383,1453
6429,1455,1384,1453,1456
6430,1477,1407,1382,1454
6431,1407,1479,1385,1454
6432,1454,1457,1385,1421
6433,1457,1350,1421,1422
6434,1421,1493,1422,1406
6435,1422,1478,1408,1406
6436,1478,1408,1383,1455
6437,1408,1480,1386,1455
6438,1455,1458,1386,1456
6439,1458,1387,1456,1459
6440,1479,1409,1385,1457
6441,1409,1481,1388,1457
6442,1457,1460,1388,1422
6443,1460,1351,1422,1423
6444,1422,1494,1423,1408
6445,1423,1480,1410,1408
6446,1480,1410,1386,1458
6447,1410,1482,1389,1458
6448,1458,1461,1389,1459
6449,1461,1390,1459,1462
6450,1481,1412,1388,1460
6451,1412,1484,1393,1460
6452,1460,1465,1393,1423
6453,1465,1360,1423,1432
6454,1423,1495,1432,1410
6455,1432,1482,1414,1410
6456,1482,1414,1389,1461
6457,1414,1486,1395,1461
6458,1461,1467,1395,1462
6459,1467,1415,1462,1487
6460,1425,1496,1424,1426
6461,1463,1425,1355,1427
6462,1425,1497,1426,1427
6463,1427,1498,1426,1428
6464,1411,1483,1463,1392
6465,1463,1464,1427,1392
6466,1464,1427,1357,1429
6467,1427,1499,1428,1429
6468,1429,1500,1428,1430
6469,1431,1483,1411,1413
6470,1483,1392,1413,1464
6471,1413,1485,1464,1394
6472,1464,1466,1429,1394
6473,1466,1429,1361,1433
6474,1429,1501,1430,1433
6475,1433,1502,1430,1434
6476,1484,1431,1393,1465
6477,1431,1503,1413,1465
6478,1465,1485,1413,1432
6479,1485,1394,1432,1466
6480,1432,1504,1466,1414
6481,1466,1486,1433,1414
6482,1486,1433,1395,1467
6483,1433,1505,1434,1467
6484,1467,1506,1434,1487
6485,1436,1507,1437,1435
6486,1468,1366,1436,1438
6487,1436,1508,1438,1437
6488,1438,1509,1439,1437
6489,1416,1488,1397,1468
6490,1468,1469,1397,1438
6491,1469,1368,1438,1440
6492,1438,1510,1440,1439
6493,1440,1511,1441,1439
6494,1442,1488,1417,1416
6495,1488,1417,1397,1469
6496,1417,1489,1398,1469
6497,1469,1470,1398,1440
6498,1470,1371,1440,1443
6499,1440,1512,1443,1441
6500,1443,1513,1444,1441
6501,1471,1373,1442,1445
6502,1442,1514,1445,1417
6503,1445,1489,1418,1417
6504,1489,1418,1398,1470
6505,1418,1490,1400,1470
6506,1470,1472,1400,1443
6507,1472,1374,1443,1446
6508,1443,1515,1446,1444
6509,1446,1516,1447,1444
6510,1471,1473,1401,1445
6511,1473,1376,1445,1448
6512,1445,1517,1448,1418
6513,1448,1490,1419,1418
6514,1490,1419,1400,1472
6515,1419,1491,1402,1472
6516,1472,1474,1402,1446
6517,1474,1377,1446,1449
6518,1446,1518,1449,1447
6519,1449,1519,1450,1447
6520,1473,1475,1403,1448
6521,1475,1379,1448,1451
6522,1448,1520,1451,1419
6523,1451,1491,1420,1419
6524,1491,1420,1402,1474
6525,1420,1492,1404,1474
6526,1474,1476,1404,1449
6527,1476,1380,1449,1452
6528,1449,1521,1452,1450
6529,1452,1522,1453,1450
6530,1475,1477,1405,1451
6531,1477,1382,1451,1454
6532,1451,1523,1454,1420
6533,1454,1492,1421,1420
6534,1492,1421,1404,1476
6535,1421,1493,1406,1476
6536,1476,1478,1406,1452
6537,1478,1383,1452,1455
6538,1452,1524,1455,1453
6539,1455,1525,1456,1453
6540,1477,1479,1407,1454
6541,1479,1385,1454,1457
6542,1454,1526,1457,1421
6543,1457,1493,1422,1421
6544,1493,1422,1406,1478
6545,1422,1494,1408,1478
6546,1478,1480,1408,1455
6547,1480,1386,1455,1458
6548,1455,1527,1458,1456
6549,1458,1528,1459,1456
6550,1479,1481,1409,1457
6551,1481,1388,1457,1460
6552,1457,1529,1460,1422
6553,1460,1494,1423,1422
6554,1494,1423,1408,1480
6555,1423,1495,1410,1480
6556,1480,1482,1410,1458
6557,1482,1389,1458,1461
6558,1458,1530,1461,1459
6559,1461,1531,1462,1459
6560,1481,1484,1412,1460
6561,1484,1393,1460,1465
6562,1460,1532,1465,1423
6563,1465,1495,1432,1423
6564,1495,1432,1410,1482
6565,1432,1504,1414,1482
6566,1482,1486,1414,1461
6567,1486,1395,1461,1467
6568,1461,1533,1467,1462
6569,1467,1534,1487,1462
6570,1425,1497,1496,1426
6571,1463,1497,1425,1427
6572,1497,1426,1427,1498
6573,1427,1499,1498,1428
6574,1483,1463,1392,1464
6575,1463,1535,1427,1464
6576,1464,1499,1427,1429
6577,1499,1428,1429,1500
6578,1429,1501,1500,1430
6579,1431,1503,1483,1413
6580,1483,1485,1464,1413
6581,1485,1464,1394,1466
6582,1464,1536,1429,1466
6583,1466,1501,1429,1433
6584,1501,1430,1433,1502
6585,1433,1505,1502,1434
6586,1484,1503,1431,1465
6587,1503,1413,1465,1485
6588,1465,1537,1485,1432
6589,1485,1504,1466,1432
6590,1504,1466,1414,1486
6591,1466,1538,1433,1486
6592,1486,1505,1433,1467
6593,1505,1434,1467,1506
6594,1467,1539,1506,1487
6595,1436,1508,1437,1507
6596,1468,1508,1438,1436
6597,1508,1438,1437,1509
6598,1438,1510,1439,1509
6599,1488,1397,1468,1469
6600,1468,1540,1469,1438
6601,1469,1510,1440,1438
6602,1510,1440,1439,1511
6603,1440,1512,1441,1511
6604,1442,1514,1417,1488
6605,1488,1489,1417,1469
6606,1489,1398,1469,1470
6607,1469,1541,1470,1440
6608,1470,1512,1443,1440
6609,1512,1443,1441,1513
6610,1443,1515,1444,1513
6611,1471,1514,1445,1442
6612,1514,1445,1417,1489
6613,1445,1517,1418,1489
6614,1489,1490,1418,1470
6615,1490,1400,1470,1472
6616,1470,1542,1472,1443
6617,1472,1515,1446,1443
6618,1515,1446,1444,1516
6619,1446,1518,1447,1516
6620,1471,1543,1473,1445
6621,1473,1517,1448,1445
6622,1517,1448,1418,1490
6623,1448,1520,1419,1490
6624,1490,1491,1419,1472
6625,1491,1402,1472,1474
6626,1472,1544,1474,1446
6627,1474,1518,1449,1446
6628,1518,1449,1447,1519
6629,1449,1521,1450,1519
6630,1473,1545,1475,1448
6631,1475,1520,1451,1448
6632,1520,1451,1419,1491
6633,1451,1523,1420,1491
6634,1491,1492,1420,1474
6635,1492,1404,1474,1476
6636,1474,1546,1476,1449
6637,1476,1521,1452,1449
6638,1521,1452,1450,1522
6639,1452,1524,1453,1522
6640,1475,1547,1477,1451
6641,1477,1523,1454,1451
6642,1523,1454,1420,1492
6643,1454,1526,1421,1492
6644,1492,1493,1421,1476
6645,1493,1406,1476,1478
6646,1476,1548,1478,1452
6647,1478,1524,1455,1452
6648,1524,1455,1453,1525
6649,1455,1527,1456,1525
6650,1477,1549,1479,1454
6651,1479,1526,1457,1454
6652,1526,1457,1421,1493
6653,1457,1529,1422,1493
6654,1493,1494,1422,1478
6655,1494,1408,1478,1480
6656,1478,1550,1480,1455
6657,1480,1527,1458,1455
6658,1527,1458,1456,1528
6659,1458,1530,1459,1528
6660,1479,1551,1481,1457
6661,1481,1529,1460,1457
6662,1529,1460,1422,1494
6663,1460,1532,1423,1494
6664,1494,1495,1423,1480
6665,1495,1410,1480,1482
6666,1480,1552,1482,1458
6667,1482,1530,1461,1458
6668,1530,1461,1459,1531
6669,1461,1533,1462,1531
6670,1481,1553,1484,1460
6671,1484,1532,1465,1460
6672,1532,1465,1423,1495
6673,1465,1537,1432,1495
6674,1495,1504,1432,1482
6675,1504,1414,1482,1486
6676,1482,1554,1486,1461
6677,1486,1533,1467,1461
6678,1533,1467,1462,1534
6679,1467,1539,1487,1534
6680,1497,1496,1426,1498
6681,1463,1535,1497,1427
6682,1497,1499,1498,1427
6683,1499,1498,1428,1500
6684,1483,1535,1463,1464
6685,1535,1427,1464,1499
6686,1464,1536,1499,1429
6687,1499,1501,1500,1429
6688,1501,1500,1430,1502
6689,1503,1483,1413,1485
6690,1483,1555,1464,1485
6691,1485,1536,1464,1466
6692,1536,1429,1466,1501
6693,1466,1538,1501,1433
6694,1501,1505,1502,1433
6695,1505,1502,1434,1506
6696,1484,1556,1503,1465
6697,1503,1537,1485,1465
6698,1537,1485,1432,1504
6699,1485,1557,1466,1504
6700,1504,1538,1466,1486
6701,1538,1433,1486,1505
6702,1486,1558,1505,1467
6703,1505,1539,1506,1467
6704,1539,1506,1487,1559
6705,1508,1437,1507,1509
6706,1468,1540,1438,1508
6707,1508,1510,1438,1509
6708,1510,1439,1509,1511
6709,1488,1540,1469,1468
6710,1540,1469,1438,1510
6711,1469,1541,1440,1510
6712,1510,1512,1440,1511
6713,1512,1441,1511,1513
6714,1514,1417,1488,1489
6715,1488,1560,1489,1469
6716,1489,1541,1470,1469
6717,1541,1470,1440,1512
6718,1470,1542,1443,1512
6719,1512,1515,1443,1513
6720,1515,1444,1513,1516
6721,1471,1543,1445,1514
6722,1514,1517,1445,1489
6723,1517,1418,1489,1490
6724,1489,1561,1490,1470
6725,1490,1542,1472,1470
6726,1542,1472,1443,1515
6727,1472,1544,1446,1515
6728,1515,1518,1446,1516
6729,1518,1447,1516,1519
6730,1543,1473,1445,1517
6731,1473,1545,1448,1517
6732,1517,1520,1448,1490
6733,1520,1419,1490,1491
6734,1490,1562,1491,1472
6735,1491,1544,1474,1472
6736,1544,1474,1446,1518
6737,1474,1546,1449,1518
6738,1518,1521,1449,1519
6739,1521,1450,1519,1522
6740,1545,1475,1448,1520
6741,1475,1547,1451,1520
6742,1520,1523,1451,1491
6743,1523,1420,1491,1492
6744,1491,1563,1492,1474
6745,1492,1546,1476,1474
6746,1546,1476,1449,1521
6747,1476,1548,1452,1521
6748,1521,1524,1452,1522
6749,1524,1453,1522,1525
6750,1547,1477,1451,1523
6751,1477,1549,1454,1523
6752,1523,1526,1454,1492
6753,1526,1421,1492,1493
6754,1492,1564,1493,1476
6755,1493,1548,1478,1476
6756,1548,1478,1452,1524
6757,1478,1550,1455,1524
6758,1524,1527,1455,1525
6759,1527,1456,1525,1528
6760,1549,1479,1454,1526
6761,1479,1551,1457,1526
6762,1526,1529,1457,1493
6763,1529,1422,1493,1494
6764,1493,1565,1494,1478
6765,1494,1550,1480,1478
6766,1550,1480,1455,1527
6767,1480,1552,1458,1527
6768,1527,1530,1458,1528
6769,1530,1459,1528,1531
6770,1551,1481,1457,1529
6771,1481,1553,1460,1529
6772,1529,1532,1460,1494
6773,1532,1423,1494,1495
6774,1494,1566,1495,1480
6775,1495,1552,1482,1480
6776,1552,1482,1458,1530
6777,1482,1554,1461,1530
6778,1530,1533,1461,1531
6779,1533,1462,1531,1534
6780,1553,1484,1460,1532
6781,1484,1556,1465,1532
6782,1532,1537,1465,1495
6783,1537,1432,1495,1504
6784,1495,1567,1504,1482
6785,1504,1554,1486,1482
6786,1554,1486,1461,1533
6787,1486,1558,1467,1533
6788,1533,1539,1467,1534
6789,1539,1487,1534,1559
6790,1497,1568,1496,1498
6791,1535,1497,1427,1499
6792,1497,1569,1498,1499
6793,1499,1570,1498,1500
6794,1483,1555,1535,1464
6795,1535,1536,1499,1464
6796,1536,1499,1429,1501
6797,1499,1571,1500,1501
6798,1501,1572,1500,1502
6799,1503,1555,1483,1485
6800,1555,1464,1485,1536
6801,1485,1557,1536,1466
6802,1536,1538,1501,1466
6803,1538,1501,1433,1505
6804,1501,1573,1502,1505
6805,1505,1574,1502,1506
6806,1556,1503,1465,1537
6807,1503,1575,1485,1537
6808,1537,1557,1485,1504
6809,1557,1466,1504,1538
6810,1504,1576,1538,1486
6811,1538,1558,1505,1486
6812,1558,1505,1467,1539
6813,1505,1577,1506,1539
6814,1539,1578,1506,1559
6815,1508,1579,1509,1507
6816,1540,1438,1508,1510
6817,1508,1580,1510,1509
6818,1510,1581,1511,1509
6819,1488,1560,1469,1540
6820,1540,1541,1469,1510
6821,1541,1440,1510,1512
6822,1510,1582,1512,1511
6823,1512,1583,1513,1511
6824,1514,1560,1489,1488
6825,1560,1489,1469,1541
6826,1489,1561,1470,1541
6827,1541,1542,1470,1512
6828,1542,1443,1512,1515
6829,1512,1584,1515,1513
6830,1515,1585,1516,1513
6831,1543,1445,1514,1517
6832,1514,1586,1517,1489
6833,1517,1561,1490,1489
6834,1561,1490,1470,1542
6835,1490,1562,1472,1542
6836,1542,1544,1472,1515
6837,1544,1446,1515,1518
6838,1515,1587,1518,1516
6839,1518,1588,1519,1516
6840,1543,1545,1473,1517
6841,1545,1448,1517,1520
6842,1517,1589,1520,1490
6843,1520,1562,1491,1490
6844,1562,1491,1472,1544
6845,1491,1563,1474,1544
6846,1544,1546,1474,1518
6847,1546,1449,1518,1521
6848,1518,1590,1521,1519
6849,1521,1591,1522,1519
6850,1545,1547,1475,1520
6851,1547,1451,1520,1523
6852,1520,1592,1523,1491
6853,1523,1563,1492,1491
6854,1563,1492,1474,1546
6855,1492,1564,1476,1546
6856,1546,1548,1476,1521
6857,1548,1452,1521,1524
6858,1521,1593,1524,1522
6859,1524,1594,1525,1522
6860,1547,1549,1477,1523
6861,1549,1454,1523,1526
6862,1523,1595,1526,1492
6863,1526,1564,1493,1492
6864,1564,1493,1476,1548
6865,1493,1565,1478,1548
6866,1548,1550,1478,1524
6867,1550,1455,1524,1527
6868,1524,1596,1527,1525
6869,1527,1597,1528,1525
6870,1549,1551,1479,1526
6871,1551,1457,1526,1529
6872,1526,1598,1529,1493
6873,1529,1565,1494,1493
6874,1565,1494,1478,1550
6875,1494,1566,1480,1550
6876,1550,1552,1480,1527
6877,1552,1458,1527,1530
6878,1527,1599,1530,1528
6879,1530,1600,1531,1528
6880,1551,1553,1481,1529
6881,1553,1460,1529,1532
6882,1529,1601,1532,1494
6883,1532,1566,1495,1494
6884,1566,1495,1480,1552
6885,1495,1567,1482,1552
6886,1552,1554,1482,1530
6887,1554,1461,1530,1533
6888,1530,1602,1533,1531
6889,1533,1603,1534,1531
6890,1553,1556,1484,1532
6891,1556,1465,1532,1537
6892,1532,1604,1537,1495
6893,1537,1567,1504,1495
6894,1567,1504,1482,1554
6895,1504,1576,1486,1554
6896,1554,1558,1486,1533
6897,1558,1467,1533,1539
6898,1533,1605,1539,1534
6899,1539,1606,1559,1534
6900,1497,1569,1568,1498
6901,1535,1569,1497,1499
6902,1569,1498,1499,1570
6903,1499,1571,1570,1500
6904,1555,1535,1464,1536
6905,1535,1607,1499,1536
6906,1536,1571,1499,1501
6907,1571,1500,1501,1572
6908,1501,1573,1572,1502
6909,1503,1575,1555,1485
6910,1555,1557,1536,1485
6911,1557,1536,1466,1538
6912,1536,1608,1501,1538
6913,1538,1573,1501,1505
6914,1573,1502,1505,1574
6915,1505,1577,1574,1506
6916,1556,1575,1503,1537
6917,1575,1485,1537,1557
6918,1537,1609,1557,1504
6919,1557,1576,1538,1504
6920,1576,1538,1486,1558
6921,1538,1610,1505,1558
6922,1558,1577,1505,1539
6923,1577,1506,1539,1578
6924,1539,1611,1578,1559
6925,1508,1580,1509,1579
6926,1540,1580,1510,1508
6927,1580,1510,1509,1581
6928,1510,1582,1511,1581
6929,1560,1469,1540,1541
6930,1540,1612,1541,1510
6931,1541,1582,1512,1510
6932,1582,1512,1511,1583
6933,1512,1584,1513,1583
6934,1514,1586,1489,1560
6935,1560,1561,1489,1541
6936,1561,1470,1541,1542
6937,1541,1613,1542,1512
6938,1542,1584,1515,1512
6939,1584,1515,1513,1585
6940,1515,1587,1516,1585
6941,1543,1586,1517,1514
6942,1586,1517,1489,1561
6943,1517,1589,1490,1561
6944,1561,1562,1490,1542
6945,1562,1472,1542,1544
6946,1542,1614,1544,1515
6947,1544,1587,1518,1515
6948,1587,1518,1516,1588
6949,1518,1590,1519,1588
6950,1543,1615,1545,1517
6951,1545,1589,1520,1517
6952,1589,1520,1490,1562
6953,1520,1592,1491,1562
6954,1562,1563,1491,1544
6955,1563,1474,1544,1546
6956,1544,1616,1546,1518
6957,1546,1590,1521,1518
6958,1590,1521,1519,1591
6959,1521,1593,1522,1591
6960,1545,1617,1547,1520
6961,1547,1592,1523,1520
6962,1592,1523,1491,1563
6963,1523,1595,1492,1563
6964,1563,1564,1492,1546
6965,1564,1476,1546,1548
6966,1546,1618,1548,1521
6967,1548,1593,1524,1521
6968,1593,1524,1522,1594
6969,1524,1596,1525,1594
6970,1547,1619,1549,1523
6971,1549,1595,1526,1523
6972,1595,1526,1492,1564
6973,1526,1598,1493,1564
6974,1564,1565,1493,1548
6975,1565,1478,1548,1550
6976,1548,1620,1550,1524
6977,1550,1596,1527,1524
6978,1596,1527,1525,1597
6979,1527,1599,1528,1597
6980,1549,1621,1551,1526
6981,1551,1598,1529,1526
6982,1598,1529,1493,1565
6983,1529,1601,1494,1565
6984,1565,1566,1494,1550
6985,1566,1480,1550,1552
6986,1550,1622,1552,1527
6987,1552,1599,1530,1527
6988,1599,1530,1528,1600
6989,1530,1602,1531,1600
6990,1551,1623,1553,1529
6991,1553,1601,1532,1529
6992,1601,1532,1494,1566
6993,1532,1604,1495,1566
6994,1566,1567,1495,1552
6995,1567,1482,1552,1554
6996,1552,1624,1554,1530
6997,1554,1602,1533,1530
6998,1602,1533,1531,1603
6999,1533,1605,1534,1603
7000,1553,1625,1556,1532
7001,1556,1604,1537,1532
7002,1604,1537,1495,1567
7003,1537,1609,1504,1567
7004,1567,1576,1504,1554
7005,1576,1486,1554,1558
7006,1554,1626,1558,1533
7007,1558,1605,1539,1533
7008,1605,1539,1534,1606
7009,1539,1611,1559,1606
7010,1569,1568,1498,1570
7011,1535,1607,1569,1499
7012,1569,1571,1570,1499
7013,1571,1570,1500,1572
7014,1555,1607,1535,1536
7015,1607,1499,1536,1571
7016,1536,1608,1571,1501
7017,1571,1573,1572,1501
7018,1573,1572,1502,1574
7019,1575,1555,1485,1557
7020,1555,1627,1536,1557
7021,1557,1608,1536,1538
7022,1608,1501,1538,1573
7023,1538,1610,1573,1505
7024,1573,1577,1574,1505
7025,1577,1574,1506,1578
7026,1556,1628,1575,1537
7027,1575,1609,1557,1537
7028,1609,1557,1504,1576
7029,1557,1629,1538,1576
7030,1576,1610,1538,1558
7031,1610,1505,1558,1577
7032,1558,1630,1577,1539
7033,1577,1611,1578,1539
7034,1611,1578,1559,1631
7035,1580,1509,1579,1581
7036,1540,1612,1510,1580
7037,1580,1582,1510,1581
7038,1582,1511,1581,1583
7039,1560,1612,1541,1540
7040,1612,1541,1510,1582
7041,1541,1613,1512,1582
7042,1582,1584,1512,1583
7043,1584,1513,1583,1585
7044,1586,1489,1560,1561
7045,1560,1632,1561,1541
7046,1561,1613,1542,1541
7047,1613,1542,1512,1584
7048,1542,1614,1515,1584
7049,1584,1587,1515,1585
7050,1587,1516,1585,1588
7051,1543,1615,1517,1586
7052,1586,1589,1517,1561
7053,1589,1490,1561,1562
7054,1561,1633,1562,1542
7055,1562,1614,1544,1542
7056,1614,1544,1515,1587
7057,1544,1616,1518,1587
7058,1587,1590,1518,1588
7059,1590,1519,1588,1591
7060,1615,1545,1517,1589
7061,1545,1617,1520,1589
7062,1589,1592,1520,1562
7063,1592,1491,1562,1563
7064,1562,1634,1563,1544
7065,1563,1616,1546,1544
7066,1616,1546,1518,1590
7067,1546,1618,1521,1590
7068,1590,1593,1521,1591
7069,1593,1522,1591,1594
7070,1617,1547,1520,1592
7071,1547,1619,1523,1592
7072,1592,1595,1523,1563
7073,1595,1492,1563,1564
7074,1563,1635,1564,1546
7075,1564,1618,1548,1546
7076,1618,1548,1521,1593
7077,1548,1620,1524,1593
7078,1593,1596,1524,1594
7079,1596,1525,1594,1597
7080,1619,1549,1523,1595
7081,1549,1621,1526,1595
7082,1595,1598,1526,1564
7083,1598,1493,1564,1565
7084,1564,1636,1565,1548
7085,1565,1620,1550,1548
7086,1620,1550,1524,1596
7087,1550,1622,1527,1596
7088,1596,1599,1527,1597
7089,1599,1528,1597,1600
7090,1621,1551,1526,1598
7091,1551,1623,1529,1598
7092,1598,1601,1529,1565
7093,1601,1494,1565,1566
7094,1565,1637,1566,1550
7095,1566,1622,1552,1550
7096,1622,1552,1527,1599
7097,1552,1624,1530,1599
7098,1599,1602,1530,1600
7099,1602,1531,1600,1603
7100,1623,1553,1529,1601
7101,1553,1625,1532,1601
7102,1601,1604,1532,1566
7103,1604,1495,1566,1567
7104,1566,1638,1567,1552
7105,1567,1624,1554,1552
7106,1624,1554,1530,1602
7107,1554,1626,1533,1602
7108,1602,1605,1533,1603
7109,1605,1534,1603,1606
7110,1625,1556,1532,1604
7111,1556,1628,1537,1604
7112,1604,1609,1537,1567
7113,1609,1504,1567,1576
7114,1567,1639,1576,1554
7115,1576,1626,1558,1554
7116,1626,1558,1533,1605
7117,1558,1630,1539,1605
7118,1605,1611,1539,1606
7119,1611,1559,1606,1631
7120,1569,1640,1568,1570
7121,1607,1569,1499,1571
7122,1569,1641,1570,1571
7123,1571,1642,1570,1572
7124,1555,1627,1607,1536
7125,1607,1608,1571,1536
7126,1608,1571,1501,1573
7127,1571,1643,1572,1573
7128,1573,1644,1572,1574
7129,1575,1627,1555,1557
7130,1627,1536,1557,1608
7131,1557,1629,1608,1538
7132,1608,1610,1573,1538
7133,1610,1573,1505,1577
7134,1573,1645,1574,1577
7135,1577,1646,1574,1578
7136,1628,1575,1537,1609
7137,1575,1647,1557,1609
7138,1609,1629,1557,1576
7139,1629,1538,1576,1610
7140,1576,1648,1610,1558
7141,1610,1630,1577,1558
7142,1630,1577,1539,1611
7143,1577,1649,1578,1611
7144,1611,1650,1578,1631
7145,1580,1651,1581,1579
7146,1612,1510,1580,1582
7147,1580,1652,1582,1581
7148,1582,1653,1583,1581
7149,1560,1632,1541,1612
7150,1612,1613,1541,1582
7151,1613,1512,1582,1584
7152,1582,1654,1584,1583
7153,1584,1655,1585,1583
7154,1586,1632,1561,1560
7155,1632,1561,1541,1613
7156,1561,1633,1542,1613
7157,1613,1614,1542,1584
7158,1614,1515,1584,1587
7159,1584,1656,1587,1585
7160,1587,1657,1588,1585
7161,1615,1517,1586,1589
7162,1586,1658,1589,1561
7163,1589,1633,1562,1561
7164,1633,1562,1542,1614
7165,1562,1634,1544,1614
7166,1614,1616,1544,1587
7167,1616,1518,1587,1590
7168,1587,1659,1590,1588
7169,1590,1660,1591,1588
7170,1615,1617,1545,1589
7171,1617,1520,1589,1592
7172,1589,1661,1592,1562
7173,1592,1634,1563,1562
7174,1634,1563,1544,1616
7175,1563,1635,1546,1616
7176,1616,1618,1546,1590
7177,1618,1521,1590,1593
7178,1590,1662,1593,1591
7179,1593,1663,1594,1591
7180,1617,1619,1547,1592
7181,1619,1523,1592,1595
7182,1592,1664,1595,1563
7183,1595,1635,1564,1563
7184,1635,1564,1546,1618
7185,1564,1636,1548,1618
7186,1618,1620,1548,1593
7187,1620,1524,1593,1596
7188,1593,1665,1596,1594
7189,1596,1666,1597,1594
7190,1619,1621,1549,1595
7191,1621,1526,1595,1598
7192,1595,1667,1598,1564
7193,1598,1636,1565,1564
7194,1636,1565,1548,1620
7195,1565,1637,1550,1620
7196,1620,1622,1550,1596
7197,1622,1527,1596,1599
7198,1596,1668,1599,1597
7199,1599,1669,1600,1597
7200,1621,1623,1551,1598
7201,1623,1529,1598,1601
7202,1598,1670,1601,1565
7203,1601,1637,1566,1565
7204,1637,1566,1550,1622
7205,1566,1638,1552,1622
7206,1622,1624,1552,1599
7207,1624,1530,1599,1602
7208,1599,1671,1602,1600
7209,1602,1672,1603,1600
7210,1623,1625,1553,1601
7211,1625,1532,1601,1604
7212,1601,1673,1604,1566
7213,1604,1638,1567,1566
7214,1638,1567,1552,1624
7215,1567,1639,1554,1624
7216,1624,1626,1554,1602
7217,1626,1533,1602,1605
7218,1602,1674,1605,1603
7219,1605,1675,1606,1603
7220,1625,1628,1556,1604
7221,1628,1537,1604,1609
7222,1604,1676,1609,1567
7223,1609,1639,1576,1567
7224,1639,1576,1554,1626
7225,1576,1648,1558,1626
7226,1626,1630,1558,1605
7227,1630,1539,1605,1611
7228,1605,1677,1611,1606
7229,1611,1678,1631,1606
7230,1569,1641,1640,1570
7231,1607,1641,1569,1571
7232,1641,1570,1571,1642
7233,1571,1643,1642,1572
7234,1627,1607,1536,1608
7235,1607,1679,1571,1608
7236,1608,1643,1571,1573
7237,1643,1572,1573,1644
7238,1573,1645,1644,1574
7239,1575,1647,1627,1557
7240,1627,1629,1608,1557
7241,1629,1608,1538,1610
7242,1608,1680,1573,1610
7243,1610,1645,1573,1577
7244,1645,1574,1577,1646
7245,1577,1649,1646,1578
7246,1628,1647,1575,1609
7247,1647,1557,1609,1629
7248,1609,1681,1629,1576
7249,1629,1648,1610,1576
7250,1648,1610,1558,1630
7251,1610,1682,1577,1630
7252,1630,1649,1577,1611
7253,1649,1578,1611,1650
7254,1611,1683,1650,1631
7255,1580,1652,1581,1651
7256,1612,1652,1582,1580
7257,1652,1582,1581,1653
7258,1582,1654,1583,1653
7259,1632,1541,1612,1613
7260,1612,1684,1613,1582
7261,1613,1654,1584,1582
7262,1654,1584,1583,1655
7263,1584,1656,1585,1655
7264,1586,1658,1561,1632
7265,1632,1633,1561,1613
7266,1633,1542,1613,1614
7267,1613,1685,1614,1584
7268,1614,1656,1587,1584
7269,1656,1587,1585,1657
7270,1587,1659,1588,1657
7271,1615,1658,1589,1586
7272,1658,1589,1561,1633
7273,1589,1661,1562,1633
7274,1633,1634,1562,1614
7275,1634,1544,1614,1616
7276,1614,1686,1616,1587
7277,1616,1659,1590,1587
7278,1659,1590,1588,1660
7279,1590,1662,1591,1660
7280,1615,1687,1617,1589
7281,1617,1661,1592,1589
7282,1661,1592,1562,1634
7283,1592,1664,1563,1634
7284,1634,1635,1563,1616
7285,1635,1546,1616,1618
7286,1616,1688,1618,1590
7287,1618,1662,1593,1590
7288,1662,1593,1591,1663
7289,1593,1665,1594,1663
7290,1617,1689,1619,1592
7291,1619,1664,1595,1592
7292,1664,1595,1563,1635
7293,1595,1667,1564,1635
7294,1635,1636,1564,1618
7295,1636,1548,1618,1620
7296,1618,1690,1620,1593
7297,1620,1665,1596,1593
7298,1665,1596,1594,1666
7299,1596,1668,1597,1666
7300,1619,1691,1621,1595
7301,1621,1667,1598,1595
7302,1667,1598,1564,1636
7303,1598,1670,1565,1636
7304,1636,1637,1565,1620
7305,1637,1550,1620,1622
7306,1620,1692,1622,1596
7307,1622,1668,1599,1596
7308,1668,1599,1597,1669
7309,1599,1671,1600,1669
7310,1621,1693,1623,1598
7311,1623,1670,1601,1598
7312,1670,1601,1565,1637
7313,1601,1673,1566,1637
7314,1637,1638,1566,1622
7315,1638,1552,1622,1624
7316,1622,1694,1624,1599
7317,1624,1671,1602,1599
7318,1671,1602,1600,1672
7319,1602,1674,1603,1672
7320,1623,1695,1625,1601
7321,1625,1673,1604,1601
7322,1673,1604,1566,1638
7323,1604,1676,1567,1638
7324,1638,1639,1567,1624
7325,1639,1554,1624,1626
7326,1624,1696,1626,1602
7327,1626,1674,1605,1602
7328,1674,1605,1603,1675
7329,1605,1677,1606,1675
7330,1625,1697,1628,1604
7331,1628,1676,1609,1604
7332,1676,1609,1567,1639
7333,1609,1681,1576,1639
7334,1639,1648,1576,1626
7335,1648,1558,1626,1630
7336,1626,1698,1630,1605
7337,1630,1677,1611,1605
7338,1677,1611,1606,1678
7339,1611,1683,1631,1678
7340,1641,1640,1570,1642
7341,1607,1679,1641,1571
7342,1641,1643,1642,1571
7343,1643,1642,1572,1644
7344,1627,1679,1607,1608
7345,1679,1571,1608,1643
7346,1608,1680,1643,1573
7347,1643,1645,1644,1573
7348,1645,1644,1574,1646
7349,1647,1627,1557,1629
7350,1627,1699,1608,1629
7351,1629,1680,1608,1610
7352,1680,1573,1610,1645
7353,1610,1682,1645,1577
7354,1645,1649,1646,1577
7355,1649,1646,1578,1650
7356,1628,1700,1647,1609
7357,1647,1681,1629,1609
7358,1681,1629,1576,1648
7359,1629,1701,1610,1648
7360,1648,1682,1610,1630
7361,1682,1577,1630,1649
7362,1630,1702,1649,1611
7363,1649,1683,1650,1611
7364,1683,1650,1631,1703
7365,1652,1581,1651,1653
7366,1612,1684,1582,1652
7367,1652,1654,1582,1653
7368,1654,1583,1653,1655
7369,1632,1684,1613,1612
7370,1684,1613,1582,1654
7371,1613,1685,1584,1654
7372,1654,1656,1584,1655
7373,1656,1585,1655,1657
7374,1658,1561,1632,1633
7375,1632,1704,1633,1613
7376,1633,1685,1614,1613
7377,1685,1614,1584,1656
7378,1614,1686,1587,1656
7379,1656,1659,1587,1657
7380,1659,1588,1657,1660
7381,1615,1687,1589,1658
7382,1658,1661,1589,1633
7383,1661,1562,1633,1634
7384,1633,1705,1634,1614
7385,1634,1686,1616,1614
7386,1686,1616,1587,1659
7387,1616,1688,1590,1659
7388,1659,1662,1590,1660
7389,1662,1591,1660,1663
7390,1687,1617,1589,1661
7391,1617,1689,1592,1661
7392,1661,1664,1592,1634
7393,1664,1563,1634,1635
7394,1634,1706,1635,1616
7395,1635,1688,1618,1616
7396,1688,1618,1590,1662
7397,1618,1690,1593,1662
7398,1662,1665,1593,1663
7399,1665,1594,1663,1666
7400,1689,1619,1592,1664
7401,1619,1691,1595,1664
7402,1664,1667,1595,1635
7403,1667,1564,1635,1636
7404,1635,1707,1636,1618
7405,1636,1690,1620,1618
7406,1690,1620,1593,1665
7407,1620,1692,1596,1665
7408,1665,1668,1596,1666
7409,1668,1597,1666,1669
7410,1691,1621,1595,1667
7411,1621,1693,1598,1667
7412,1667,1670,1598,1636
7413,1670,1565,1636,1637
7414,1636,1708,1637,1620
7415,1637,1692,1622,1620
7416,1692,1622,1596,1668
7417,1622,1694,1599,1668
7418,1668,1671,1599,1669
7419,1671,1600,1669,1672
7420,1693,1623,1598,1670
7421,1623,1695,1601,1670
7422,1670,1673,1601,1637
7423,1673,1566,1637,1638
7424,1637,1709,1638,1622
7425,1638,1694,1624,1622
7426,1694,1624,1599,1671
7427,1624,1696,1602,1671
7428,1671,1674,1602,1672
7429,1674,1603,1672,1675
7430,1695,1625,1601,1673
7431,1625,1697,1604,1673
7432,1673,1676,1604,1638
7433,1676,1567,1638,1639
7434,1638,1710,1639,1624
7435,1639,1696,1626,1624
7436,1696,1626,1602,1674
7437,1626,1698,1605,1674
7438,1674,1677,1605,1675
7439,1677,1606,1675,1678
7440,1697,1628,1604,1676
7441,1628,1700,1609,1676
7442,1676,1681,1609,1639
7443,1681,1576,1639,1648
7444,1639,1711,1648,1626
7445,1648,1698,1630,1626
7446,1698,1630,1605,1677
7447,1630,1702,1611,1677
7448,1677,1683,1611,1678
7449,1683,1631,1678,1703
7450,1641,1712,1640,1642
7451,1679,1641,1571,1643
7452,1641,1713,1642,1643
7453,1643,1714,1642,1644
7454,1627,1699,1679,1608
7455,1679,1680,1643,1608
7456,1680,1643,1573,1645
7457,1643,1715,1644,1645
7458,1645,1716,1644,1646
7459,1647,1699,1627,1629
7460,1699,1608,1629,1680
7461,1629,1701,1680,1610
7462,1680,1682,1645,1610
7463,1682,1645,1577,1649
7464,1645,1717,1646,1649
7465,1649,1718,1646,1650
7466,1700,1647,1609,1681
7467,1647,1719,1629,1681
7468,1681,1701,1629,1648
7469,1701,1610,1648,1682
7470,1648,1720,1682,1630
7471,1682,1702,1649,1630
7472,1702,1649,1611,1683
7473,1649,1721,1650,1683
7474,1683,1722,1650,1703
7475,1652,1723,1653,1651
7476,1684,1582,1652,1654
7477,1652,1724,1654,1653
7478,1654,1725,1655,1653
7479,1632,1704,1613,1684
7480,1684,1685,1613,1654
7481,1685,1584,1654,1656
7482,1654,1726,1656,1655
7483,1656,1727,1657,1655
7484,1658,1704,1633,1632
7485,1704,1633,1613,1685
7486,1633,1705,1614,1685
7487,1685,1686,1614,1656
7488,1686,1587,1656,1659
7489,1656,1728,1659,1657
7490,1659,1729,1660,1657
7491,1687,1589,1658,1661
7492,1658,1730,1661,1633
7493,1661,1705,1634,1633
7494,1705,1634,1614,1686
7495,1634,1706,1616,1686
7496,1686,1688,1616,1659
7497,1688,1590,1659,1662
7498,1659,1731,1662,1660
7499,1662,1732,1663,1660
7500,1687,1689,1617,1661
7501,1689,1592,1661,1664
7502,1661,1733,1664,1634
7503,1664,1706,1635,1634
7504,1706,1635,1616,1688
7505,1635,1707,1618,1688
7506,1688,1690,1618,1662
7507,1690,1593,1662,1665
7508,1662,1734,1665,1663
7509,1665,1735,1666,1663
7510,1689,1691,1619,1664
7511,1691,1595,1664,1667
7512,1664,1736,1667,1635
7513,1667,1707,1636,1635
7514,1707,1636,1618,1690
7515,1636,1708,1620,1690
7516,1690,1692,1620,1665
7517,1692,1596,1665,1668
7518,1665,1737,1668,1666
7519,1668,1738,1669,1666
7520,1691,1693,1621,1667
7521,1693,1598,1667,1670
7522,1667,1739,1670,1636
7523,1670,1708,1637,1636
7524,1708,1637,1620,1692
7525,1637,1709,1622,1692
7526,1692,1694,1622,1668
7527,1694,1599,1668,1671
7528,1668,1740,1671,1669
7529,1671,1741,1672,1669
7530,1693,1695,1623,1670
7531,1695,1601,1670,1673
7532,1670,1742,1673,1637
7533,1673,1709,1638,1637
7534,1709,1638,1622,1694
7535,1638,1710,1624,1694
7536,1694,1696,1624,1671
7537,1696,1602,1671,1674
7538,1671,1743,1674,1672
7539,1674,1744,1675,1672
7540,1695,1697,1625,1673
7541,1697,1604,1673,1676
7542,1673,1745,1676,1638
7543,1676,1710,1639,1638
7544,1710,1639,1624,1696
7545,1639,1711,1626,1696
7546,1696,1698,1626,1674
7547,1698,1605,1674,1677
7548,1674,1746,1677,1675
7549,1677,1747,1678,1675
7550,1697,1700,1628,1676
7551,1700,1609,1676,1681
7552,1676,1748,1681,1639
7553,1681,1711,1648,1639
7554,1711,1648,1626,1698
7555,1648,1720,1630,1698
7556,1698,1702,1630,1677
7557,1702,1611,1677,1683
7558,1677,1749,1683,1678
7559,1683,1750,1703,1678
7560,1641,1713,1712,1642
7561,1679,1713,1641,1643
7562,1713,1642,1643,1714
7563,1643,1715,1714,1644
7564,1699,1679,1608,1680
7565,1679,1751,1643,1680
7566,1680,1715,1643,1645
7567,1715,1644,1645,1716
7568,1645,1717,1716,1646
7569,1647,1719,1699,1629
7570,1699,1701,1680,1629
7571,1701,1680,1610,1682
7572,1680,1752,1645,1682
7573,1682,1717,1645,1649
7574,1717,1646,1649,1718
7575,1649,1721,1718,1650
7576,1700,1719,1647,1681
7577,1719,1629,1681,1701
7578,1681,1753,1701,1648
7579,1701,1720,1682,1648
7580,1720,1682,1630,1702
7581,1682,1754,1649,1702
7582,1702,1721,1649,1683
7583,1721,1650,1683,1722
7584,1683,1755,1722,1703
7585,1652,1724,1653,1723
7586,1684,1724,1654,1652
7587,1724,1654,1653,1725
7588,1654,1726,1655,1725
7589,1704,1613,1684,1685
7590,1684,1756,1685,1654
7591,1685,1726,1656,1654
7592,1726,1656,1655,1727
7593,1656,1728,1657,1727
7594,1658,1730,1633,1704
7595,1704,1705,1633,1685
7596,1705,1614,1685,1686
7597,1685,1757,1686,1656
7598,1686,1728,1659,1656
7599,1728,1659,1657,1729
7600,1659,1731,1660,1729
7601,1687,1730,1661,1658
7602,1730,1661,1633,1705
7603,1661,1733,1634,1705
7604,1705,1706,1634,1686
7605,1706,1616,1686,1688
7606,1686,1758,1688,1659
7607,1688,1731,1662,1659
7608,1731,1662,1660,1732
7609,1662,1734,1663,1732
7610,1687,1759,1689,1661
7611,1689,1733,1664,1661
7612,1733,1664,1634,1706
7613,1664,1736,1635,1706
7614,1706,1707,1635,1688
7615,1707,1618,1688,1690
7616,1688,1760,1690,1662
7617,1690,1734,1665,1662
7618,1734,1665,1663,1735
7619,1665,1737,1666,1735
7620,1689,1761,1691,1664
7621,1691,1736,1667,1664
7622,1736,1667,1635,1707
7623,1667,1739,1636,1707
7624,1707,1708,1636,1690
7625,1708,1620,1690,1692
7626,1690,1762,1692,1665
7627,1692,1737,1668,1665
7628,1737,1668,1666,1738
7629,1668,1740,1669,1738
7630,1691,1763,1693,1667
7631,1693,1739,1670,1667
7632,1739,1670,1636,1708
7633,1670,1742,1637,1708
7634,1708,1709,1637,1692
7635,1709,1622,1692,1694
7636,1692,1764,1694,1668
7637,1694,1740,1671,1668
7638,1740,1671,1669,1741
7639,1671,1743,1672,1741
7640,1693,1765,1695,1670
7641,1695,1742,1673,1670
7642,1742,1673,1637,1709
7643,1673,1745,1638,1709
7644,1709,1710,1638,1694
7645,1710,1624,1694,1696
7646,1694,1766,1696,1671
7647,1696,1743,1674,1671
7648,1743,1674,1672,1744
7649,1674,1746,1675,1744
7650,1695,1767,1697,1673
7651,1697,1745,1676,1673
7652,1745,1676,1638,1710
7653,1676,1748,1639,1710
7654,1710,1711,1639,1696
7655,1711,1626,1696,1698
7656,1696,1768,1698,1674
7657,1698,1746,1677,1674
7658,1746,1677,1675,1747
7659,1677,1749,1678,1747
7660,1697,1769,1700,1676
7661,1700,1748,1681,1676
7662,1748,1681,1639,1711
7663,1681,1753,1648,1711
7664,1711,1720,1648,1698
7665,1720,1630,1698,1702
7666,1698,1770,1702,1677
7667,1702,1749,1683,1677
7668,1749,1683,1678,1750
7669,1683,1755,1703,1750
7670,1713,1712,1642,1714
7671,1679,1751,1713,1643
7672,1713,1715,1714,1643
7673,1715,1714,1644,1716
7674,1699,1751,1679,1680
7675,1751,1643,1680,1715
7676,1680,1752,1715,1645
7677,1715,1717,1716,1645
7678,1717,1716,1646,1718
7679,1719,1699,1629,1701
7680,1699,1771,1680,1701
7681,1701,1752,1680,1682
7682,1752,1645,1682,1717
7683,1682,1754,1717,1649
7684,1717,1721,1718,1649
7685,1721,1718,1650,1722
7686,1700,1772,1719,1681
7687,1719,1753,1701,1681
7688,1753,1701,1648,1720
7689,1701,1773,1682,1720
7690,1720,1754,1682,1702
7691,1754,1649,1702,1721
7692,1702,1774,1721,1683
7693,1721,1755,1722,1683
7694,1755,1722,1703,1775
7695,1724,1653,1723,1725
7696,1684,1756,1654,1724
7697,1724,1726,1654,1725
7698,1726,1655,1725,1727
7699,1704,1756,1685,1684
7700,1756,1685,1654,1726
7701,1685,1757,1656,1726
7702,1726,1728,1656,1727
7703,1728,1657,1727,1729
7704,1730,1633,1704,1705
7705,1704,1776,1705,1685
7706,1705,1757,1686,1685
7707,1757,1686,1656,1728
7708,1686,1758,1659,1728
7709,1728,1731,1659,1729
7710,1731,1660,1729,1732
7711,1687,1759,1661,1730
7712,1730,1733,1661,1705
7713,1733,1634,1705,1706
7714,1705,1777,1706,1686
7715,1706,1758,1688,1686
7716,1758,1688,1659,1731
7717,1688,1760,1662,1731
7718,1731,1734,1662,1732
7719,1734,1663,1732,1735
7720,1759,1689,1661,1733
7721,1689,1761,1664,1733
7722,1733,1736,1664,1706
7723,1736,1635,1706,1707
7724,1706,1778,1707,1688
7725,1707,1760,1690,1688
7726,1760,1690,1662,1734
7727,1690,1762,1665,1734
7728,1734,1737,1665,1735
7729,1737,1666,1735,1738
7730,1761,1691,1664,1736
7731,1691,1763,1667,1736
7732,1736,1739,1667,1707
7733,1739,1636,1707,1708
7734,1707,1779,1708,1690
7735,1708,1762,1692,1690
7736,1762,1692,1665,1737
7737,1692,1764,1668,1737
7738,1737,1740,1668,1738
7739,1740,1669,1738,1741
7740,1763,1693,1667,1739
7741,1693,1765,1670,1739
7742,1739,1742,1670,1708
7743,1742,1637,1708,1709
7744,1708,1780,1709,1692
7745,1709,1764,1694,1692
7746,1764,1694,1668,1740
7747,1694,1766,1671,1740
7748,1740,1743,1671,1741
7749,1743,1672,1741,1744
7750,1765,1695,1670,1742
7751,1695,1767,1673,1742
7752,1742,1745,1673,1709
7753,1745,1638,1709,1710
7754,1709,1781,1710,1694
7755,1710,1766,1696,1694
7756,1766,1696,1671,1743
7757,1696,1768,1674,1743
7758,1743,1746,1674,1744
7759,1746,1675,1744,1747
7760,1767,1697,1673,1745
7761,1697,1769,1676,1745
7762,1745,1748,1676,1710
7763,1748,1639,1710,1711
7764,1710,1782,1711,1696
7765,1711,1768,1698,1696
7766,1768,1698,1674,1746
7767,1698,1770,1677,1746
7768,1746,1749,1677,1747
7769,1749,1678,1747,1750
7770,1769,1700,1676,1748
7771,1700,1772,1681,1748
7772,1748,1753,1681,1711
7773,1753,1648,1711,1720
7774,1711,1783,1720,1698
7775,1720,1770,1702,1698
7776,1770,1702,1677,1749
7777,1702,1774,1683,1749
7778,1749,1755,1683,1750
7779,1755,1703,1750,1775
7780,1713,1784,1712,1714
7781,1751,1713,1643,1715
7782,1713,1785,1714,1715
7783,1715,1786,1714,1716
7784,1699,1771,1751,1680
7785,1751,1752,1715,1680
7786,1752,1715,1645,1717
7787,1715,1787,1716,1717
7788,1717,1788,1716,1718
7789,1719,1771,1699,1701
7790,1771,1680,1701,1752
7791,1701,1773,1752,1682
7792,1752,1754,1717,1682
7793,1754,1717,1649,1721
7794,1717,1789,1718,1721
7795,1721,1790,1718,1722
7796,1772,1719,1681,1753
7797,1719,1791,1701,1753
7798,1753,1773,1701,1720
7799,1773,1682,1720,1754
7800,1720,1792,1754,1702
7801,1754,1774,1721,1702
7802,1774,1721,1683,1755
7803,1721,1793,1722,1755
7804,1755,1794,1722,1775
7805,1724,1795,1725,1723
7806,1756,1654,1724,1726
7807,1724,1796,1726,1725
7808,1726,1797,1727,1725
7809,1704,1776,1685,1756
7810,1756,1757,1685,1726
7811,1757,1656,1726,1728
7812,1726,1798,1728,1727
7813,1728,1799,1729,1727
7814,1730,1776,1705,1704
7815,1776,1705,1685,1757
7816,1705,1777,1686,1757
7817,1757,1758,1686,1728
7818,1758,1659,1728,1731
7819,1728,1800,1731,1729
7820,1731,1801,1732,1729
7821,1759,1661,1730,1733
7822,1730,1802,1733,1705
7823,1733,1777,1706,1705
7824,1777,1706,1686,1758
7825,1706,1778,1688,1758
7826,1758,1760,1688,1731
7827,1760,1662,1731,1734
7828,1731,1803,1734,1732
7829,1734,1804,1735,1732
7830,1759,1761,1689,1733
7831,1761,1664,1733,1736
7832,1733,1805,1736,1706
7833,1736,1778,1707,1706
7834,1778,1707,1688,1760
7835,1707,1779,1690,1760
7836,1760,1762,1690,1734
7837,1762,1665,1734,1737
7838,1734,1806,1737,1735
7839,1737,1807,1738,1735
7840,1761,1763,1691,1736
7841,1763,1667,1736,1739
7842,1736,1808,1739,1707
7843,1739,1779,1708,1707
7844,1779,1708,1690,1762
7845,1708,1780,1692,1762
7846,1762,1764,1692,1737
7847,1764,1668,1737,1740
7848,1737,1809,1740,1738
7849,1740,1810,1741,1738
7850,1763,1765,1693,1739
7851,1765,1670,1739,1742
7852,1739,1811,1742,1708
7853,1742,1780,1709,1708
7854,1780,1709,1692,1764
7855,1709,1781,1694,1764
7856,1764,1766,1694,1740
7857,1766,1671,1740,1743
7858,1740,1812,1743,1741
7859,1743,1813,1744,1741
7860,1765,1767,1695,1742
7861,1767,1673,1742,1745
7862,1742,1814,1745,1709
7863,1745,1781,1710,1709
7864,1781,1710,1694,1766
7865,1710,1782,1696,1766
7866,1766,1768,1696,1743
7867,1768,1674,1743,1746
7868,1743,1815,1746,1744
7869,1746,1816,1747,1744
7870,1767,1769,1697,1745
7871,1769,1676,1745,1748
7872,1745,1817,1748,1710
7873,1748,1782,1711,1710
7874,1782,1711,1696,1768
7875,1711,1783,1698,1768
7876,1768,1770,1698,1746
7877,1770,1677,1746,1749
7878,1746,1818,1749,1747
7879,1749,1819,1750,1747
7880,1769,1772,1700,1748
7881,1772,1681,1748,1753
7882,1748,1820,1753,1711
7883,1753,1783,1720,1711
7884,1783,1720,1698,1770
7885,1720,1792,1702,1770
7886,1770,1774,1702,1749
7887,1774,1683,1749,1755
7888,1749,1821,1755,1750
7889,1755,1822,1775,1750
7890,1713,1785,1784,1714
7891,1751,1785,1713,1715
7892,1785,1714,1715,1786
7893,1715,1787,1786,1716
7894,1771,1751,1680,1752
7895,1751,1823,1715,1752
7896,1752,1787,1715,1717
7897,1787,1716,1717,1788
7898,1717,1789,1788,1718
7899,1719,1791,1771,1701
7900,1771,1773,1752,1701
7901,1773,1752,1682,1754
7902,1752,1824,1717,1754
7903,1754,1789,1717,1721
7904,1789,1718,1721,1790
7905,1721,1793,1790,1722
7906,1772,1791,1719,1753
7907,1791,1701,1753,1773
7908,1753,1825,1773,1720
7909,1773,1792,1754,1720
7910,1792,1754,1702,1774
7911,1754,1826,1721,1774
7912,1774,1793,1721,1755
7913,1793,1722,1755,1794
7914,1755,1827,1794,1775
7915,1724,1796,1725,1795
7916,1756,1796,1726,1724
7917,1796,1726,1725,1797
7918,1726,1798,1727,1797
7919,1776,1685,1756,1757
7920,1756,1828,1757,1726
7921,1757,1798,1728,1726
7922,1798,1728,1727,1799
7923,1728,1800,1729,1799
7924,1730,1802,1705,1776
7925,1776,1777,1705,1757
7926,1777,1686,1757,1758
7927,1757,1829,1758,1728
7928,1758,1800,1731,1728
7929,1800,1731,1729,1801
7930,1731,1803,1732,1801
7931,1759,1802,1733,1730
7932,1802,1733,1705,1777
7933,1733,1805,1706,1777
7934,1777,1778,1706,1758
7935,1778,1688,1758,1760
7936,1758,1830,1760,1731
7937,1760,1803,1734,1731
7938,1803,1734,1732,1804
7939,1734,1806,1735,1804
7940,1759,1831,1761,1733
7941,1761,1805,1736,1733
7942,1805,1736,1706,1778
7943,1736,1808,1707,1778
7944,1778,1779,1707,1760
7945,1779,1690,1760,1762
7946,1760,1832,1762,1734
7947,1762,1806,1737,1734
7948,1806,1737,1735,1807
7949,1737,1809,1738,1807
7950,1761,1833,1763,1736
7951,1763,1808,1739,1736
7952,1808,1739,1707,1779
7953,1739,1811,1708,1779
7954,1779,1780,1708,1762
7955,1780,1692,1762,1764
7956,1762,1834,1764,1737
7957,1764,1809,1740,1737
7958,1809,1740,1738,1810
7959,1740,1812,1741,1810
7960,1763,1835,1765,1739
7961,1765,1811,1742,1739
7962,1811,1742,1708,1780
7963,1742,1814,1709,1780
7964,1780,1781,1709,1764
7965,1781,1694,1764,1766
7966,1764,1836,1766,1740
7967,1766,1812,1743,1740
7968,1812,1743,1741,1813
7969,1743,1815,1744,1813
7970,1765,1837,1767,1742
7971,1767,1814,1745,1742
7972,1814,1745,1709,1781
7973,1745,1817,1710,1781
7974,1781,1782,1710,1766
7975,1782,1696,1766,1768
7976,1766,1838,1768,1743
7977,1768,1815,1746,1743
7978,1815,1746,1744,1816
7979,1746,1818,1747,1816
7980,1767,1839,1769,1745
7981,1769,1817,1748,1745
7982,1817,1748,1710,1782
7983,1748,1820,1711,1782
7984,1782,1783,1711,1768
7985,1783,1698,1768,1770
7986,1768,1840,1770,1746
7987,1770,1818,1749,1746
7988,1818,1749,1747,1819
7989,1749,1821,1750,1819
7990,1769,1841,1772,1748
7991,1772,1820,1753,1748
7992,1820,1753,1711,1783
7993,1753,1825,1720,1783
7994,1783,1792,1720,1770
7995,1792,1702,1770,1774
7996,1770,1842,1774,1749
7997,1774,1821,1755,1749
7998,1821,1755,1750,1822
7999,1755,1827,1775,1822
8000,1785,1784,1714,1786
8001,1751,1823,1785,1715
8002,1785,1787,1786,1715
8003,1787,1786,1716,1788
8004,1771,1823,1751,1752
8005,1823,1715,1752,1787
8006,1752,1824,1787,1717
8007,1787,1789,1788,1717
8008,1789,1788,1718,1790
8009,1791,1771,1701,1773
8010,1771,1843,1752,1773
8011,1773,1824,1752,1754
8012,1824,1717,1754,1789
8013,1754,1826,1789,1721
8014,1789,1793,1790,1721
8015,1793,1790,1722,1794
8016,1772,1844,1791,1753
8017,1791,1825,1773,1753
8018,1825,1773,1720,1792
8019,1773,1845,1754,1792
8020,1792,1826,1754,1774
8021,1826,1721,1774,1793
8022,1774,1846,1793,1755
8023,1793,1827,1794,1755
8024,1827,1794,1775,1847
8025,1796,1725,1795,1797
8026,1756,1828,1726,1796
8027,1796,1798,1726,1797
8028,1798,1727,1797,1799
8029,1776,1828,1757,1756
8030,1828,1757,1726,1798
8031,1757,1829,1728,1798
8032,1798,1800,1728,1799
8033,1800,1729,1799,1801
8034,1802,1705,1776,1777
8035,1776,1848,1777,1757
8036,1777,1829,1758,1757
8037,1829,1758,1728,1800
8038,1758,1830,1731,1800
8039,1800,1803,1731,1801
8040,1803,1732,1801,1804
8041,1759,1831,1733,1802
8042,1802,1805,1733,1777
8043,1805,1706,1777,1778
8044,1777,1849,1778,1758
8045,1778,1830,1760,1758
8046,1830,1760,1731,1803
8047,1760,1832,1734,1803
8048,1803,1806,1734,1804
8049,1806,1735,1804,1807
8050,1831,1761,1733,1805
8051,1761,1833,1736,1805
8052,1805,1808,1736,1778
8053,1808,1707,1778,1779
8054,1778,1850,1779,1760
8055,1779,1832,1762,1760
8056,1832,1762,1734,1806
8057,1762,1834,1737,1806
8058,1806,1809,1737,1807
8059,1809,1738,1807,1810
8060,1833,1763,1736,1808
8061,1763,1835,1739,1808
8062,1808,1811,1739,1779
8063,1811,1708,1779,1780
8064,1779,1851,1780,1762
8065,1780,1834,1764,1762
8066,1834,1764,1737,1809
8067,1764,1836,1740,1809
8068,1809,1812,1740,1810
8069,1812,1741,1810,1813
8070,1835,1765,1739,1811
8071,1765,1837,1742,1811
8072,1811,1814,1742,1780
8073,1814,1709,1780,1781
8074,1780,1852,1781,1764
8075,1781,1836,1766,1764
8076,1836,1766,1740,1812
8077,1766,1838,1743,1812
8078,1812,1815,1743,1813
8079,1815,1744,1813,1816
8080,1837,1767,1742,1814
8081,1767,1839,1745,1814
8082,1814,1817,1745,1781
8083,1817,1710,1781,1782
8084,1781,1853,1782,1766
8085,1782,1838,1768,1766
8086,1838,1768,1743,1815
8087,1768,1840,1746,1815
8088,1815,1818,1746,1816
8089,1818,1747,1816,1819
8090,1839,1769,1745,1817
8091,1769,1841,1748,1817
8092,1817,1820,1748,1782
8093,1820,1711,1782,1783
8094,1782,1854,1783,1768
8095,1783,1840,1770,1768
8096,1840,1770,1746,1818
8097,1770,1842,1749,1818
8098,1818,1821,1749,1819
8099,1821,1750,1819,1822
8100,1841,1772,1748,1820
8101,1772,1844,1753,1820
8102,1820,1825,1753,1783
8103,1825,1720,1783,1792
8104,1783,1855,1792,1770
8105,1792,1842,1774,1770
8106,1842,1774,1749,1821
8107,1774,1846,1755,1821
8108,1821,1827,1755,1822
8109,1827,1775,1822,1847
8110,1785,1856,1784,1786
8111,1823,1785,1715,1787
8112,1785,1857,1786,1787
8113,1787,1858,1786,1788
8114,1771,1843,1823,1752
8115,1823,1824,1787,1752
8116,1824,1787,1717,1789
8117,1787,1859,1788,1789
8118,1789,1860,1788,1790
8119,1791,1843,1771,1773
8120,1843,1752,1773,1824
8121,1773,1845,1824,1754
8122,1824,1826,1789,1754
8123,1826,1789,1721,1793
8124,1789,1861,1790,1793
8125,1793,1862,1790,1794
8126,1844,1791,1753,1825
8127,1791,1863,1773,1825
8128,1825,1845,1773,1792
8129,1845,1754,1792,1826
8130,1792,1864,1826,1774
8131,1826,1846,1793,1774
8132,1846,1793,1755,1827
8133,1793,1865,1794,1827
8134,1827,1866,1794,1847
8135,1796,1867,1797,1795
8136,1828,1726,1796,1798
8137,1796,1868,1798,1797
8138,1798,1869,1799,1797
8139,1776,1848,1757,1828
8140,1828,1829,1757,1798
8141,1829,1728,1798,1800
8142,1798,1870,1800,1799
8143,1800,1871,1801,1799
8144,1802,1848,1777,1776
8145,1848,1777,1757,1829
8146,1777,1849,1758,1829
8147,1829,1830,1758,1800
8148,1830,1731,1800,1803
8149,1800,1872,1803,1801
8150,1803,1873,1804,1801
8151,1831,1733,1802,1805
8152,1802,1874,1805,1777
8153,1805,1849,1778,1777
8154,1849,1778,1758,1830
8155,1778,1850,1760,1830
8156,1830,1832,1760,1803
8157,1832,1734,1803,1806
8158,1803,1875,1806,1804
8159,1806,1876,1807,1804
8160,1831,1833,1761,1805
8161,1833,1736,1805,1808
8162,1805,1877,1808,1778
8163,1808,1850,1779,1778
8164,1850,1779,1760,1832
8165,1779,1851,1762,1832
8166,1832,1834,1762,1806
8167,1834,1737,1806,1809
8168,1806,1878,1809,1807
8169,1809,1879,1810,1807
8170,1833,1835,1763,1808
8171,1835,1739,1808,1811
8172,1808,1880,1811,1779
8173,1811,1851,1780,1779
8174,1851,1780,1762,1834
8175,1780,1852,1764,1834
8176,1834,1836,1764,1809
8177,1836,1740,1809,1812
8178,1809,1881,1812,1810
8179,1812,1882,1813,1810
8180,1835,1837,1765,1811
8181,1837,1742,1811,1814
8182,1811,1883,1814,1780
8183,1814,1852,1781,1780
8184,1852,1781,1764,1836
8185,1781,1853,1766,1836
8186,1836,1838,1766,1812
8187,1838,1743,1812,1815
8188,1812,1884,1815,1813
8189,1815,1885,1816,1813
8190,1837,1839,1767,1814
8191,1839,1745,1814,1817
8192,1814,1886,1817,1781
8193,1817,1853,1782,1781
8194,1853,1782,1766,1838
8195,1782,1854,1768,1838
8196,1838,1840,1768,1815
8197,1840,1746,1815,1818
8198,1815,1887,1818,1816
8199,1818,1888,1819,1816
8200,1839,1841,1769,1817
8201,1841,1748,1817,1820
8202,1817,1889,1820,1782
8203,1820,1854,1783,1782
8204,1854,1783,1768,1840
8205,1783,1855,1770,1840
8206,1840,1842,1770,1818
8207,1842,1749,1818,1821
8208,1818,1890,1821,1819
8209,1821,1891,1822,1819
8210,1841,1844,1772,1820
8211,1844,1753,1820,1825
8212,1820,1892,1825,1783
8213,1825,1855,1792,1783
8214,1855,1792,1770,1842
8215,1792,1864,1774,1842
8216,1842,1846,1774,1821
8217,1846,1755,1821,1827
8218,1821,1893,1827,1822
8219,1827,1894,1847,1822
8220,1785,1857,1856,1786
8221,1823,1857,1785,1787
8222,1857,1786,1787,1858
8223,1787,1859,1858,1788
8224,1843,1823,1752,1824
8225,1823,1895,1787,1824
8226,1824,1859,1787,1789
8227,1859,1788,1789,1860
8228,1789,1861,1860,1790
8229,1791,1863,1843,1773
8230,1843,1845,1824,1773
8231,1845,1824,1754,1826
8232,1824,1896,1789,1826
8233,1826,1861,1789,1793
8234,1861,1790,1793,1862
8235,1793,1865,1862,1794
8236,1844,1863,1791,1825
8237,1863,1773,1825,1845
8238,1825,1897,1845,1792
8239,1845,1864,1826,1792
8240,1864,1826,1774,1846
8241,1826,1898,1793,1846
8242,1846,1865,1793,1827
8243,1865,1794,1827,1866
8244,1827,1899,1866,1847
8245,1796,1868,1797,1867
8246,1828,1868,1798,1796
8247,1868,1798,1797,1869
8248,1798,1870,1799,1869
8249,1848,1757,1828,1829
8250,1828,1900,1829,1798
8251,1829,1870,1800,1798
8252,1870,1800,1799,1871
8253,1800,1872,1801,1871
8254,1802,1874,1777,1848
8255,1848,1849,1777,1829
8256,1849,1758,1829,1830
8257,1829,1901,1830,1800
8258,1830,1872,1803,1800
8259,1872,1803,1801,1873
8260,1803,1875,1804,1873
8261,1831,1874,1805,1802
8262,1874,1805,1777,1849
8263,1805,1877,1778,1849
8264,1849,1850,1778,1830
8265,1850,1760,1830,1832
8266,1830,1902,1832,1803
8267,1832,1875,1806,1803
8268,1875,1806,1804,1876
8269,1806,1878,1807,1876
8270,1831,1903,1833,1805
8271,1833,1877,1808,1805
8272,1877,1808,1778,1850
8273,1808,1880,1779,1850
8274,1850,1851,1779,1832
8275,1851,1762,1832,1834
8276,1832,1904,1834,1806
8277,1834,1878,1809,1806
8278,1878,1809,1807,1879
8279,1809,1881,1810,1879
8280,1833,1905,1835,1808
8281,1835,1880,1811,1808
8282,1880,1811,1779,1851
8283,1811,1883,1780,1851
8284,1851,1852,1780,1834
8285,1852,1764,1834,1836
8286,1834,1906,1836,1809
8287,1836,1881,1812,1809
8288,1881,1812,1810,1882
8289,1812,1884,1813,1882
8290,1835,1907,1837,1811
8291,1837,1883,1814,1811
8292,1883,1814,1780,1852
8293,1814,1886,1781,1852
8294,1852,1853,1781,1836
8295,1853,1766,1836,1838
8296,1836,1908,1838,1812
8297,1838,1884,1815,1812
8298,1884,1815,1813,1885
8299,1815,1887,1816,1885
8300,1837,1909,1839,1814
8301,1839,1886,1817,1814
8302,1886,1817,1781,1853
8303,1817,1889,1782,1853
8304,1853,1854,1782,1838
8305,1854,1768,1838,1840
8306,1838,1910,1840,1815
8307,1840,1887,1818,1815
8308,1887,1818,1816,1888
8309,1818,1890,1819,1888
8310,1839,1911,1841,1817
8311,1841,1889,1820,1817
8312,1889,1820,1782,1854
8313,1820,1892,1783,1854
8314,1854,1855,1783,1840
8315,1855,1770,1840,1842
8316,1840,1912,1842,1818
8317,1842,1890,1821,1818
8318,1890,1821,1819,1891
8319,1821,1893,1822,1891
8320,1841,1913,1844,1820
8321,1844,1892,1825,1820
8322,1892,1825,1783,1855
8323,1825,1897,1792,1855
8324,1855,1864,1792,1842
8325,1864,1774,1842,1846
8326,1842,1914,1846,1821
8327,1846,1893,1827,1821
8328,1893,1827,1822,1894
8329,1827,1899,1847,1894
8330,1857,1856,1786,1858
8331,1823,1895,1857,1787
8332,1857,1859,1858,1787
8333,1859,1858,1788,1860
8334,1843,1895,1823,1824
8335,1895,1787,1824,1859
8336,1824,1896,1859,1789
8337,1859,1861,1860,1789
8338,1861,1860,1790,1862
8339,1863,1843,1773,1845
8340,1843,1915,1824,1845
8341,1845,1896,1824,1826
8342,1896,1789,1826,1861
8343,1826,1898,1861,1793
8344,1861,1865,1862,1793
8345,1865,1862,1794,1866
8346,1844,1916,1863,1825
8347,1863,1897,1845,1825
8348,1897,1845,1792,1864
8349,1845,1917,1826,1864
8350,1864,1898,1826,1846
8351,1898,1793,1846,1865
8352,1846,1918,1865,1827
8353,1865,1899,1866,1827
8354,1899,1866,1847,1919
8355,1868,1797,1867,1869
8356,1828,1900,1798,1868
8357,1868,1870,1798,1869
8358,1870,1799,1869,1871
8359,1848,1900,1829,1828
8360,1900,1829,1798,1870
8361,1829,1901,1800,1870
8362,1870,1872,1800,1871
8363,1872,1801,1871,1873
8364,1874,1777,1848,1849
8365,1848,1920,1849,1829
8366,1849,1901,1830,1829
8367,1901,1830,1800,1872
8368,1830,1902,1803,1872
8369,1872,1875,1803,1873
8370,1875,1804,1873,1876
8371,1831,1903,1805,1874
8372,1874,1877,1805,1849
8373,1877,1778,1849,1850
8374,1849,1921,1850,1830
8375,1850,1902,1832,1830
8376,1902,1832,1803,1875
8377,1832,1904,1806,1875
8378,1875,1878,1806,1876
8379,1878,1807,1876,1879
8380,1903,1833,1805,1877
8381,1833,1905,1808,1877
8382,1877,1880,1808,1850
8383,1880,1779,1850,1851
8384,1850,1922,1851,1832
8385,1851,1904,1834,1832
8386,1904,1834,1806,1878
8387,1834,1906,1809,1878
8388,1878,1881,1809,1879
8389,1881,1810,1879,1882
8390,1905,1835,1808,1880
8391,1835,1907,1811,1880
8392,1880,1883,1811,1851
8393,1883,1780,1851,1852
8394,1851,1923,1852,1834
8395,1852,1906,1836,1834
8396,1906,1836,1809,1881
8397,1836,1908,1812,1881
8398,1881,1884,1812,1882
8399,1884,1813,1882,1885
8400,1907,1837,1811,1883
8401,1837,1909,1814,1883
8402,1883,1886,1814,1852
8403,1886,1781,1852,1853
8404,1852,1924,1853,1836
8405,1853,1908,1838,1836
8406,1908,1838,1812,1884
8407,1838,1910,1815,1884
8408,1884,1887,1815,1885
8409,1887,1816,1885,1888
8410,1909,1839,1814,1886
8411,1839,1911,1817,1886
8412,1886,1889,1817,1853
8413,1889,1782,1853,1854
8414,1853,1925,1854,1838
8415,1854,1910,1840,1838
8416,1910,1840,1815,1887
8417,1840,1912,1818,1887
8418,1887,1890,1818,1888
8419,1890,1819,1888,1891
8420,1911,1841,1817,1889
8421,1841,1913,1820,1889
8422,1889,1892,1820,1854
8423,1892,1783,1854,1855
8424,1854,1926,1855,1840
8425,1855,1912,1842,1840
8426,1912,1842,1818,1890
8427,1842,1914,1821,1890
8428,1890,1893,1821,1891
8429,1893,1822,1891,1894
8430,1913,1844,1820,1892
8431,1844,1916,1825,1892
8432,1892,1897,1825,1855
8433,1897,1792,1855,1864
8434,1855,1927,1864,1842
8435,1864,1914,1846,1842
8436,1914,1846,1821,1893
8437,1846,1918,1827,1893
8438,1893,1899,1827,1894
8439,1899,1847,1894,1919
8440,1857,1928,1856,1858
8441,1895,1857,1787,1859
8442,1857,1929,1858,1859
8443,1859,1930,1858,1860
8444,1843,1915,1895,1824
8445,1895,1896,1859,1824
8446,1896,1859,1789,1861
8447,1859,1931,1860,1861
8448,1861,1932,1860,1862
8449,1863,1915,1843,1845
8450,1915,1824,1845,1896
8451,1845,1917,1896,1826
8452,1896,1898,1861,1826
8453,1898,1861,1793,1865
8454,1861,1933,1862,1865
8455,1865,1934,1862,1866
8456,1916,1863,1825,1897
8457,1863,1935,1845,1897
8458,1897,1917,1845,1864
8459,1917,1826,1864,1898
8460,1864,1936,1898,1846
8461,1898,1918,1865,1846
8462,1918,1865,1827,1899
8463,1865,1937,1866,1899
8464,1899,1938,1866,1919
8465,1868,1939,1869,1867
8466,1900,1798,1868,1870
8467,1868,1940,1870,1869
8468,1870,1941,1871,1869
8469,1848,1920,1829,1900
8470,1900,1901,1829,1870
8471,1901,1800,1870,1872
8472,1870,1942,1872,1871
8473,1872,1943,1873,1871
8474,1874,1920,1849,1848
8475,1920,1849,1829,1901
8476,1849,1921,1830,1901
8477,1901,1902,1830,1872
8478,1902,1803,1872,1875
8479,1872,1944,1875,1873
8480,1875,1945,1876,1873
8481,1903,1805,1874,1877
8482,1874,1946,1877,1849
8483,1877,1921,1850,1849
8484,1921,1850,1830,1902
8485,1850,1922,1832,1902
8486,1902,1904,1832,1875
8487,1904,1806,1875,1878
8488,1875,1947,1878,1876
8489,1878,1948,1879,1876
8490,1903,1905,1833,1877
8491,1905,1808,1877,1880
8492,1877,1949,1880,1850
8493,1880,1922,1851,1850
8494,1922,1851,1832,1904
8495,1851,1923,1834,1904
8496,1904,1906,1834,1878
8497,1906,1809,1878,1881
8498,1878,1950,1881,1879
8499,1881,1951,1882,1879
8500,1905,1907,1835,1880
8501,1907,1811,1880,1883
8502,1880,1952,1883,1851
8503,1883,1923,1852,1851
8504,1923,1852,1834,1906
8505,1852,1924,1836,1906
8506,1906,1908,1836,1881
8507,1908,1812,1881,1884
8508,1881,1953,1884,1882
8509,1884,1954,1885,1882
8510,1907,1909,1837,1883
8511,1909,1814,1883,1886
8512,1883,1955,1886,1852
8513,1886,1924,1853,1852
8514,1924,1853,1836,1908
8515,1853,1925,1838,1908
8516,1908,1910,1838,1884
8517,1910,1815,1884,1887
8518,1884,1956,1887,1885
8519,1887,1957,1888,1885
8520,1909,1911,1839,1886
8521,1911,1817,1886,1889
8522,1886,1958,1889,1853
8523,1889,1925,1854,1853
8524,1925,1854,1838,1910
8525,1854,1926,1840,1910
8526,1910,1912,1840,1887
8527,1912,1818,1887,1890
8528,1887,1959,1890,1888
8529,1890,1960,1891,1888
8530,1911,1913,1841,1889
8531,1913,1820,1889,1892
8532,1889,1961,1892,1854
8533,1892,1926,1855,1854
8534,1926,1855,1840,1912
8535,1855,1927,1842,1912
8536,1912,1914,1842,1890
8537,1914,1821,1890,1893
8538,1890,1962,1893,1891
8539,1893,1963,1894,1891
8540,1913,1916,1844,1892
8541,1916,1825,1892,1897
8542,1892,1964,1897,1855
8543,1897,1927,1864,1855
8544,1927,1864,1842,1914
8545,1864,1936,1846,1914
8546,1914,1918,1846,1893
8547,1918,1827,1893,1899
8548,1893,1965,1899,1894
8549,1899,1966,1919,1894
8550,1857,1929,1928,1858
8551,1895,1929,1857,1859
8552,1929,1858,1859,1930
8553,1859,1931,1930,1860
8554,1915,1895,1824,1896
8555,1895,1967,1859,1896
8556,1896,1931,1859,1861
8557,1931,1860,1861,1932
8558,1861,1933,1932,1862
8559,1863,1935,1915,1845
8560,1915,1917,1896,1845
8561,1917,1896,1826,1898
8562,1896,1968,1861,1898
8563,1898,1933,1861,1865
8564,1933,1862,1865,1934
8565,1865,1937,1934,1866
8566,1916,1935,1863,1897
8567,1935,1845,1897,1917
8568,1897,1969,1917,1864
8569,1917,1936,1898,1864
8570,1936,1898,1846,1918
8571,1898,1970,1865,1918
8572,1918,1937,1865,1899
8573,1937,1866,1899,1938
8574,1899,1971,1938,1919
8575,1868,1940,1869,1939
8576,1900,1940,1870,1868
8577,1940,1870,1869,1941
8578,1870,1942,1871,1941
8579,1920,1829,1900,1901
8580,1900,1972,1901,1870
8581,1901,1942,1872,1870
8582,1942,1872,1871,1943
8583,1872,1944,1873,1943
8584,1874,1946,1849,1920
8585,1920,1921,1849,1901
8586,1921,1830,1901,1902
8587,1901,1973,1902,1872
8588,1902,1944,1875,1872
8589,1944,1875,1873,1945
8590,1875,1947,1876,1945
8591,1903,1946,1877,1874
8592,1946,1877,1849,1921
8593,1877,1949,1850,1921
8594,1921,1922,1850,1902
8595,1922,1832,1902,1904
8596,1902,1974,1904,1875
8597,1904,1947,1878,1875
8598,1947,1878,1876,1948
8599,1878,1950,1879,1948
8600,1903,1975,1905,1877
8601,1905,1949,1880,1877
8602,1949,1880,1850,1922
8603,1880,1952,1851,1922
8604,1922,1923,1851,1904
8605,1923,1834,1904,1906
8606,1904,1976,1906,1878
8607,1906,1950,1881,1878
8608,1950,1881,1879,1951
8609,1881,1953,1882,1951
8610,1905,1977,1907,1880
8611,1907,1952,1883,1880
8612,1952,1883,1851,1923
8613,1883,1955,1852,1923
8614,1923,1924,1852,1906
8615,1924,1836,1906,1908
8616,1906,1978,1908,1881
8617,1908,1953,1884,1881
8618,1953,1884,1882,1954
8619,1884,1956,1885,1954
8620,1907,1979,1909,1883
8621,1909,1955,1886,1883
8622,1955,1886,1852,1924
8623,1886,1958,1853,1924
8624,1924,1925,1853,1908
8625,1925,1838,1908,1910
8626,1908,1980,1910,1884
8627,1910,1956,1887,1884
8628,1956,1887,1885,1957
8629,1887,1959,1888,1957
8630,1909,1981,1911,1886
8631,1911,1958,1889,1886
8632,1958,1889,1853,1925
8633,1889,1961,1854,1925
8634,1925,1926,1854,1910
8635,1926,1840,1910,1912
8636,1910,1982,1912,1887
8637,1912,1959,1890,1887
8638,1959,1890,1888,1960
8639,1890,1962,1891,1960
8640,1911,1983,1913,1889
8641,1913,1961,1892,1889
8642,1961,1892,1854,1926
8643,1892,1964,1855,1926
8644,1926,1927,1855,1912
8645,1927,1842,1912,1914
8646,1912,1984,1914,1890
8647,1914,1962,1893,1890
8648,1962,1893,1891,1963
8649,1893,1965,1894,1963
8650,1913,1985,1916,1892
8651,1916,1964,1897,1892
8652,1964,1897,1855,1927
8653,1897,1969,1864,1927
8654,1927,1936,1864,1914
8655,1936,1846,1914,1918
8656,1914,1986,1918,1893
8657,1918,1965,1899,1893
8658,1965,1899,1894,1966
8659,1899,1971,1919,1966
8660,1929,1928,1858,1930
8661,1895,1967,1929,1859
8662,1929,1931,1930,1859
8663,1931,1930,1860,1932
8664,1915,1967,1895,1896
8665,1967,1859,1896,1931
8666,1896,1968,1931,1861
8667,1931,1933,1932,1861
8668,1933,1932,1862,1934
8669,1935,1915,1845,1917
8670,1915,1987,1896,1917
8671,1917,1968,1896,1898
8672,1968,1861,1898,1933
8673,1898,1970,1933,1865
8674,1933,1937,1934,1865
8675,1937,1934,1866,1938
8676,1916,1988,1935,1897
8677,1935,1969,1917,1897
8678,1969,1917,1864,1936
8679,1917,1989,1898,1936
8680,1936,1970,1898,1918
8681,1970,1865,1918,1937
8682,1918,1990,1937,1899
8683,1937,1971,1938,1899
8684,1971,1938,1919,1991
8685,1940,1869,1939,1941
8686,1900,1972,1870,1940
8687,1940,1942,1870,1941
8688,1942,1871,1941,1943
8689,1920,1972,1901,1900
8690,1972,1901,1870,1942
8691,1901,1973,1872,1942
8692,1942,1944,1872,1943
8693,1944,1873,1943,1945
8694,1946,1849,1920,1921
8695,1920,1992,1921,1901
8696,1921,1973,1902,1901
8697,1973,1902,1872,1944
8698,1902,1974,1875,1944
8699,1944,1947,1875,1945
8700,1947,1876,1945,1948
8701,1903,1975,1877,1946
8702,1946,1949,1877,1921
8703,1949,1850,1921,1922
8704,1921,1993,1922,1902
8705,1922,1974,1904,1902
8706,1974,1904,1875,1947
8707,1904,1976,1878,1947
8708,1947,1950,1878,1948
8709,1950,1879,1948,1951
8710,1975,1905,1877,1949
8711,1905,1977,1880,1949
8712,1949,1952,1880,1922
8713,1952,1851,1922,1923
8714,1922,1994,1923,1904
8715,1923,1976,1906,1904
8716,1976,1906,1878,1950
8717,1906,1978,1881,1950
8718,1950,1953,1881,1951
8719,1953,1882,1951,1954
8720,1977,1907,1880,1952
8721,1907,1979,1883,1952
8722,1952,1955,1883,1923
8723,1955,1852,1923,1924
8724,1923,1995,1924,1906
8725,1924,1978,1908,1906
8726,1978,1908,1881,1953
8727,1908,1980,1884,1953
8728,1953,1956,1884,1954
8729,1956,1885,1954,1957
8730,1979,1909,1883,1955
8731,1909,1981,1886,1955
8732,1955,1958,1886,1924
8733,1958,1853,1924,1925
8734,1924,1996,1925,1908
8735,1925,1980,1910,1908
8736,1980,1910,1884,1956
8737,1910,1982,1887,1956
8738,1956,1959,1887,1957
8739,1959,1888,1957,1960
8740,1981,1911,1886,1958
8741,1911,1983,1889,1958
8742,1958,1961,1889,1925
8743,1961,1854,1925,1926
8744,1925,1997,1926,1910
8745,1926,1982,1912,1910
8746,1982,1912,1887,1959
8747,1912,1984,1890,1959
8748,1959,1962,1890,1960
8749,1962,1891,1960,1963
8750,1983,1913,1889,1961
8751,1913,1985,1892,1961
8752,1961,1964,1892,1926
8753,1964,1855,1926,1927
8754,1926,1998,1927,1912
8755,1927,1984,1914,1912
8756,1984,1914,1890,1962
8757,1914,1986,1893,1962
8758,1962,1965,1893,1963
8759,1965,1894,1963,1966
8760,1985,1916,1892,1964
8761,1916,1988,1897,1964
8762,1964,1969,1897,1927
8763,1969,1864,1927,1936
8764,1927,1999,1936,1914
8765,1936,1986,1918,1914
8766,1986,1918,1893,1965
8767,1918,1990,1899,1965
8768,1965,1971,1899,1966
8769,1971,1919,1966,1991
8770,1929,2000,1928,1930
8771,1967,1929,1859,1931
8772,1929,2001,1930,1931
8773,1931,2002,1930,1932
8774,1915,1987,1967,1896
8775,1967,1968,1931,1896
8776,1968,1931,1861,1933
8777,1931,2003,1932,1933
8778,1933,2004,1932,1934
8779,1935,1987,1915,1917
8780,1987,1896,1917,1968
8781,1917,1989,1968,1898
8782,1968,1970,1933,1898
8783,1970,1933,1865,1937
8784,1933,2005,1934,1937
8785,1937,2006,1934,1938
8786,1988,1935,1897,1969
8787,1935,2007,1917,1969
8788,1969,1989,1917,1936
8789,1989,1898,1936,1970
8790,1936,2008,1970,1918
8791,1970,1990,1937,1918
8792,1990,1937,1899,1971
8793,1937,2009,1938,1971
8794,1971,2010,1938,1991
8795,1940,2011,1941,1939
8796,1972,1870,1940,1942
8797,1940,2012,1942,1941
8798,1942,2013,1943,1941
8799,1920,1992,1901,1972
8800,1972,1973,1901,1942
8801,1973,1872,1942,1944
8802,1942,2014,1944,1943
8803,1944,2015,1945,1943
8804,1946,1992,1921,1920
8805,1992,1921,1901,1973
8806,1921,1993,1902,1973
8807,1973,1974,1902,1944
8808,1974,1875,1944,1947
8809,1944,2016,1947,1945
8810,1947,2017,1948,1945
8811,1975,1877,1946,1949
8812,1946,2018,1949,1921
8813,1949,1993,1922,1921
8814,1993,1922,1902,1974
8815,1922,1994,1904,1974
8816,1974,1976,1904,1947
8817,1976,1878,1947,1950
8818,1947,2019,1950,1948
8819,1950,2020,1951,1948
8820,1975,1977,1905,1949
8821,1977,1880,1949,1952
8822,1949,2021,1952,1922
8823,1952,1994,1923,1922
8824,1994,1923,1904,1976
8825,1923,1995,1906,1976
8826,1976,1978,1906,1950
8827,1978,1881,1950,1953
8828,1950,2022,1953,1951
8829,1953,2023,1954,1951
8830,1977,1979,1907,1952
8831,1979,1883,1952,1955
8832,1952,2024,1955,1923
8833,1955,1995,1924,1923
8834,1995,1924,1906,1978
8835,1924,1996,1908,1978
8836,1978,1980,1908,1953
8837,1980,1884,1953,1956
8838,1953,2025,1956,1954
8839,1956,2026,1957,1954
8840,1979,1981,1909,1955
8841,1981,1886,1955,1958
8842,1955,2027,1958,1924
8843,1958,1996,1925,1924
8844,1996,1925,1908,1980
8845,1925,1997,1910,1980
8846,1980,1982,1910,1956
8847,1982,1887,1956,1959
8848,1956,2028,1959,1957
8849,1959,2029,1960,1957
8850,1981,1983,1911,1958
8851,1983,1889,1958,1961
8852,1958,2030,1961,1925
8853,1961,1997,1926,1925
8854,1997,1926,1910,1982
8855,1926,1998,1912,1982
8856,1982,1984,1912,1959
8857,1984,1890,1959,1962
8858,1959,2031,1962,1960
8859,1962,2032,1963,1960
8860,1983,1985,1913,1961
8861,1985,1892,1961,1964
8862,1961,2033,1964,1926
8863,1964,1998,1927,1926
8864,1998,1927,1912,1984
8865,1927,1999,1914,1984
8866,1984,1986,1914,1962
8867,1986,1893,1962,1965
8868,1962,2034,1965,1963
8869,1965,2035,1966,1963
8870,1985,1988,1916,1964
8871,1988,1897,1964,1969
8872,1964,2036,1969,1927
8873,1969,1999,1936,1927
8874,1999,1936,1914,1986
8875,1936,2008,1918,1986
8876,1986,1990,1918,1965
8877,1990,1899,1965,1971
8878,1965,2037,1971,1966
8879,1971,2038,1991,1966
8880,1929,2001,2000,1930
8881,1967,2001,1929,1931
8882,2001,1930,1931,2002
8883,1931,2003,2002,1932
8884,1987,1967,1896,1968
8885,1967,2039,1931,1968
8886,1968,2003,1931,1933
8887,2003,1932,1933,2004
8888,1933,2005,2004,1934
8889,1935,2007,1987,1917
8890,1987,1989,1968,1917
8891,1989,1968,1898,1970
8892,1968,2040,1933,1970
8893,1970,2005,1933,1937
8894,2005,1934,1937,2006
8895,1937,2009,2006,1938
8896,1988,2007,1935,1969
8897,2007,1917,1969,1989
8898,1969,2041,1989,1936
8899,1989,2008,1970,1936
8900,2008,1970,1918,1990
8901,1970,2042,1937,1990
8902,1990,2009,1937,1971
8903,2009,1938,1971,2010
8904,1971,2043,2010,1991
8905,1940,2012,1941,2011
8906,1972,2012,1942,1940
8907,2012,1942,1941,2013
8908,1942,2014,1943,2013
8909,1992,1901,1972,1973
8910,1972,2044,1973,1942
8911,1973,2014,1944,1942
8912,2014,1944,1943,2015
8913,1944,2016,1945,2015
8914,1946,2018,1921,1992
8915,1992,1993,1921,1973
8916,1993,1902,1973,1974
8917,1973,2045,1974,1944
8918,1974,2016,1947,1944
8919,2016,1947,1945,2017
8920,1947,2019,1948,2017
8921,1975,2018,1949,1946
8922,2018,1949,1921,1993
8923,1949,2021,1922,1993
8924,1993,1994,1922,1974
8925,1994,1904,1974,1976
8926,1974,2046,1976,1947
8927,1976,2019,1950,1947
8928,2019,1950,1948,2020
8929,1950,2022,1951,2020
8930,1975,2047,1977,1949
8931,1977,2021,1952,1949
8932,2021,1952,1922,1994
8933,1952,2024,1923,1994
8934,1994,1995,1923,1976
8935,1995,1906,1976,1978
8936,1976,2048,1978,1950
8937,1978,2022,1953,1950
8938,2022,1953,1951,2023
8939,1953,2025,1954,2023
8940,1977,2049,1979,1952
8941,1979,2024,1955,1952
8942,2024,1955,1923,1995
8943,1955,2027,1924,1995
8944,1995,1996,1924,1978
8945,1996,1908,1978,1980
8946,1978,2050,1980,1953
8947,1980,2025,1956,1953
8948,2025,1956,1954,2026
8949,1956,2028,1957,2026
8950,1979,2051,1981,1955
8951,1981,2027,1958,1955
8952,2027,1958,1924,1996
8953,1958,2030,1925,1996
8954,1996,1997,1925,1980
8955,1997,1910,1980,1982
8956,1980,2052,1982,1956
8957,1982,2028,1959,1956
8958,2028,1959,1957,2029
8959,1959,2031,1960,2029
8960,1981,2053,1983,1958
8961,1983,2030,1961,1958
8962,2030,1961,1925,1997
8963,1961,2033,1926,1997
8964,1997,1998,1926,1982
8965,1998,1912,1982,1984
8966,1982,2054,1984,1959
8967,1984,2031,1962,1959
8968,2031,1962,1960,2032
8969,1962,2034,1963,2032
8970,1983,2055,1985,1961
8971,1985,2033,1964,1961
8972,2033,1964,1926,1998
8973,1964,2036,1927,1998
8974,1998,1999,1927,1984
8975,1999,1914,1984,1986
8976,1984,2056,1986,1962
8977,1986,2034,1965,1962
8978,2034,1965,1963,2035
8979,1965,2037,1966,2035
8980,1985,2057,1988,1964
8981,1988,2036,1969,1964
8982,2036,1969,1927,1999
8983,1969,2041,1936,1999
8984,1999,2008,1936,1986
8985,2008,1918,1986,1990
8986,1986,2058,1990,1965
8987,1990,2037,1971,1965
8988,2037,1971,1966,2038
8989,1971,2043,1991,2038
8990,2001,2000,1930,2002
8991,1967,2039,2001,1931
8992,2001,2003,2002,1931
8993,2003,2002,1932,2004
8994,1987,2039,1967,1968
8995,2039,1931,1968,2003
8996,1968,2040,2003,1933
8997,2003,2005,2004,1933
8998,2005,2004,1934,2006
8999,2007,1987,1917,1989
9000,1987,2059,1968,1989
9001,1989,2040,1968,1970
9002,2040,1933,1970,2005
9003,1970,2042,2005,1937
9004,2005,2009,2006,1937
9005,2009,2006,1938,2010
9006,1988,2060,2007,1969
9007,2007,2041,1989,1969
9008,2041,1989,1936,2008
9009,1989,2061,1970,2008
9010,2008,2042,1970,1990
9011,2042,1937,1990,2009
9012,1990,2062,2009,1971
9013,2009,2043,2010,1971
9014,2043,2010,1991,2063
9015,2012,1941,2011,2013
9016,1972,2044,1942,2012
9017,2012,2014,1942,2013
9018,2014,1943,2013,2015
9019,1992,2044,1973,1972
9020,2044,1973,1942,2014
9021,1973,2045,1944,2014
9022,2014,2016,1944,2015
9023,2016,1945,2015,2017
9024,2018,1921,1992,1993
9025,1992,2064,1993,1973
9026,1993,2045,1974,1973
9027,2045,1974,1944,2016
9028,1974,2046,1947,2016
9029,2016,2019,1947,2017
9030,2019,1948,2017,2020
9031,1975,2047,1949,2018
9032,2018,2021,1949,1993
9033,2021,1922,1993,1994
9034,1993,2065,1994,1974
9035,1994,2046,1976,1974
9036,2046,1976,1947,2019
9037,1976,2048,1950,2019
9038,2019,2022,1950,2020
9039,2022,1951,2020,2023
9040,2047,1977,1949,2021
9041,1977,2049,1952,2021
9042,2021,2024,1952,1994
9043,2024,1923,1994,1995
9044,1994,2066,1995,1976
9045,1995,2048,1978,1976
9046,2048,1978,1950,2022
9047,1978,2050,1953,2022
9048,2022,2025,1953,2023
9049,2025,1954,2023,2026
9050,2049,1979,1952,2024
9051,1979,2051,1955,2024
9052,2024,2027,1955,1995
9053,2027,1924,1995,1996
9054,1995,2067,1996,1978
9055,1996,2050,1980,1978
9056,2050,1980,1953,2025
9057,1980,2052,1956,2025
9058,2025,2028,1956,2026
9059,2028,1957,2026,2029
9060,2051,1981,1955,2027
9061,1981,2053,1958,2027
9062,2027,2030,1958,1996
9063,2030,1925,1996,1997
9064,1996,2068,1997,1980
9065,1997,2052,1982,1980
9066,2052,1982,1956,2028
9067,1982,2054,1959,2028
9068,2028,2031,1959,2029
9069,2031,1960,2029,2032
9070,2053,1983,1958,2030
9071,1983,2055,1961,2030
9072,2030,2033,1961,1997
9073,2033,1926,1997,1998
9074,1997,2069,1998,1982
9075,1998,2054,1984,1982
9076,2054,1984,1959,2031
9077,1984,2056,1962,2031
9078,2031,2034,1962,2032
9079,2034,1963,2032,2035
9080,2055,1985,1961,2033
9081,1985,2057,1964,2033
9082,2033,2036,1964,1998
9083,2036,1927,1998,1999
9084,1998,2070,1999,1984
9085,1999,2056,1986,1984
9086,2056,1986,1962,2034
9087,1986,2058,1965,2034
9088,2034,2037,1965,2035
9089,2037,1966,2035,2038
9090,2057,1988,1964,2036
9091,1988,2060,1969,2036
9092,2036,2041,1969,1999
9093,2041,1936,1999,2008
9094,1999,2071,2008,1986
9095,2008,2058,1990,1986
9096,2058,1990,1965,2037
9097,1990,2062,1971,2037
9098,2037,2043,1971,2038
9099,2043,1991,2038,2063
9100,2001,2072,2000,2002
9101,2039,2001,1931,2003
9102,2001,2073,2002,2003
9103,2003,2074,2002,2004
9104,1987,2059,2039,1968
9105,2039,2040,2003,1968
9106,2040,2003,1933,2005
9107,2003,2075,2004,2005
9108,2005,2076,2004,2006
9109,2007,2059,1987,1989
9110,2059,1968,1989,2040
9111,1989,2061,2040,1970
9112,2040,2042,2005,1970
9113,2042,2005,1937,2009
9114,2005,2077,2006,2009
9115,2009,2078,2006,2010
9116,2060,2007,1969,2041
9117,2007,2079,1989,2041
9118,2041,2061,1989,2008
9119,2061,1970,2008,2042
9120,2008,2080,2042,1990
9121,2042,2062,2009,1990
9122,2062,2009,1971,2043
9123,2009,2081,2010,2043
9124,2043,2082,2010,2063
9125,2012,2083,2013,2011
9126,2044,1942,2012,2014
9127,2012,2084,2014,2013
9128,2014,2085,2015,2013
9129,1992,2064,1973,2044
9130,2044,2045,1973,2014
9131,2045,1944,2014,2016
9132,2014,2086,2016,2015
9133,2016,2087,2017,2015
9134,2018,2064,1993,1992
9135,2064,1993,1973,2045
9136,1993,2065,1974,2045
9137,2045,2046,1974,2016
9138,2046,1947,2016,2019
9139,2016,2088,2019,2017
9140,2019,2089,2020,2017
9141,2047,1949,2018,2021
9142,2018,2090,2021,1993
9143,2021,2065,1994,1993
9144,2065,1994,1974,2046
9145,1994,2066,1976,2046
9146,2046,2048,1976,2019
9147,2048,1950,2019,2022
9148,2019,2091,2022,2020
9149,2022,2092,2023,2020
9150,2047,2049,1977,2021
9151,2049,1952,2021,2024
9152,2021,2093,2024,1994
9153,2024,2066,1995,1994
9154,2066,1995,1976,2048
9155,1995,2067,1978,2048
9156,2048,2050,1978,2022
9157,2050,1953,2022,2025
9158,2022,2094,2025,2023
9159,2025,2095,2026,2023
9160,2049,2051,1979,2024
9161,2051,1955,2024,2027
9162,2024,2096,2027,1995
9163,2027,2067,1996,1995
9164,2067,1996,1978,2050
9165,1996,2068,1980,2050
9166,2050,2052,1980,2025
9167,2052,1956,2025,2028
9168,2025,2097,2028,2026
9169,2028,2098,2029,2026
9170,2051,2053,1981,2027
9171,2053,1958,2027,2030
9172,2027,2099,2030,1996
9173,2030,2068,1997,1996
9174,2068,1997,1980,2052
9175,1997,2069,1982,2052
9176,2052,2054,1982,2028
9177,2054,1959,2028,2031
9178,2028,2100,2031,2029
9179,2031,2101,2032,2029
9180,2053,2055,1983,2030
9181,2055,1961,2030,2033
9182,2030,2102,2033,1997
9183,2033,2069,1998,1997
9184,2069,1998,1982,2054
9185,1998,2070,1984,2054
9186,2054,2056,1984,2031
9187,2056,1962,2031,2034
9188,2031,2103,2034,2032
9189,2034,2104,2035,2032
9190,2055,2057,1985,2033
9191,2057,1964,2033,2036
9192,2033,2105,2036,1998
9193,2036,2070,1999,1998
9194,2070,1999,1984,2056
9195,1999,2071,1986,2056
9196,2056,2058,1986,2034
9197,2058,1965,2034,2037
9198,2034,2106,2037,2035
9199,2037,2107,2038,2035
9200,2057,2060,1988,2036
9201,2060,1969,2036,2041
9202,2036,2108,2041,1999
9203,2041,2071,2008,1999
9204,2071,2008,1986,2058
9205,2008,2080,1990,2058
9206,2058,2062,1990,2037
9207,2062,1971,2037,2043
9208,2037,2109,2043,2038
9209,2043,2110,2063,2038
9210,2001,2073,2072,2002
9211,2039,2073,2001,2003
9212,2073,2002,2003,2074
9213,2003,2075,2074,2004
9214,2059,2039,1968,2040
9215,2039,2111,2003,2040
9216,2040,2075,2003,2005
9217,2075,2004,2005,2076
9218,2005,2077,2076,2006
9219,2007,2079,2059,1989
9220,2059,2061,2040,1989
9221,2061,2040,1970,2042
9222,2040,2112,2005,2042
9223,2042,2077,2005,2009
9224,2077,2006,2009,2078
9225,2009,2081,2078,2010
9226,2060,2079,2007,2041
9227,2079,1989,2041,2061
9228,2041,2113,2061,2008
9229,2061,2080,2042,2008
9230,2080,2042,1990,2062
9231,2042,2114,2009,2062
9232,2062,2081,2009,2043
9233,2081,2010,2043,2082
9234,2043,2115,2082,2063
9235,2012,2084,2013,2083
9236,2044,2084,2014,2012
9237,2084,2014,2013,2085
9238,2014,2086,2015,2085
9239,2064,1973,2044,2045
9240,2044,2116,2045,2014
9241,2045,2086,2016,2014
9242,2086,2016,2015,2087
9243,2016,2088,2017,2087
9244,2018,2090,1993,2064
9245,2064,2065,1993,2045
9246,2065,1974,2045,2046
9247,2045,2117,2046,2016
9248,2046,2088,2019,2016
9249,2088,2019,2017,2089
9250,2019,2091,2020,2089
9251,2047,2090,2021,2018
9252,2090,2021,1993,2065
9253,2021,2093,1994,2065
9254,2065,2066,1994,2046
9255,2066,1976,2046,2048
9256,2046,2118,2048,2019
9257,2048,2091,2022,2019
9258,2091,2022,2020,2092
9259,2022,2094,2023,2092
9260,2047,2119,2049,2021
9261,2049,2093,2024,2021
9262,2093,2024,1994,2066
9263,2024,2096,1995,2066
9264,2066,2067,1995,2048
9265,2067,1978,2048,2050
9266,2048,2120,2050,2022
9267,2050,2094,2025,2022
9268,2094,2025,2023,2095
9269,2025,2097,2026,2095
9270,2049,2121,2051,2024
9271,2051,2096,2027,2024
9272,2096,2027,1995,2067
9273,2027,2099,1996,2067
9274,2067,2068,1996,2050
9275,2068,1980,2050,2052
9276,2050,2122,2052,2025
9277,2052,2097,2028,2025
9278,2097,2028,2026,2098
9279,2028,2100,2029,2098
9280,2051,2123,2053,2027
9281,2053,2099,2030,2027
9282,2099,2030,1996,2068
9283,2030,2102,1997,2068
9284,2068,2069,1997,2052
9285,2069,1982,2052,2054
9286,2052,2124,2054,2028
9287,2054,2100,2031,2028
9288,2100,2031,2029,2101
9289,2031,2103,2032,2101
9290,2053,2125,2055,2030
9291,2055,2102,2033,2030
9292,2102,2033,1997,2069
9293,2033,2105,1998,2069
9294,2069,2070,1998,2054
9295,2070,1984,2054,2056
9296,2054,2126,2056,2031
9297,2056,2103,2034,2031
9298,2103,2034,2032,2104
9299,2034,2106,2035,2104
9300,2055,2127,2057,2033
9301,2057,2105,2036,2033
9302,2105,2036,1998,2070
9303,2036,2108,1999,2070
9304,2070,2071,1999,2056
9305,2071,1986,2056,2058
9306,2056,2128,2058,2034
9307,2058,2106,2037,2034
9308,2106,2037,2035,2107
9309,2037,2109,2038,2107
9310,2057,2129,2060,2036
9311,2060,2108,2041,2036
9312,2108,2041,1999,2071
9313,2041,2113,2008,2071
9314,2071,2080,2008,2058
9315,2080,1990,2058,2062
9316,2058,2130,2062,2037
9317,2062,2109,2043,2037
9318,2109,2043,2038,2110
9319,2043,2115,2063,2110
9320,2073,2072,2002,2074
9321,2039,2111,2073,2003
9322,2073,2075,2074,2003
9323,2075,2074,2004,2076
9324,2059,2111,2039,2040
9325,2111,2003,2040,2075
9326,2040,2112,2075,2005
9327,2075,2077,2076,2005
9328,2077,2076,2006,2078
9329,2079,2059,1989,2061
9330,2059,2131,2040,2061
9331,2061,2112,2040,2042
9332,2112,2005,2042,2077
9333,2042,2114,2077,2009
9334,2077,2081,2078,2009
9335,2081,2078,2010,2082
9336,2060,2132,2079,2041
9337,2079,2113,2061,2041
9338,2113,2061,2008,2080
9339,2061,2133,2042,2080
9340,2080,2114,2042,2062
9341,2114,2009,2062,2081
9342,2062,2134,2081,2043
9343,2081,2115,2082,2043
9344,2115,2082,2063,2135
9345,2084,2013,2083,2085
9346,2044,2116,2014,2084
9347,2084,2086,2014,2085
9348,2086,2015,2085,2087
9349,2064,2116,2045,2044
9350,2116,2045,2014,2086
9351,2045,2117,2016,2086
9352,2086,2088,2016,2087
9353,2088,2017,2087,2089
9354,2090,1993,2064,2065
9355,2064,2136,2065,2045
9356,2065,2117,2046,2045
9357,2117,2046,2016,2088
9358,2046,2118,2019,2088
9359,2088,2091,2019,2089
9360,2091,2020,2089,2092
9361,2047,2119,2021,2090
9362,2090,2093,2021,2065
9363,2093,1994,2065,2066
9364,2065,2137,2066,2046
9365,2066,2118,2048,2046
9366,2118,2048,2019,2091
9367,2048,2120,2022,2091
9368,2091,2094,2022,2092
9369,2094,2023,2092,2095
9370,2119,2049,2021,2093
9371,2049,2121,2024,2093
9372,2093,2096,2024,2066
9373,2096,1995,2066,2067
9374,2066,2138,2067,2048
9375,2067,2120,2050,2048
9376,2120,2050,2022,2094
9377,2050,2122,2025,2094
9378,2094,2097,2025,2095
9379,2097,2026,2095,2098
9380,2121,2051,2024,2096
9381,2051,2123,2027,2096
9382,2096,2099,2027,2067
9383,2099,1996,2067,2068
9384,2067,2139,2068,2050
9385,2068,2122,2052,2050
9386,2122,2052,2025,2097
9387,2052,2124,2028,2097
9388,2097,2100,2028,2098
9389,2100,2029,2098,2101
9390,2123,2053,2027,2099
9391,2053,2125,2030,2099
9392,2099,2102,2030,2068
9393,2102,1997,2068,2069
9394,2068,2140,2069,2052
9395,2069,2124,2054,2052
9396,2124,2054,2028,2100
9397,2054,2126,2031,2100
9398,2100,2103,2031,2101
9399,2103,2032,2101,2104
9400,2125,2055,2030,2102
9401,2055,2127,2033,2102
9402,2102,2105,2033,2069
9403,2105,1998,2069,2070
9404,2069,2141,2070,2054
9405,2070,2126,2056,2054
9406,2126,2056,2031,2103
9407,2056,2128,2034,2103
9408,2103,2106,2034,2104
9409,2106,2035,2104,2107
9410,2127,2057,2033,2105
9411,2057,2129,2036,2105
9412,2105,2108,2036,2070
9413,2108,1999,2070,2071
9414,2070,2142,2071,2056
9415,2071,2128,2058,2056
9416,2128,2058,2034,2106
9417,2058,2130,2037,2106
9418,2106,2109,2037,2107
9419,2109,2038,2107,2110
9420,2129,2060,2036,2108
9421,2060,2132,2041,2108
9422,2108,2113,2041,2071
9423,2113,2008,2071,2080
9424,2071,2143,2080,2058
9425,2080,2130,2062,2058
9426,2130,2062,2037,2109
9427,2062,2134,2043,2109
9428,2109,2115,2043,2110
9429,2115,2063,2110,2135
9430,2073,2144,2072,2074
9431,2111,2073,2003,2075
9432,2073,2145,2074,2075
9433,2075,2146,2074,2076
9434,2059,2131,2111,2040
9435,2111,2112,2075,2040
9436,2112,2075,2005,2077
9437,2075,2147,2076,2077
9438,2077,2148,2076,2078
9439,2079,2131,2059,2061
9440,2131,2040,2061,2112
9441,2061,2133,2112,2042
9442,2112,2114,2077,2042
9443,2114,2077,2009,2081
9444,2077,2149,2078,2081
9445,2081,2150,2078,2082
9446,2132,2079,2041,2113
9447,2079,2151,2061,2113
9448,2113,2133,2061,2080
9449,2133,2042,2080,2114
9450,2080,2152,2114,2062
9451,2114,2134,2081,2062
9452,2134,2081,2043,2115
9453,2081,2153,2082,2115
9454,2115,2154,2082,2135
9455,2084,2155,2085,2083
9456,2116,2014,2084,2086
9457,2084,2156,2086,2085
9458,2086,2157,2087,2085
9459,2064,2136,2045,2116
9460,2116,2117,2045,2086
9461,2117,2016,2086,2088
9462,2086,2158,2088,2087
9463,2088,2159,2089,2087
9464,2090,2136,2065,2064
9465,2136,2065,2045,2117
9466,2065,2137,2046,2117
9467,2117,2118,2046,2088
9468,2118,2019,2088,2091
9469,2088,2160,2091,2089
9470,2091,2161,2092,2089
9471,2119,2021,2090,2093
9472,2090,2162,2093,2065
9473,2093,2137,2066,2065
9474,2137,2066,2046,2118
9475,2066,2138,2048,2118
9476,2118,2120,2048,2091
9477,2120,2022,2091,2094
9478,2091,2163,2094,2092
9479,2094,2164,2095,2092
9480,2119,2121,2049,2093
9481,2121,2024,2093,2096
9482,2093,2165,2096,2066
9483,2096,2138,2067,2066
9484,2138,2067,2048,2120
9485,2067,2139,2050,2120
9486,2120,2122,2050,2094
9487,2122,2025,2094,2097
9488,2094,2166,2097,2095
9489,2097,2167,2098,2095
9490,2121,2123,2051,2096
9491,2123,2027,2096,2099
9492,2096,2168,2099,2067
9493,2099,2139,2068,2067
9494,2139,2068,2050,2122
9495,2068,2140,2052,2122
9496,2122,2124,2052,2097
9497,2124,2028,2097,2100
9498,2097,2169,2100,2098
9499,2100,2170,2101,2098
9500,2123,2125,2053,2099
9501,2125,2030,2099,2102
9502,2099,2171,2102,2068
9503,2102,2140,2069,2068
9504,2140,2069,2052,2124
9505,2069,2141,2054,2124
9506,2124,2126,2054,2100
9507,2126,2031,2100,2103
9508,2100,2172,2103,2101
9509,2103,2173,2104,2101
9510,2125,2127,2055,2102
9511,2127,2033,2102,2105
9512,2102,2174,2105,2069
9513,2105,2141,2070,2069
9514,2141,2070,2054,2126
9515,2070,2142,2056,2126
9516,2126,2128,2056,2103
9517,2128,2034,2103,2106
9518,2103,2175,2106,2104
9519,2106,2176,2107,2104
9520,2127,2129,2057,2105
9521,2129,2036,2105,2108
9522,2105,2177,2108,2070
9523,2108,2142,2071,2070
9524,2142,2071,2056,2128
9525,2071,2143,2058,2128
9526,2128,2130,2058,2106
9527,2130,2037,2106,2109
9528,2106,2178,2109,2107
9529,2109,2179,2110,2107
9530,2129,2132,2060,2108
9531,2132,2041,2108,2113
9532,2108,2180,2113,2071
9533,2113,2143,2080,2071
9534,2143,2080,2058,2130
9535,2080,2152,2062,2130
9536,2130,2134,2062,2109
9537,2134,2043,2109,2115
9538,2109,2181,2115,2110
9539,2115,2182,2135,2110
9540,2073,2145,2144,2074
9541,2111,2145,2073,2075
9542,2145,2074,2075,2146
9543,2075,2147,2146,2076
9544,2131,2111,2040,2112
9545,2111,2183,2075,2112
9546,2112,2147,2075,2077
9547,2147,2076,2077,2148
9548,2077,2149,2148,2078
9549,2079,2151,2131,2061
9550,2131,2133,2112,2061
9551,2133,2112,2042,2114
9552,2112,2184,2077,2114
9553,2114,2149,2077,2081
9554,2149,2078,2081,2150
9555,2081,2153,2150,2082
9556,2132,2151,2079,2113
9557,2151,2061,2113,2133
9558,2113,2185,2133,2080
9559,2133,2152,2114,2080
9560,2152,2114,2062,2134
9561,2114,2186,2081,2134
9562,2134,2153,2081,2115
9563,2153,2082,2115,2154
9564,2115,2187,2154,2135
9565,2084,2156,2085,2155
9566,2116,2156,2086,2084
9567,2156,2086,2085,2157
9568,2086,2158,2087,2157
9569,2136,2045,2116,2117
9570,2116,2188,2117,2086
9571,2117,2158,2088,2086
9572,2158,2088,2087,2159
9573,2088,2160,2089,2159
9574,2090,2162,2065,2136
9575,2136,2137,2065,2117
9576,2137,2046,2117,2118
9577,2117,2189,2118,2088
9578,2118,2160,2091,2088
9579,2160,2091,2089,2161
9580,2091,2163,2092,2161
9581,2119,2162,2093,2090
9582,2162,2093,2065,2137
9583,2093,2165,2066,2137
9584,2137,2138,2066,2118
9585,2138,2048,2118,2120
9586,2118,2190,2120,2091
9587,2120,2163,2094,2091
9588,2163,2094,2092,2164
9589,2094,2166,2095,2164
9590,2119,2191,2121,2093
9591,2121,2165,2096,2093
9592,2165,2096,2066,2138
9593,2096,2168,2067,2138
9594,2138,2139,2067,2120
9595,2139,2050,2120,2122
9596,2120,2192,2122,2094
9597,2122,2166,2097,2094
9598,2166,2097,2095,2167
9599,2097,2169,2098,2167
9600,2121,2193,2123,2096
9601,2123,2168,2099,2096
9602,2168,2099,2067,2139
9603,2099,2171,2068,2139
9604,2139,2140,2068,2122
9605,2140,2052,2122,2124
9606,2122,2194,2124,2097
9607,2124,2169,2100,2097
9608,2169,2100,2098,2170
9609,2100,2172,2101,2170
9610,2123,2195,2125,2099
9611,2125,2171,2102,2099
9612,2171,2102,2068,2140
9613,2102,2174,2069,2140
9614,2140,2141,2069,2124
9615,2141,2054,2124,2126
9616,2124,2196,2126,2100
9617,2126,2172,2103,2100
9618,2172,2103,2101,2173
9619,2103,2175,2104,2173
9620,2125,2197,2127,2102
9621,2127,2174,2105,2102
9622,2174,2105,2069,2141
9623,2105,2177,2070,2141
9624,2141,2142,2070,2126
9625,2142,2056,2126,2128
9626,2126,2198,2128,2103
9627,2128,2175,2106,2103
9628,2175,2106,2104,2176
9629,2106,2178,2107,2176
9630,2127,2199,2129,2105
9631,2129,2177,2108,2105
9632,2177,2108,2070,2142
9633,2108,2180,2071,2142
9634,2142,2143,2071,2128
9635,2143,2058,2128,2130
9636,2128,2200,2130,2106
9637,2130,2178,2109,2106
9638,2178,2109,2107,2179
9639,2109,2181,2110,2179
9640,2129,2201,2132,2108
9641,2132,2180,2113,2108
9642,2180,2113,2071,2143
9643,2113,2185,2080,2143
9644,2143,2152,2080,2130
9645,2152,2062,2130,2134
9646,2130,2202,2134,2109
9647,2134,2181,2115,2109
9648,2181,2115,2110,2182
9649,2115,2187,2135,2182
9650,2145,2144,2074,2146
9651,2111,2183,2145,2075
9652,2145,2147,2146,2075
9653,2147,2146,2076,2148
9654,2131,2183,2111,2112
9655,2183,2075,2112,2147
9656,2112,2184,2147,2077
9657,2147,2149,2148,2077
9658,2149,2148,2078,2150
9659,2151,2131,2061,2133
9660,2131,2203,2112,2133
9661,2133,2184,2112,2114
9662,2184,2077,2114,2149
9663,2114,2186,2149,2081
9664,2149,2153,2150,2081
9665,2153,2150,2082,2154
9666,2132,2204,2151,2113
9667,2151,2185,2133,2113
9668,2185,2133,2080,2152
9669,2133,2205,2114,2152
9670,2152,2186,2114,2134
9671,2186,2081,2134,2153
9672,2134,2206,2153,2115
9673,2153,2187,2154,2115
9674,2187,2154,2135,2207
9675,2156,2085,2155,2157
9676,2116,2188,2086,2156
9677,2156,2158,2086,2157
9678,2158,2087,2157,2159
9679,2136,2188,2117,2116
9680,2188,2117,2086,2158
9681,2117,2189,2088,2158
9682,2158,2160,2088,2159
9683,2160,2089,2159,2161
9684,2162,2065,2136,2137
9685,2136,2208,2137,2117
9686,2137,2189,2118,2117
9687,2189,2118,2088,2160
9688,2118,2190,2091,2160
9689,2160,2163,2091,2161
9690,2163,2092,2161,2164
9691,2119,2191,2093,2162
9692,2162,2165,2093,2137
9693,2165,2066,2137,2138
9694,2137,2209,2138,2118
9695,2138,2190,2120,2118
9696,2190,2120,2091,2163
9697,2120,2192,2094,2163
9698,2163,2166,2094,2164
9699,2166,2095,2164,2167
9700,2191,2121,2093,2165
9701,2121,2193,2096,2165
9702,2165,2168,2096,2138
9703,2168,2067,2138,2139
9704,2138,2210,2139,2120
9705,2139,2192,2122,2120
9706,2192,2122,2094,2166
9707,2122,2194,2097,2166
9708,2166,2169,2097,2167
9709,2169,2098,2167,2170
9710,2193,2123,2096,2168
9711,2123,2195,2099,2168
9712,2168,2171,2099,2139
9713,2171,2068,2139,2140
9714,2139,2211,2140,2122
9715,2140,2194,2124,2122
9716,2194,2124,2097,2169
9717,2124,2196,2100,2169
9718,2169,2172,2100,2170
9719,2172,2101,2170,2173
9720,2195,2125,2099,2171
9721,2125,2197,2102,2171
9722,2171,2174,2102,2140
9723,2174,2069,2140,2141
9724,2140,2212,2141,2124
9725,2141,2196,2126,2124
9726,2196,2126,2100,2172
9727,2126,2198,2103,2172
9728,2172,2175,2103,2173
9729,2175,2104,2173,2176
9730,2197,2127,2102,2174
9731,2127,2199,2105,2174
9732,2174,2177,2105,2141
9733,2177,2070,2141,2142
9734,2141,2213,2142,2126
9735,2142,2198,2128,2126
9736,2198,2128,2103,2175
9737,2128,2200,2106,2175
9738,2175,2178,2106,2176
9739,2178,2107,2176,2179
9740,2199,2129,2105,2177
9741,2129,2201,2108,2177
9742,2177,2180,2108,2142
9743,2180,2071,2142,2143
9744,2142,2214,2143,2128
9745,2143,2200,2130,2128
9746,2200,2130,2106,2178
9747,2130,2202,2109,2178
9748,2178,2181,2109,2179
9749,2181,2110,2179,2182
9750,2201,2132,2108,2180
9751,2132,2204,2113,2180
9752,2180,2185,2113,2143
9753,2185,2080,2143,2152
9754,2143,2215,2152,2130
9755,2152,2202,2134,2130
9756,2202,2134,2109,2181
9757,2134,2206,2115,2181
9758,2181,2187,2115,2182
9759,2187,2135,2182,2207
9760,2145,2216,2144,2146
9761,2183,2145,2075,2147
9762,2145,2217,2146,2147
9763,2147,2218,2146,2148
9764,2131,2203,2183,2112
9765,2183,2184,2147,2112
9766,2184,2147,2077,2149
9767,2147,2219,2148,2149
9768,2149,2220,2148,2150
9769,2151,2203,2131,2133
9770,2203,2112,2133,2184
9771,2133,2205,2184,2114
9772,2184,2186,2149,2114
9773,2186,2149,2081,2153
9774,2149,2221,2150,2153
9775,2153,2222,2150,2154
9776,2204,2151,2113,2185
9777,2151,2223,2133,2185
9778,2185,2205,2133,2152
9779,2205,2114,2152,2186
9780,2152,2224,2186,2134
9781,2186,2206,2153,2134
9782,2206,2153,2115,2187
9783,2153,2225,2154,2187
9784,2187,2226,2154,2207
9785,2156,2227,2157,2155
9786,2188,2086,2156,2158
9787,2156,2228,2158,2157
9788,2158,2229,2159,2157
9789,2136,2208,2117,2188
9790,2188,2189,2117,2158
9791,2189,2088,2158,2160
9792,2158,2230,2160,2159
9793,2160,2231,2161,2159
9794,2162,2208,2137,2136
9795,2208,2137,2117,2189
9796,2137,2209,2118,2189
9797,2189,2190,2118,2160
9798,2190,2091,2160,2163
9799,2160,2232,2163,2161
9800,2163,2233,2164,2161
9801,2191,2093,2162,2165
9802,2162,2234,2165,2137
9803,2165,2209,2138,2137
9804,2209,2138,2118,2190
9805,2138,2210,2120,2190
9806,2190,2192,2120,2163
9807,2192,2094,2163,2166
9808,2163,2235,2166,2164
9809,2166,2236,2167,2164
9810,2191,2193,2121,2165
9811,2193,2096,2165,2168
9812,2165,2237,2168,2138
9813,2168,2210,2139,2138
9814,2210,2139,2120,2192
9815,2139,2211,2122,2192
9816,2192,2194,2122,2166
9817,2194,2097,2166,2169
9818,2166,2238,2169,2167
9819,2169,2239,2170,2167
9820,2193,2195,2123,2168
9821,2195,2099,2168,2171
9822,2168,2240,2171,2139
9823,2171,2211,2140,2139
9824,2211,2140,2122,2194
9825,2140,2212,2124,2194
9826,2194,2196,2124,2169
9827,2196,2100,2169,2172
9828,2169,2241,2172,2170
9829,2172,2242,2173,2170
9830,2195,2197,2125,2171
9831,2197,2102,2171,2174
9832,2171,2243,2174,2140
9833,2174,2212,2141,2140
9834,2212,2141,2124,2196
9835,2141,2213,2126,2196
9836,2196,2198,2126,2172
9837,2198,2103,2172,2175
9838,2172,2244,2175,2173
9839,2175,2245,2176,2173
9840,2197,2199,2127,2174
9841,2199,2105,2174,2177
9842,2174,2246,2177,2141
9843,2177,2213,2142,2141
9844,2213,2142,2126,2198
9845,2142,2214,2128,2198
9846,2198,2200,2128,2175
9847,2200,2106,2175,2178
9848,2175,2247,2178,2176
9849,2178,2248,2179,2176
9850,2199,2201,2129,2177
9851,2201,2108,2177,2180
9852,2177,2249,2180,2142
9853,2180,2214,2143,2142
9854,2214,2143,2128,2200
9855,2143,2215,2130,2200
9856,2200,2202,2130,2178
9857,2202,2109,2178,2181
9858,2178,2250,2181,2179
9859,2181,2251,2182,2179
9860,2201,2204,2132,2180
9861,2204,2113,2180,2185
9862,2180,2252,2185,2143
9863,2185,2215,2152,2143
9864,2215,2152,2130,2202
9865,2152,2224,2134,2202
9866,2202,2206,2134,2181
9867,2206,2115,2181,2187
9868,2181,2253,2187,2182
9869,2187,2254,2207,2182
9870,2145,2217,2216,2146
9871,2183,2217,2145,2147
9872,2217,2146,2147,2218
9873,2147,2219,2218,2148
9874,2203,2183,2112,2184
9875,2183,2255,2147,2184
9876,2184,2219,2147,2149
9877,2219,2148,2149,2220
9878,2149,2221,2220,2150
9879,2151,2223,2203,2133
9880,2203,2205,2184,2133
9881,2205,2184,2114,2186
9882,2184,2256,2149,2186
9883,2186,2221,2149,2153
9884,2221,2150,2153,2222
9885,2153,2225,2222,2154
9886,2204,2223,2151,2185
9887,2223,2133,2185,2205
9888,2185,2257,2205,2152
9889,2205,2224,2186,2152
9890,2224,2186,2134,2206
9891,2186,2258,2153,2206
9892,2206,2225,2153,2187
9893,2225,2154,2187,2226
9894,2187,2259,2226,2207
9895,2156,2228,2157,2227
9896,2188,2228,2158,2156
9897,2228,2158,2157,2229
9898,2158,2230,2159,2229
9899,2208,2117,2188,2189
9900,2188,2260,2189,2158
9901,2189,2230,2160,2158
9902,2230,2160,2159,2231
9903,2160,2232,2161,2231
9904,2162,2234,2137,2208
9905,2208,2209,2137,2189
9906,2209,2118,2189,2190
9907,2189,2261,2190,2160
9908,2190,2232,2163,2160
9909,2232,2163,2161,2233
9910,2163,2235,2164,2233
9911,2191,2234,2165,2162
9912,2234,2165,2137,2209
9913,2165,2237,2138,2209
9914,2209,2210,2138,2190
9915,2210,2120,2190,2192
9916,2190,2262,2192,2163
9917,2192,2235,2166,2163
9918,2235,2166,2164,2236
9919,2166,2238,2167,2236
9920,2191,2263,2193,2165
9921,2193,2237,2168,2165
9922,2237,2168,2138,2210
9923,2168,2240,2139,2210
9924,2210,2211,2139,2192
9925,2211,2122,2192,2194
9926,2192,2264,2194,2166
9927,2194,2238,2169,2166
9928,2238,2169,2167,2239
9929,2169,2241,2170,2239
9930,2193,2265,2195,2168
9931,2195,2240,2171,2168
9932,2240,2171,2139,2211
9933,2171,2243,2140,2211
9934,2211,2212,2140,2194
9935,2212,2124,2194,2196
9936,2194,2266,2196,2169
9937,2196,2241,2172,2169
9938,2241,2172,2170,2242
9939,2172,2244,2173,2242
9940,2195,2267,2197,2171
9941,2197,2243,2174,2171
9942,2243,2174,2140,2212
9943,2174,2246,2141,2212
9944,2212,2213,2141,2196
9945,2213,2126,2196,2198
9946,2196,2268,2198,2172
9947,2198,2244,2175,2172
9948,2244,2175,2173,2245
9949,2175,2247,2176,2245
9950,2197,2269,2199,2174
9951,2199,2246,2177,2174
9952,2246,2177,2141,2213
9953,2177,2249,2142,2213
9954,2213,2214,2142,2198
9955,2214,2128,2198,2200
9956,2198,2270,2200,2175
9957,2200,2247,2178,2175
9958,2247,2178,2176,2248
9959,2178,2250,2179,2248
9960,2199,2271,2201,2177
9961,2201,2249,2180,2177
9962,2249,2180,2142,2214
9963,2180,2252,2143,2214
9964,2214,2215,2143,2200
9965,2215,2130,2200,2202
9966,2200,2272,2202,2178
9967,2202,2250,2181,2178
9968,2250,2181,2179,2251
9969,2181,2253,2182,2251
9970,2201,2273,2204,2180
9971,2204,2252,2185,2180
9972,2252,2185,2143,2215
9973,2185,2257,2152,2215
9974,2215,2224,2152,2202
9975,2224,2134,2202,2206
9976,2202,2274,2206,2181
9977,2206,2253,2187,2181
9978,2253,2187,2182,2254
9979,2187,2259,2207,2254
9980,2217,2216,2146,2218
9981,2183,2255,2217,2147
9982,2217,2219,2218,2147
9983,2219,2218,2148,2220
9984,2203,2255,2183,2184
9985,2255,2147,2184,2219
9986,2184,2256,2219,2149
9987,2219,2221,2220,2149
9988,2221,2220,2150,2222
9989,2223,2203,2133,2205
9990,2203,2275,2184,2205
9991,2205,2256,2184,2186
9992,2256,2149,2186,2221
9993,2186,2258,2221,2153
9994,2221,2225,2222,2153
9995,2225,2222,2154,2226
9996,2204,2276,2223,2185
9997,2223,2257,2205,2185
9998,2257,2205,2152,2224
9999,2205,2277,2186,2224
10000,2224,2258,2186,2206
10001,2258,2153,2206,2225
10002,2206,2278,2225,2187
10003,2225,2259,2226,2187
10004,2259,2226,2207,2279
10005,2228,2157,2227,2229
10006,2188,2260,2158,2228
10007,2228,2230,2158,2229
10008,2230,2159,2229,2231
10009,2208,2260,2189,2188
10010,2260,2189,2158,2230
10011,2189,2261,2160,2230
10012,2230,2232,2160,2231
10013,2232,2161,2231,2233
10014,2234,2137,2208,2209
10015,2208,2280,2209,2189
10016,2209,2261,2190,2189
10017,2261,2190,2160,2232
10018,2190,2262,2163,2232
10019,2232,2235,2163,2233
10020,2235,2164,2233,2236
10021,2191,2263,2165,2234
10022,2234,2237,2165,2209
10023,2237,2138,2209,2210
10024,2209,2281,2210,2190
10025,2210,2262,2192,2190
10026,2262,2192,2163,2235
10027,2192,2264,2166,2235
10028,2235,2238,2166,2236
10029,2238,2167,2236,2239
10030,2263,2193,2165,2237
10031,2193,2265,2168,2237
10032,2237,2240,2168,2210
10033,2240,2139,2210,2211
10034,2210,2282,2211,2192
10035,2211,2264,2194,2192
10036,2264,2194,2166,2238
10037,2194,2266,2169,2238
10038,2238,2241,2169,2239
10039,2241,2170,2239,2242
10040,2265,2195,2168,2240
10041,2195,2267,2171,2240
10042,2240,2243,2171,2211
10043,2243,2140,2211,2212
10044,2211,2283,2212,2194
10045,2212,2266,2196,2194
10046,2266,2196,2169,2241
10047,2196,2268,2172,2241
10048,2241,2244,2172,2242
10049,2244,2173,2242,2245
10050,2267,2197,2171,2243
10051,2197,2269,2174,2243
10052,2243,2246,2174,2212
10053,2246,2141,2212,2213
10054,2212,2284,2213,2196
10055,2213,2268,2198,2196
10056,2268,2198,2172,2244
10057,2198,2270,2175,2244
10058,2244,2247,2175,2245
10059,2247,2176,2245,2248
10060,2269,2199,2174,2246
10061,2199,2271,2177,2246
10062,2246,2249,2177,2213
10063,2249,2142,2213,2214
10064,2213,2285,2214,2198
10065,2214,2270,2200,2198
10066,2270,2200,2175,2247
10067,2200,2272,2178,2247
10068,2247,2250,2178,2248
10069,2250,2179,2248,2251
10070,2271,2201,2177,2249
10071,2201,2273,2180,2249
10072,2249,2252,2180,2214
10073,2252,2143,2214,2215
10074,2214,2286,2215,2200
10075,2215,2272,2202,2200
10076,2272,2202,2178,2250
10077,2202,2274,2181,2250
10078,2250,2253,2181,2251
10079,2253,2182,2251,2254
10080,2273,2204,2180,2252
10081,2204,2276,2185,2252
10082,2252,2257,2185,2215
10083,2257,2152,2215,2224
10084,2215,2287,2224,2202
10085,2224,2274,2206,2202
10086,2274,2206,2181,2253
10087,2206,2278,2187,2253
10088,2253,2259,2187,2254
10089,2259,2207,2254,2279
10090,2217,2288,2216,2218
10091,2255,2217,2147,2219
10092,2217,2289,2218,2219
10093,2219,2290,2218,2220
10094,2203,2275,2255,2184
10095,2255,2256,2219,2184
10096,2256,2219,2149,2221
10097,2219,2291,2220,2221
10098,2221,2292,2220,2222
10099,2223,2275,2203,2205
10100,2275,2184,2205,2256
10101,2205,2277,2256,2186
10102,2256,2258,2221,2186
10103,2258,2221,2153,2225
10104,2221,2293,2222,2225
10105,2225,2294,2222,2226
10106,2276,2223,2185,2257
10107,2223,2295,2205,2257
10108,2257,2277,2205,2224
10109,2277,2186,2224,2258
10110,2224,2296,2258,2206
10111,2258,2278,2225,2206
10112,2278,2225,2187,2259
10113,2225,2297,2226,2259
10114,2259,2298,2226,2279
10115,2228,2299,2229,2227
10116,2260,2158,2228,2230
10117,2228,2300,2230,2229
10118,2230,2301,2231,2229
10119,2208,2280,2189,2260
10120,2260,2261,2189,2230
10121,2261,2160,2230,2232
10122,2230,2302,2232,2231
10123,2232,2303,2233,2231
10124,2234,2280,2209,2208
10125,2280,2209,2189,2261
10126,2209,2281,2190,2261
10127,2261,2262,2190,2232
10128,2262,2163,2232,2235
10129,2232,2304,2235,2233
10130,2235,2305,2236,2233
10131,2263,2165,2234,2237
10132,2234,2306,2237,2209
10133,2237,2281,2210,2209
10134,2281,2210,2190,2262
10135,2210,2282,2192,2262
10136,2262,2264,2192,2235
10137,2264,2166,2235,2238
10138,2235,2307,2238,2236
10139,2238,2308,2239,2236
10140,2263,2265,2193,2237
10141,2265,2168,2237,2240
10142,2237,2309,2240,2210
10143,2240,2282,2211,2210
10144,2282,2211,2192,2264
10145,2211,2283,2194,2264
10146,2264,2266,2194,2238
10147,2266,2169,2238,2241
10148,2238,2310,2241,2239
10149,2241,2311,2242,2239
10150,2265,2267,2195,2240
10151,2267,2171,2240,2243
10152,2240,2312,2243,2211
10153,2243,2283,2212,2211
10154,2283,2212,2194,2266
10155,2212,2284,2196,2266
10156,2266,2268,2196,2241
10157,2268,2172,2241,2244
10158,2241,2313,2244,2242
10159,2244,2314,2245,2242
10160,2267,2269,2197,2243
10161,2269,2174,2243,2246
10162,2243,2315,2246,2212
10163,2246,2284,2213,2212
10164,2284,2213,2196,2268
10165,2213,2285,2198,2268
10166,2268,2270,2198,2244
10167,2270,2175,2244,2247
10168,2244,2316,2247,2245
10169,2247,2317,2248,2245
10170,2269,2271,2199,2246
10171,2271,2177,2246,2249
10172,2246,2318,2249,2213
10173,2249,2285,2214,2213
10174,2285,2214,2198,2270
10175,2214,2286,2200,2270
10176,2270,2272,2200,2247
10177,2272,2178,2247,2250
10178,2247,2319,2250,2248
10179,2250,2320,2251,2248
10180,2271,2273,2201,2249
10181,2273,2180,2249,2252
10182,2249,2321,2252,2214
10183,2252,2286,2215,2214
10184,2286,2215,2200,2272
10185,2215,2287,2202,2272
10186,2272,2274,2202,2250
10187,2274,2181,2250,2253
10188,2250,2322,2253,2251
10189,2253,2323,2254,2251
10190,2273,2276,2204,2252
10191,2276,2185,2252,2257
10192,2252,2324,2257,2215
10193,2257,2287,2224,2215
10194,2287,2224,2202,2274
10195,2224,2296,2206,2274
10196,2274,2278,2206,2253
10197,2278,2187,2253,2259
10198,2253,2325,2259,2254
10199,2259,2326,2279,2254
10200,2217,2289,2288,2218
10201,2255,2289,2217,2219
10202,2289,2218,2219,2290
10203,2219,2291,2290,2220
10204,2275,2255,2184,2256
10205,2255,2327,2219,2256
10206,2256,2291,2219,2221
10207,2291,2220,2221,2292
10208,2221,2293,2292,2222
10209,2223,2295,2275,2205
10210,2275,2277,2256,2205
10211,2277,2256,2186,2258
10212,2256,2328,2221,2258
10213,2258,2293,2221,2225
10214,2293,2222,2225,2294
10215,2225,2297,2294,2226
10216,2276,2295,2223,2257
10217,2295,2205,2257,2277
10218,2257,2329,2277,2224
10219,2277,2296,2258,2224
10220,2296,2258,2206,2278
10221,2258,2330,2225,2278
10222,2278,2297,2225,2259
10223,2297,2226,2259,2298
10224,2259,2331,2298,2279
10225,2228,2300,2229,2299
10226,2260,2300,2230,2228
10227,2300,2230,2229,2301
10228,2230,2302,2231,2301
10229,2280,2189,2260,2261
10230,2260,2332,2261,2230
10231,2261,2302,2232,2230
10232,2302,2232,2231,2303
10233,2232,2304,2233,2303
10234,2234,2306,2209,2280
10235,2280,2281,2209,2261
10236,2281,2190,2261,2262
10237,2261,2333,2262,2232
10238,2262,2304,2235,2232
10239,2304,2235,2233,2305
10240,2235,2307,2236,2305
10241,2263,2306,2237,2234
10242,2306,2237,2209,2281
10243,2237,2309,2210,2281
10244,2281,2282,2210,2262
10245,2282,2192,2262,2264
10246,2262,2334,2264,2235
10247,2264,2307,2238,2235
10248,2307,2238,2236,2308
10249,2238,2310,2239,2308
10250,2263,2335,2265,2237
10251,2265,2309,2240,2237
10252,2309,2240,2210,2282
10253,2240,2312,2211,2282
10254,2282,2283,2211,2264
10255,2283,2194,2264,2266
10256,2264,2336,2266,2238
10257,2266,2310,2241,2238
10258,2310,2241,2239,2311
10259,2241,2313,2242,2311
10260,2265,2337,2267,2240
10261,2267,2312,2243,2240
10262,2312,2243,2211,2283
10263,2243,2315,2212,2283
10264,2283,2284,2212,2266
10265,2284,2196,2266,2268
10266,2266,2338,2268,2241
10267,2268,2313,2244,2241
10268,2313,2244,2242,2314
10269,2244,2316,2245,2314
10270,2267,2339,2269,2243
10271,2269,2315,2246,2243
10272,2315,2246,2212,2284
10273,2246,2318,2213,2284
10274,2284,2285,2213,2268
10275,2285,2198,2268,2270
10276,2268,2340,2270,2244
10277,2270,2316,2247,2244
10278,2316,2247,2245,2317
10279,2247,2319,2248,2317
10280,2269,2341,2271,2246
10281,2271,2318,2249,2246
10282,2318,2249,2213,2285
10283,2249,2321,2214,2285
10284,2285,2286,2214,2270
10285,2286,2200,2270,2272
10286,2270,2342,2272,2247
10287,2272,2319,2250,2247
10288,2319,2250,2248,2320
10289,2250,2322,2251,2320
10290,2271,2343,2273,2249
10291,2273,2321,2252,2249
10292,2321,2252,2214,2286
10293,2252,2324,2215,2286
10294,2286,2287,2215,2272
10295,2287,2202,2272,2274
10296,2272,2344,2274,2250
10297,2274,2322,2253,2250
10298,2322,2253,2251,2323
10299,2253,2325,2254,2323
10300,2273,2345,2276,2252
10301,2276,2324,2257,2252
10302,2324,2257,2215,2287
10303,2257,2329,2224,2287
10304,2287,2296,2224,2274
10305,2296,2206,2274,2278
10306,2274,2346,2278,2253
10307,2278,2325,2259,2253
10308,2325,2259,2254,2326
10309,2259,2331,2279,2326
10310,2289,2288,2218,2290
10311,2255,2327,2289,2219
10312,2289,2291,2290,2219
10313,2291,2290,2220,2292
10314,2275,2327,2255,2256
10315,2327,2219,2256,2291
10316,2256,2328,2291,2221
10317,2291,2293,2292,2221
10318,2293,2292,2222,2294
10319,2295,2275,2205,2277
10320,2275,2347,2256,2277
10321,2277,2328,2256,2258
10322,2328,2221,2258,2293
10323,2258,2330,2293,2225
10324,2293,2297,2294,2225
10325,2297,2294,2226,2298
10326,2276,2348,2295,2257
10327,2295,2329,2277,2257
10328,2329,2277,2224,2296
10329,2277,2349,2258,2296
10330,2296,2330,2258,2278
10331,2330,2225,2278,2297
10332,2278,2350,2297,2259
10333,2297,2331,2298,2259
10334,2331,2298,2279,2351
10335,2300,2229,2299,2301
10336,2260,2332,2230,2300
10337,2300,2302,2230,2301
10338,2302,2231,2301,2303
10339,2280,2332,2261,2260
10340,2332,2261,2230,2302
10341,2261,2333,2232,2302
10342,2302,2304,2232,2303
10343,2304,2233,2303,2305
10344,2306,2209,2280,2281
10345,2280,2352,2281,2261
10346,2281,2333,2262,2261
10347,2333,2262,2232,2304
10348,2262,2334,2235,2304
10349,2304,2307,2235,2305
10350,2307,2236,2305,2308
10351,2263,2335,2237,2306
10352,2306,2309,2237,2281
10353,2309,2210,2281,2282
10354,2281,2353,2282,2262
10355,2282,2334,2264,2262
10356,2334,2264,2235,2307
10357,2264,2336,2238,2307
10358,2307,2310,2238,2308
10359,2310,2239,2308,2311
10360,2335,2265,2237,2309
10361,2265,2337,2240,2309
10362,2309,2312,2240,2282
10363,2312,2211,2282,2283
10364,2282,2354,2283,2264
10365,2283,2336,2266,2264
10366,2336,2266,2238,2310
10367,2266,2338,2241,2310
10368,2310,2313,2241,2311
10369,2313,2242,2311,2314
10370,2337,2267,2240,2312
10371,2267,2339,2243,2312
10372,2312,2315,2243,2283
10373,2315,2212,2283,2284
10374,2283,2355,2284,2266
10375,2284,2338,2268,2266
10376,2338,2268,2241,2313
10377,2268,2340,2244,2313
10378,2313,2316,2244,2314
10379,2316,2245,2314,2317
10380,2339,2269,2243,2315
10381,2269,2341,2246,2315
10382,2315,2318,2246,2284
10383,2318,2213,2284,2285
10384,2284,2356,2285,2268
10385,2285,2340,2270,2268
10386,2340,2270,2244,2316
10387,2270,2342,2247,2316
10388,2316,2319,2247,2317
10389,2319,2248,2317,2320
10390,2341,2271,2246,2318
10391,2271,2343,2249,2318
10392,2318,2321,2249,2285
10393,2321,2214,2285,2286
10394,2285,2357,2286,2270
10395,2286,2342,2272,2270
10396,2342,2272,2247,2319
10397,2272,2344,2250,2319
10398,2319,2322,2250,2320
10399,2322,2251,2320,2323
10400,2343,2273,2249,2321
10401,2273,2345,2252,2321
10402,2321,2324,2252,2286
10403,2324,2215,2286,2287
10404,2286,2358,2287,2272
10405,2287,2344,2274,2272
10406,2344,2274,2250,2322
10407,2274,2346,2253,2322
10408,2322,2325,2253,2323
10409,2325,2254,2323,2326
10410,2345,2276,2252,2324
10411,2276,2348,2257,2324
10412,2324,2329,2257,2287
10413,2329,2224,2287,2296
10414,2287,2359,2296,2274
10415,2296,2346,2278,2274
10416,2346,2278,2253,2325
10417,2278,2350,2259,2325
10418,2325,2331,2259,2326
10419,2331,2279,2326,2351
10420,2289,2360,2288,2290
10421,2327,2289,2219,2291
10422,2289,2361,2290,2291
10423,2291,2362,2290,2292
10424,2275,2347,2327,2256
10425,2327,2328,2291,2256
10426,2328,2291,2221,2293
10427,2291,2363,2292,2293
10428,2293,2364,2292,2294
10429,2295,2347,2275,2277
10430,2347,2256,2277,2328
10431,2277,2349,2328,2258
10432,2328,2330,2293,2258
10433,2330,2293,2225,2297
10434,2293,2365,2294,2297
10435,2297,2366,2294,2298
10436,2348,2295,2257,2329
10437,2295,2367,2277,2329
10438,2329,2349,2277,2296
10439,2349,2258,2296,2330
10440,2296,2368,2330,2278
10441,2330,2350,2297,2278
10442,2350,2297,2259,2331
10443,2297,2369,2298,2331
10444,2331,2370,2298,2351
10445,2300,2371,2301,2299
10446,2332,2230,2300,2302
10447,2300,2372,2302,2301
10448,2302,2373,2303,2301
10449,2280,2352,2261,2332
10450,2332,2333,2261,2302
10451,2333,2232,2302,2304
10452,2302,2374,2304,2303
10453,2304,2375,2305,2303
10454,2306,2352,2281,2280
10455,2352,2281,2261,2333
10456,2281,2353,2262,2333
10457,2333,2334,2262,2304
10458,2334,2235,2304,2307
10459,2304,2376,2307,2305
10460,2307,2377,2308,2305
10461,2335,2237,2306,2309
10462,2306,2378,2309,2281
10463,2309,2353,2282,2281
10464,2353,2282,2262,2334
10465,2282,2354,2264,2334
10466,2334,2336,2264,2307
10467,2336,2238,2307,2310
10468,2307,2379,2310,2308
10469,2310,2380,2311,2308
10470,2335,2337,2265,2309
10471,2337,2240,2309,2312
10472,2309,2381,2312,2282
10473,2312,2354,2283,2282
10474,2354,2283,2264,2336
10475,2283,2355,2266,2336
10476,2336,2338,2266,2310
10477,2338,2241,2310,2313
10478,2310,2382,2313,2311
10479,2313,2383,2314,2311
10480,2337,2339,2267,2312
10481,2339,2243,2312,2315
10482,2312,2384,2315,2283
10483,2315,2355,2284,2283
10484,2355,2284,2266,2338
10485,2284,2356,2268,2338
10486,2338,2340,2268,2313
10487,2340,2244,2313,2316
10488,2313,2385,2316,2314
10489,2316,2386,2317,2314
10490,2339,2341,2269,2315
10491,2341,2246,2315,2318
10492,2315,2387,2318,2284
10493,2318,2356,2285,2284
10494,2356,2285,2268,2340
10495,2285,2357,2270,2340
10496,2340,2342,2270,2316
10497,2342,2247,2316,2319
10498,2316,2388,2319,2317
10499,2319,2389,2320,2317
10500,2341,2343,2271,2318
10501,2343,2249,2318,2321
10502,2318,2390,2321,2285
10503,2321,2357,2286,2285
10504,2357,2286,2270,2342
10505,2286,2358,2272,2342
10506,2342,2344,2272,2319
10507,2344,2250,2319,2322
10508,2319,2391,2322,2320
10509,2322,2392,2323,2320
10510,2343,2345,2273,2321
10511,2345,2252,2321,2324
10512,2321,2393,2324,2286
10513,2324,2358,2287,2286
10514,2358,2287,2272,2344
10515,2287,2359,2274,2344
10516,2344,2346,2274,2322
10517,2346,2253,2322,2325
10518,2322,2394,2325,2323
10519,2325,2395,2326,2323
10520,2345,2348,2276,2324
10521,2348,2257,2324,2329
10522,2324,2396,2329,2287
10523,2329,2359,2296,2287
10524,2359,2296,2274,2346
10525,2296,2368,2278,2346
10526,2346,2350,2278,2325
10527,2350,2259,2325,2331
10528,2325,2397,2331,2326
10529,2331,2398,2351,2326
10530,2289,2361,2360,2290
10531,2327,2361,2289,2291
10532,2361,2290,2291,2362
10533,2291,2363,2362,2292
10534,2347,2327,2256,2328
10535,2327,2399,2291,2328
10536,2328,2363,2291,2293
10537,2363,2292,2293,2364
10538,2293,2365,2364,2294
10539,2295,2367,2347,2277
10540,2347,2349,2328,2277
10541,2349,2328,2258,2330
10542,2328,2400,2293,2330
10543,2330,2365,2293,2297
10544,2365,2294,2297,2366
10545,2297,2369,2366,2298
10546,2348,2367,2295,2329
10547,2367,2277,2329,2349
10548,2329,2401,2349,2296
10549,2349,2368,2330,2296
10550,2368,2330,2278,2350
10551,2330,2402,2297,2350
10552,2350,2369,2297,2331
10553,2369,2298,2331,2370
10554,2331,2403,2370,2351
10555,2300,2372,2301,2371
10556,2332,2372,2302,2300
10557,2372,2302,2301,2373
10558,2302,2374,2303,2373
10559,2352,2261,2332,2333
10560,2332,2404,2333,2302
10561,2333,2374,2304,2302
10562,2374,2304,2303,2375
10563,2304,2376,2305,2375
10564,2306,2378,2281,2352
10565,2352,2353,2281,2333
10566,2353,2262,2333,2334
10567,2333,2405,2334,2304
10568,2334,2376,2307,2304
10569,2376,2307,2305,2377
10570,2307,2379,2308,2377
10571,2335,2378,2309,2306
10572,2378,2309,2281,2353
10573,2309,2381,2282,2353
10574,2353,2354,2282,2334
10575,2354,2264,2334,2336
10576,2334,2406,2336,2307
10577,2336,2379,2310,2307
10578,2379,2310,2308,2380
10579,2310,2382,2311,2380
10580,2335,2407,2337,2309
10581,2337,2381,2312,2309
10582,2381,2312,2282,2354
10583,2312,2384,2283,2354
10584,2354,2355,2283,2336
10585,2355,2266,2336,2338
10586,2336,2408,2338,2310
10587,2338,2382,2313,2310
10588,2382,2313,2311,2383
10589,2313,2385,2314,2383
10590,2337,2409,2339,2312
10591,2339,2384,2315,2312
10592,2384,2315,2283,2355
10593,2315,2387,2284,2355
10594,2355,2356,2284,2338
10595,2356,2268,2338,2340
10596,2338,2410,2340,2313
10597,2340,2385,2316,2313
10598,2385,2316,2314,2386
10599,2316,2388,2317,2386
10600,2339,2411,2341,2315
10601,2341,2387,2318,2315
10602,2387,2318,2284,2356
10603,2318,2390,2285,2356
10604,2356,2357,2285,2340
10605,2357,2270,2340,2342
10606,2340,2412,2342,2316
10607,2342,2388,2319,2316
10608,2388,2319,2317,2389
10609,2319,2391,2320,2389
10610,2341,2413,2343,2318
10611,2343,2390,2321,2318
10612,2390,2321,2285,2357
10613,2321,2393,2286,2357
10614,2357,2358,2286,2342
10615,2358,2272,2342,2344
10616,2342,2414,2344,2319
10617,2344,2391,2322,2319
10618,2391,2322,2320,2392
10619,2322,2394,2323,2392
10620,2343,2415,2345,2321
10621,2345,2393,2324,2321
10622,2393,2324,2286,2358
10623,2324,2396,2287,2358
10624,2358,2359,2287,2344
10625,2359,2274,2344,2346
10626,2344,2416,2346,2322
10627,2346,2394,2325,2322
10628,2394,2325,2323,2395
10629,2325,2397,2326,2395
10630,2345,2417,2348,2324
10631,2348,2396,2329,2324
10632,2396,2329,2287,2359
10633,2329,2401,2296,2359
10634,2359,2368,2296,2346
10635,2368,2278,2346,2350
10636,2346,2418,2350,2325
10637,2350,2397,2331,2325
10638,2397,2331,2326,2398
10639,2331,2403,2351,2398
10640,2361,2360,2290,2362
10641,2327,2399,2361,2291
10642,2361,2363,2362,2291
10643,2363,2362,2292,2364
10644,2347,2399,2327,2328
10645,2399,2291,2328,2363
10646,2328,2400,2363,2293
10647,2363,2365,2364,2293
10648,2365,2364,2294,2366
10649,2367,2347,2277,2349
10650,2347,2419,2328,2349
10651,2349,2400,2328,2330
10652,2400,2293,2330,2365
10653,2330,2402,2365,2297
10654,2365,2369,2366,2297
10655,2369,2366,2298,2370
10656,2348,2420,2367,2329
10657,2367,2401,2349,2329
10658,2401,2349,2296,2368
10659,2349,2421,2330,2368
10660,2368,2402,2330,2350
10661,2402,2297,2350,2369
10662,2350,2422,2369,2331
10663,2369,2403,2370,2331
10664,2403,2370,2351,2423
10665,2372,2301,2371,2373
10666,2332,2404,2302,2372
10667,2372,2374,2302,2373
10668,2374,2303,2373,2375
10669,2352,2404,2333,2332
10670,2404,2333,2302,2374
10671,2333,2405,2304,2374
10672,2374,2376,2304,2375
10673,2376,2305,2375,2377
10674,2378,2281,2352,2353
10675,2352,2424,2353,2333
10676,2353,2405,2334,2333
10677,2405,2334,2304,2376
10678,2334,2406,2307,2376
10679,2376,2379,2307,2377
10680,2379,2308,2377,2380
10681,2335,2407,2309,2378
10682,2378,2381,2309,2353
10683,2381,2282,2353,2354
10684,2353,2425,2354,2334
10685,2354,2406,2336,2334
10686,2406,2336,2307,2379
10687,2336,2408,2310,2379
10688,2379,2382,2310,2380
10689,2382,2311,2380,2383
10690,2407,2337,2309,2381
10691,2337,2409,2312,2381
10692,2381,2384,2312,2354
10693,2384,2283,2354,2355
10694,2354,2426,2355,2336
10695,2355,2408,2338,2336
10696,2408,2338,2310,2382
10697,2338,2410,2313,2382
10698,2382,2385,2313,2383
10699,2385,2314,2383,2386
10700,2409,2339,2312,2384
10701,2339,2411,2315,2384
10702,2384,2387,2315,2355
10703,2387,2284,2355,2356
10704,2355,2427,2356,2338
10705,2356,2410,2340,2338
10706,2410,2340,2313,2385
10707,2340,2412,2316,2385
10708,2385,2388,2316,2386
10709,2388,2317,2386,2389
10710,2411,2341,2315,2387
10711,2341,2413,2318,2387
10712,2387,2390,2318,2356
10713,2390,2285,2356,2357
10714,2356,2428,2357,2340
10715,2357,2412,2342,2340
10716,2412,2342,2316,2388
10717,2342,2414,2319,2388
10718,2388,2391,2319,2389
10719,2391,2320,2389,2392
10720,2413,2343,2318,2390
10721,2343,2415,2321,2390
10722,2390,2393,2321,2357
10723,2393,2286,2357,2358
10724,2357,2429,2358,2342
10725,2358,2414,2344,2342
10726,2414,2344,2319,2391
10727,2344,2416,2322,2391
10728,2391,2394,2322,2392
10729,2394,2323,2392,2395
10730,2415,2345,2321,2393
10731,2345,2417,2324,2393
10732,2393,2396,2324,2358
10733,2396,2287,2358,2359
10734,2358,2430,2359,2344
10735,2359,2416,2346,2344
10736,2416,2346,2322,2394
10737,2346,2418,2325,2394
10738,2394,2397,2325,2395
10739,2397,2326,2395,2398
10740,2417,2348,2324,2396
10741,2348,2420,2329,2396
10742,2396,2401,2329,2359
10743,2401,2296,2359,2368
10744,2359,2431,2368,2346
10745,2368,2418,2350,2346
10746,2418,2350,2325,2397
10747,2350,2422,2331,2397
10748,2397,2403,2331,2398
10749,2403,2351,2398,2423
10750,2361,2432,2360,2362
10751,2399,2361,2291,2363
10752,2361,2433,2362,2363
10753,2363,2434,2362,2364
10754,2347,2419,2399,2328
10755,2399,2400,2363,2328
10756,2400,2363,2293,2365
10757,2363,2435,2364,2365
10758,2365,2436,2364,2366
10759,2367,2419,2347,2349
10760,2419,2328,2349,2400
10761,2349,2421,2400,2330
10762,2400,2402,2365,2330
10763,2402,2365,2297,2369
10764,2365,2437,2366,2369
10765,2369,2438,2366,2370
10766,2420,2367,2329,2401
10767,2367,2439,2349,2401
10768,2401,2421,2349,2368
10769,2421,2330,2368,2402
10770,2368,2440,2402,2350
10771,2402,2422,2369,2350
10772,2422,2369,2331,2403
10773,2369,2441,2370,2403
10774,2403,2442,2370,2423
10775,2372,2443,2373,2371
10776,2404,2302,2372,2374
10777,2372,2444,2374,2373
10778,2374,2445,2375,2373
10779,2352,2424,2333,2404
10780,2404,2405,2333,2374
10781,2405,2304,2374,2376
10782,2374,2446,2376,2375
10783,2376,2447,2377,2375
10784,2378,2424,2353,2352
10785,2424,2353,2333,2405
10786,2353,2425,2334,2405
10787,2405,2406,2334,2376
10788,2406,2307,2376,2379
10789,2376,2448,2379,2377
10790,2379,2449,2380,2377
10791,2407,2309,2378,2381
10792,2378,2450,2381,2353
10793,2381,2425,2354,2353
10794,2425,2354,2334,2406
10795,2354,2426,2336,2406
10796,2406,2408,2336,2379
10797,2408,2310,2379,2382
10798,2379,2451,2382,2380
10799,2382,2452,2383,2380
10800,2407,2409,2337,2381
10801,2409,2312,2381,2384
10802,2381,2453,2384,2354
10803,2384,2426,2355,2354
10804,2426,2355,2336,2408
10805,2355,2427,2338,2408
10806,2408,2410,2338,2382
10807,2410,2313,2382,2385
10808,2382,2454,2385,2383
10809,2385,2455,2386,2383
10810,2409,2411,2339,2384
10811,2411,2315,2384,2387
10812,2384,2456,2387,2355
10813,2387,2427,2356,2355
10814,2427,2356,2338,2410
10815,2356,2428,2340,2410
10816,2410,2412,2340,2385
10817,2412,2316,2385,2388
10818,2385,2457,2388,2386
10819,2388,2458,2389,2386
10820,2411,2413,2341,2387
10821,2413,2318,2387,2390
10822,2387,2459,2390,2356
10823,2390,2428,2357,2356
10824,2428,2357,2340,2412
10825,2357,2429,2342,2412
10826,2412,2414,2342,2388
10827,2414,2319,2388,2391
10828,2388,2460,2391,2389
10829,2391,2461,2392,2389
10830,2413,2415,2343,2390
10831,2415,2321,2390,2393
10832,2390,2462,2393,2357
10833,2393,2429,2358,2357
10834,2429,2358,2342,2414
10835,2358,2430,2344,2414
10836,2414,2416,2344,2391
10837,2416,2322,2391,2394
10838,2391,2463,2394,2392
10839,2394,2464,2395,2392
10840,2415,2417,2345,2393
10841,2417,2324,2393,2396
10842,2393,2465,2396,2358
10843,2396,2430,2359,2358
10844,2430,2359,2344,2416
10845,2359,2431,2346,2416
10846,2416,2418,2346,2394
10847,2418,2325,2394,2397
10848,2394,2466,2397,2395
10849,2397,2467,2398,2395
10850,2417,2420,2348,2396
10851,2420,2329,2396,2401
10852,2396,2468,2401,2359
10853,2401,2431,2368,2359
10854,2431,2368,2346,2418
10855,2368,2440,2350,2418
10856,2418,2422,2350,2397
10857,2422,2331,2397,2403
10858,2397,2469,2403,2398
10859,2403,2470,2423,2398
10860,2361,2433,2432,2362
10861,2399,2433,2361,2363
10862,2433,2362,2363,2434
10863,2363,2435,2434,2364
10864,2419,2399,2328,2400
10865,2399,2471,2363,2400
10866,2400,2435,2363,2365
10867,2435,2364,2365,2436
10868,2365,2437,2436,2366
10869,2367,2439,2419,2349
10870,2419,2421,2400,2349
10871,2421,2400,2330,2402
10872,2400,2472,2365,2402
10873,2402,2437,2365,2369
10874,2437,2366,2369,2438
10875,2369,2441,2438,2370
10876,2420,2439,2367,2401
10877,2439,2349,2401,2421
10878,2401,2473,2421,2368
10879,2421,2440,2402,2368
10880,2440,2402,2350,2422
10881,2402,2474,2369,2422
10882,2422,2441,2369,2403
10883,2441,2370,2403,2442
10884,2403,2475,2442,2423
10885,2372,2444,2373,2443
10886,2404,2444,2374,2372
10887,2444,2374,2373,2445
10888,2374,2446,2375,2445
10889,2424,2333,2404,2405
10890,2404,2476,2405,2374
10891,2405,2446,2376,2374
10892,2446,2376,2375,2447
10893,2376,2448,2377,2447
10894,2378,2450,2353,2424
10895,2424,2425,2353,2405
10896,2425,2334,2405,2406
10897,2405,2477,2406,2376
10898,2406,2448,2379,2376
10899,2448,2379,2377,2449
10900,2379,2451,2380,2449
10901,2407,2450,2381,2378
10902,2450,2381,2353,2425
10903,2381,2453,2354,2425
10904,2425,2426,2354,2406
10905,2426,2336,2406,2408
10906,2406,2478,2408,2379
10907,2408,2451,2382,2379
10908,2451,2382,2380,2452
10909,2382,2454,2383,2452
10910,2407,2479,2409,2381
10911,2409,2453,2384,2381
10912,2453,2384,2354,2426
10913,2384,2456,2355,2426
10914,2426,2427,2355,2408
10915,2427,2338,2408,2410
10916,2408,2480,2410,2382
10917,2410,2454,2385,2382
10918,2454,2385,2383,2455
10919,2385,2457,2386,2455
10920,2409,2481,2411,2384
10921,2411,2456,2387,2384
10922,2456,2387,2355,2427
10923,2387,2459,2356,2427
10924,2427,2428,2356,2410
10925,2428,2340,2410,2412
10926,2410,2482,2412,2385
10927,2412,2457,2388,2385
10928,2457,2388,2386,2458
10929,2388,2460,2389,2458
10930,2411,2483,2413,2387
10931,2413,2459,2390,2387
10932,2459,2390,2356,2428
10933,2390,2462,2357,2428
10934,2428,2429,2357,2412
10935,2429,2342,2412,2414
10936,2412,2484,2414,2388
10937,2414,2460,2391,2388
10938,2460,2391,2389,2461
10939,2391,2463,2392,2461
10940,2413,2485,2415,2390
10941,2415,2462,2393,2390
10942,2462,2393,2357,2429
10943,2393,2465,2358,2429
10944,2429,2430,2358,2414
10945,2430,2344,2414,2416
10946,2414,2486,2416,2391
10947,2416,2463,2394,2391
10948,2463,2394,2392,2464
10949,2394,2466,2395,2464
10950,2415,2487,2417,2393
10951,2417,2465,2396,2393
10952,2465,2396,2358,2430
10953,2396,2468,2359,2430
10954,2430,2431,2359,2416
10955,2431,2346,2416,2418
10956,2416,2488,2418,2394
10957,2418,2466,2397,2394
10958,2466,2397,2395,2467
10959,2397,2469,2398,2467
10960,2417,2489,2420,2396
10961,2420,2468,2401,2396
10962,2468,2401,2359,2431
10963,2401,2473,2368,2431
10964,2431,2440,2368,2418
10965,2440,2350,2418,2422
10966,2418,2490,2422,2397
10967,2422,2469,2403,2397
10968,2469,2403,2398,2470
10969,2403,2475,2423,2470
10970,2433,2432,2362,2434
10971,2399,2471,2433,2363
10972,2433,2435,2434,2363
10973,2435,2434,2364,2436
10974,2419,2471,2399,2400
10975,2471,2363,2400,2435
10976,2400,2472,2435,2365
10977,2435,2437,2436,2365
10978,2437,2436,2366,2438
10979,2439,2419,2349,2421
10980,2419,2491,2400,2421
10981,2421,2472,2400,2402
10982,2472,2365,2402,2437
10983,2402,2474,2437,2369
10984,2437,2441,2438,2369
10985,2441,2438,2370,2442
10986,2420,2492,2439,2401
10987,2439,2473,2421,2401
10988,2473,2421,2368,2440
10989,2421,2493,2402,2440
10990,2440,2474,2402,2422
10991,2474,2369,2422,2441
10992,2422,2494,2441,2403
10993,2441,2475,2442,2403
10994,2475,2442,2423,2495
10995,2444,2373,2443,2445
10996,2404,2476,2374,2444
10997,2444,2446,2374,2445
10998,2446,2375,2445,2447
10999,2424,2476,2405,2404
11000,2476,2405,2374,2446
11001,2405,2477,2376,2446
11002,2446,2448,2376,2447
11003,2448,2377,2447,2449
11004,2450,2353,2424,2425
11005,2424,2496,2425,2405
11006,2425,2477,2406,2405
11007,2477,2406,2376,2448
11008,2406,2478,2379,2448
11009,2448,2451,2379,2449
11010,2451,2380,2449,2452
11011,2407,2479,2381,2450
11012,2450,2453,2381,2425
11013,2453,2354,2425,2426
11014,2425,2497,2426,2406
11015,2426,2478,2408,2406
11016,2478,2408,2379,2451
11017,2408,2480,2382,2451
11018,2451,2454,2382,2452
11019,2454,2383,2452,2455
11020,2479,2409,2381,2453
11021,2409,2481,2384,2453
11022,2453,2456,2384,2426
11023,2456,2355,2426,2427
11024,2426,2498,2427,2408
11025,2427,2480,2410,2408
11026,2480,2410,2382,2454
11027,2410,2482,2385,2454
11028,2454,2457,2385,2455
11029,2457,2386,2455,2458
11030,2481,2411,2384,2456
11031,2411,2483,2387,2456
11032,2456,2459,2387,2427
11033,2459,2356,2427,2428
11034,2427,2499,2428,2410
11035,2428,2482,2412,2410
11036,2482,2412,2385,2457
11037,2412,2484,2388,2457
11038,2457,2460,2388,2458
11039,2460,2389,2458,2461
11040,2483,2413,2387,2459
11041,2413,2485,2390,2459
11042,2459,2462,2390,2428
11043,2462,2357,2428,2429
11044,2428,2500,2429,2412
11045,2429,2484,2414,2412
11046,2484,2414,2388,2460
11047,2414,2486,2391,2460
11048,2460,2463,2391,2461
11049,2463,2392,2461,2464
11050,2485,2415,2390,2462
11051,2415,2487,2393,2462
11052,2462,2465,2393,2429
11053,2465,2358,2429,2430
11054,2429,2501,2430,2414
11055,2430,2486,2416,2414
11056,2486,2416,2391,2463
11057,2416,2488,2394,2463
11058,2463,2466,2394,2464
11059,2466,2395,2464,2467
11060,2487,2417,2393,2465
11061,2417,2489,2396,2465
11062,2465,2468,2396,2430
11063,2468,2359,2430,2431
11064,2430,2502,2431,2416
11065,2431,2488,2418,2416
11066,2488,2418,2394,2466
11067,2418,2490,2397,2466
11068,2466,2469,2397,2467
11069,2469,2398,2467,2470
11070,2489,2420,2396,2468
11071,2420,2492,2401,2468
11072,2468,2473,2401,2431
11073,2473,2368,2431,2440
11074,2431,2503,2440,2418
11075,2440,2490,2422,2418
11076,2490,2422,2397,2469
11077,2422,2494,2403,2469
11078,2469,2475,2403,2470
11079,2475,2423,2470,2495
11080,2433,2504,2432,2434
11081,2471,2433,2363,2435
11082,2433,2505,2434,2435
11083,2435,2506,2434,2436
11084,2419,2491,2471,2400
11085,2471,2472,2435,2400
11086,2472,2435,2365,2437
11087,2435,2507,2436,2437
11088,2437,2508,2436,2438
11089,2439,2491,2419,2421
11090,2491,2400,2421,2472
11091,2421,2493,2472,2402
11092,2472,2474,2437,2402
11093,2474,2437,2369,2441
11094,2437,2509,2438,2441
11095,2441,2510,2438,2442
11096,2492,2439,2401,2473
11097,2439,2511,2421,2473
11098,2473,2493,2421,2440
11099,2493,2402,2440,2474
11100,2440,2512,2474,2422
11101,2474,2494,2441,2422
11102,2494,2441,2403,2475
11103,2441,2513,2442,2475
11104,2475,2514,2442,2495
11105,2444,2515,2445,2443
11106,2476,2374,2444,2446
11107,2444,2516,2446,2445
11108,2446,2517,2447,2445
11109,2424,2496,2405,2476
11110,2476,2477,2405,2446
11111,2477,2376,2446,2448
11112,2446,2518,2448,2447
11113,2448,2519,2449,2447
11114,2450,2496,2425,2424
11115,2496,2425,2405,2477
11116,2425,2497,2406,2477
11117,2477,2478,2406,2448
11118,2478,2379,2448,2451
11119,2448,2520,2451,2449
11120,2451,2521,2452,2449
11121,2479,2381,2450,2453
11122,2450,2522,2453,2425
11123,2453,2497,2426,2425
11124,2497,2426,2406,2478
11125,2426,2498,2408,2478
11126,2478,2480,2408,2451
11127,2480,2382,2451,2454
11128,2451,2523,2454,2452
11129,2454,2524,2455,2452
11130,2479,2481,2409,2453
11131,2481,2384,2453,2456
11132,2453,2525,2456,2426
11133,2456,2498,2427,2426
11134,2498,2427,2408,2480
11135,2427,2499,2410,2480
11136,2480,2482,2410,2454
11137,2482,2385,2454,2457
11138,2454,2526,2457,2455
11139,2457,2527,2458,2455
11140,2481,2483,2411,2456
11141,2483,2387,2456,2459
11142,2456,2528,2459,2427
11143,2459,2499,2428,2427
11144,2499,2428,2410,2482
11145,2428,2500,2412,2482
11146,2482,2484,2412,2457
11147,2484,2388,2457,2460
11148,2457,2529,2460,2458
11149,2460,2530,2461,2458
11150,2483,2485,2413,2459
11151,2485,2390,2459,2462
11152,2459,2531,2462,2428
11153,2462,2500,2429,2428
11154,2500,2429,2412,2484
11155,2429,2501,2414,2484
11156,2484,2486,2414,2460
11157,2486,2391,2460,2463
11158,2460,2532,2463,2461
11159,2463,2533,2464,2461
11160,2485,2487,2415,2462
11161,2487,2393,2462,2465
11162,2462,2534,2465,2429
11163,2465,2501,2430,2429
11164,2501,2430,2414,2486
11165,2430,2502,2416,2486
11166,2486,2488,2416,2463
11167,2488,2394,2463,2466
11168,2463,2535,2466,2464
11169,2466,2536,2467,2464
11170,2487,2489,2417,2465
11171,2489,2396,2465,2468
11172,2465,2537,2468,2430
11173,2468,2502,2431,2430
11174,2502,2431,2416,2488
11175,2431,2503,2418,2488
11176,2488,2490,2418,2466
11177,2490,2397,2466,2469
11178,2466,2538,2469,2467
11179,2469,2539,2470,2467
11180,2489,2492,2420,2468
11181,2492,2401,2468,2473
11182,2468,2540,2473,2431
11183,2473,2503,2440,2431
11184,2503,2440,2418,2490
11185,2440,2512,2422,2490
11186,2490,2494,2422,2469
11187,2494,2403,2469,2475
11188,2469,2541,2475,2470
11189,2475,2542,2495,2470
11190,2433,2505,2504,2434
11191,2471,2505,2433,2435
11192,2505,2434,2435,2506
11193,2435,2507,2506,2436
11194,2491,2471,2400,2472
11195,2471,2543,2435,2472
11196,2472,2507,2435,2437
11197,2507,2436,2437,2508
11198,2437,2509,2508,2438
11199,2439,2511,2491,2421
11200,2491,2493,2472,2421
11201,2493,2472,2402,2474
11202,2472,2544,2437,2474
11203,2474,2509,2437,2441
11204,2509,2438,2441,2510
11205,2441,2513,2510,2442
11206,2492,2511,2439,2473
11207,2511,2421,2473,2493
11208,2473,2545,2493,2440
11209,2493,2512,2474,2440
11210,2512,2474,2422,2494
11211,2474,2546,2441,2494
11212,2494,2513,2441,2475
11213,2513,2442,2475,2514
11214,2475,2547,2514,2495
11215,2444,2516,2445,2515
11216,2476,2516,2446,2444
11217,2516,2446,2445,2517
11218,2446,2518,2447,2517
11219,2496,2405,2476,2477
11220,2476,2548,2477,2446
11221,2477,2518,2448,2446
11222,2518,2448,2447,2519
11223,2448,2520,2449,2519
11224,2450,2522,2425,2496
11225,2496,2497,2425,2477
11226,2497,2406,2477,2478
11227,2477,2549,2478,2448
11228,2478,2520,2451,2448
11229,2520,2451,2449,2521
11230,2451,2523,2452,2521
11231,2479,2522,2453,2450
11232,2522,2453,2425,2497
11233,2453,2525,2426,2497
11234,2497,2498,2426,2478
11235,2498,2408,2478,2480
11236,2478,2550,2480,2451
11237,2480,2523,2454,2451
11238,2523,2454,2452,2524
11239,2454,2526,2455,2524
11240,2479,2551,2481,2453
11241,2481,2525,2456,2453
11242,2525,2456,2426,2498
11243,2456,2528,2427,2498
11244,2498,2499,2427,2480
11245,2499,2410,2480,2482
11246,2480,2552,2482,2454
11247,2482,2526,2457,2454
11248,2526,2457,2455,2527
11249,2457,2529,2458,2527
11250,2481,2553,2483,2456
11251,2483,2528,2459,2456
11252,2528,2459,2427,2499
11253,2459,2531,2428,2499
11254,2499,2500,2428,2482
11255,2500,2412,2482,2484
11256,2482,2554,2484,2457
11257,2484,2529,2460,2457
11258,2529,2460,2458,2530
11259,2460,2532,2461,2530
11260,2483,2555,2485,2459
11261,2485,2531,2462,2459
11262,2531,2462,2428,2500
11263,2462,2534,2429,2500
11264,2500,2501,2429,2484
11265,2501,2414,2484,2486
11266,2484,2556,2486,2460
11267,2486,2532,2463,2460
11268,2532,2463,2461,2533
11269,2463,2535,2464,2533
11270,2485,2557,2487,2462
11271,2487,2534,2465,2462
11272,2534,2465,2429,2501
11273,2465,2537,2430,2501
11274,2501,2502,2430,2486
11275,2502,2416,2486,2488
11276,2486,2558,2488,2463
11277,2488,2535,2466,2463
11278,2535,2466,2464,2536
11279,2466,2538,2467,2536
11280,2487,2559,2489,2465
11281,2489,2537,2468,2465
11282,2537,2468,2430,2502
11283,2468,2540,2431,2502
11284,2502,2503,2431,2488
11285,2503,2418,2488,2490
11286,2488,2560,2490,2466
11287,2490,2538,2469,2466
11288,2538,2469,2467,2539
11289,2469,2541,2470,2539
11290,2489,2561,2492,2468
11291,2492,2540,2473,2468
11292,2540,2473,2431,2503
11293,2473,2545,2440,2503
11294,2503,2512,2440,2490
11295,2512,2422,2490,2494
11296,2490,2562,2494,2469
11297,2494,2541,2475,2469
11298,2541,2475,2470,2542
11299,2475,2547,2495,2542
11300,2505,2504,2434,2506
11301,2471,2543,2505,2435
11302,2505,2507,2506,2435
11303,2507,2506,2436,2508
11304,2491,2543,2471,2472
11305,2543,2435,2472,2507
11306,2472,2544,2507,2437
11307,2507,2509,2508,2437
11308,2509,2508,2438,2510
11309,2511,2491,2421,2493
11310,2491,2563,2472,2493
11311,2493,2544,2472,2474
11312,2544,2437,2474,2509
11313,2474,2546,2509,2441
11314,2509,2513,2510,2441
11315,2513,2510,2442,2514
11316,2492,2564,2511,2473
11317,2511,2545,2493,2473
11318,2545,2493,2440,2512
11319,2493,2565,2474,2512
11320,2512,2546,2474,2494
11321,2546,2441,2494,2513
11322,2494,2566,2513,2475
11323,2513,2547,2514,2475
11324,2547,2514,2495,2567
11325,2516,2445,2515,2517
11326,2476,2548,2446,2516
11327,2516,2518,2446,2517
11328,2518,2447,2517,2519
11329,2496,2548,2477,2476
11330,2548,2477,2446,2518
11331,2477,2549,2448,2518
11332,2518,2520,2448,2519
11333,2520,2449,2519,2521
11334,2522,2425,2496,2497
11335,2496,2568,2497,2477
11336,2497,2549,2478,2477
11337,2549,2478,2448,2520
11338,2478,2550,2451,2520
11339,2520,2523,2451,2521
11340,2523,2452,2521,2524
11341,2479,2551,2453,2522
11342,2522,2525,2453,2497
11343,2525,2426,2497,2498
11344,2497,2569,2498,2478
11345,2498,2550,2480,2478
11346,2550,2480,2451,2523
11347,2480,2552,2454,2523
11348,2523,2526,2454,2524
11349,2526,2455,2524,2527
11350,2551,2481,2453,2525
11351,2481,2553,2456,2525
11352,2525,2528,2456,2498
11353,2528,2427,2498,2499
11354,2498,2570,2499,2480
11355,2499,2552,2482,2480
11356,2552,2482,2454,2526
11357,2482,2554,2457,2526
11358,2526,2529,2457,2527
11359,2529,2458,2527,2530
11360,2553,2483,2456,2528
11361,2483,2555,2459,2528
11362,2528,2531,2459,2499
11363,2531,2428,2499,2500
11364,2499,2571,2500,2482
11365,2500,2554,2484,2482
11366,2554,2484,2457,2529
11367,2484,2556,2460,2529
11368,2529,2532,2460,2530
11369,2532,2461,2530,2533
11370,2555,2485,2459,2531
11371,2485,2557,2462,2531
11372,2531,2534,2462,2500
11373,2534,2429,2500,2501
11374,2500,2572,2501,2484
11375,2501,2556,2486,2484
11376,2556,2486,2460,2532
11377,2486,2558,2463,2532
11378,2532,2535,2463,2533
11379,2535,2464,2533,2536
11380,2557,2487,2462,2534
11381,2487,2559,2465,2534
11382,2534,2537,2465,2501
11383,2537,2430,2501,2502
11384,2501,2573,2502,2486
11385,2502,2558,2488,2486
11386,2558,2488,2463,2535
11387,2488,2560,2466,2535
11388,2535,2538,2466,2536
11389,2538,2467,2536,2539
11390,2559,2489,2465,2537
11391,2489,2561,2468,2537
11392,2537,2540,2468,2502
11393,2540,2431,2502,2503
11394,2502,2574,2503,2488
11395,2503,2560,2490,2488
11396,2560,2490,2466,2538
11397,2490,2562,2469,2538
11398,2538,2541,2469,2539
11399,2541,2470,2539,2542
11400,2561,2492,2468,2540
11401,2492,2564,2473,2540
11402,2540,2545,2473,2503
11403,2545,2440,2503,2512
11404,2503,2575,2512,2490
11405,2512,2562,2494,2490
11406,2562,2494,2469,2541
11407,2494,2566,2475,2541
11408,2541,2547,2475,2542
11409,2547,2495,2542,2567
11410,2505,2576,2504,2506
11411,2543,2505,2435,2507
11412,2505,2577,2506,2507
11413,2507,2578,2506,2508
11414,2491,2563,2543,2472
11415,2543,2544,2507,2472
11416,2544,2507,2437,2509
11417,2507,2579,2508,2509
11418,2509,2580,2508,2510
11419,2511,2563,2491,2493
11420,2563,2472,2493,2544
11421,2493,2565,2544,2474
11422,2544,2546,2509,2474
11423,2546,2509,2441,2513
11424,2509,2581,2510,2513
11425,2513,2582,2510,2514
11426,2564,2511,2473,2545
11427,2511,2583,2493,2545
11428,2545,2565,2493,2512
11429,2565,2474,2512,2546
11430,2512,2584,2546,2494
11431,2546,2566,2513,2494
11432,2566,2513,2475,2547
11433,2513,2585,2514,2547
11434,2547,2586,2514,2567
11435,2516,2587,2517,2515
11436,2548,2446,2516,2518
11437,2516,2588,2518,2517
11438,2518,2589,2519,2517
11439,2496,2568,2477,2548
11440,2548,2549,2477,2518
11441,2549,2448,2518,2520
11442,2518,2590,2520,2519
11443,2520,2591,2521,2519
11444,2522,2568,2497,2496
11445,2568,2497,2477,2549
11446,2497,2569,2478,2549
11447,2549,2550,2478,2520
11448,2550,2451,2520,2523
11449,2520,2592,2523,2521
11450,2523,2593,2524,2521
11451,2551,2453,2522,2525
11452,2522,2594,2525,2497
11453,2525,2569,2498,2497
11454,2569,2498,2478,2550
11455,2498,2570,2480,2550
11456,2550,2552,2480,2523
11457,2552,2454,2523,2526
11458,2523,2595,2526,2524
11459,2526,2596,2527,2524
11460,2551,2553,2481,2525
11461,2553,2456,2525,2528
11462,2525,2597,2528,2498
11463,2528,2570,2499,2498
11464,2570,2499,2480,2552
11465,2499,2571,2482,2552
11466,2552,2554,2482,2526
11467,2554,2457,2526,2529
11468,2526,2598,2529,2527
11469,2529,2599,2530,2527
11470,2553,2555,2483,2528
11471,2555,2459,2528,2531
11472,2528,2600,2531,2499
11473,2531,2571,2500,2499
11474,2571,2500,2482,2554
11475,2500,2572,2484,2554
11476,2554,2556,2484,2529
11477,2556,2460,2529,2532
11478,2529,2601,2532,2530
11479,2532,2602,2533,2530
11480,2555,2557,2485,2531
11481,2557,2462,2531,2534
11482,2531,2603,2534,2500
11483,2534,2572,2501,2500
11484,2572,2501,2484,2556
11485,2501,2573,2486,2556
11486,2556,2558,2486,2532
11487,2558,2463,2532,2535
11488,2532,2604,2535,2533
11489,2535,2605,2536,2533
11490,2557,2559,2487,2534
11491,2559,2465,2534,2537
11492,2534,2606,2537,2501
11493,2537,2573,2502,2501
11494,2573,2502,2486,2558
11495,2502,2574,2488,2558
11496,2558,2560,2488,2535
11497,2560,2466,2535,2538
11498,2535,2607,2538,2536
11499,2538,2608,2539,2536
11500,2559,2561,2489,2537
11501,2561,2468,2537,2540
11502,2537,2609,2540,2502
11503,2540,2574,2503,2502
11504,2574,2503,2488,2560
11505,2503,2575,2490,2560
11506,2560,2562,2490,2538
11507,2562,2469,2538,2541
11508,2538,2610,2541,2539
11509,2541,2611,2542,2539
11510,2561,2564,2492,2540
11511,2564,2473,2540,2545
11512,2540,2612,2545,2503
11513,2545,2575,2512,2503
11514,2575,2512,2490,2562
11515,2512,2584,2494,2562
11516,2562,2566,2494,2541
11517,2566,2475,2541,2547
11518,2541,2613,2547,2542
11519,2547,2614,2567,2542
11520,2505,2577,2576,2506
11521,2543,2577,2505,2507
11522,2577,2506,2507,2578
11523,2507,2579,2578,2508
11524,2563,2543,2472,2544
11525,2543,2615,2507,2544
11526,2544,2579,2507,2509
11527,2579,2508,2509,2580
11528,2509,2581,2580,2510
11529,2511,2583,2563,2493
11530,2563,2565,2544,2493
11531,2565,2544,2474,2546
11532,2544,2616,2509,2546
11533,2546,2581,2509,2513
11534,2581,2510,2513,2582
11535,2513,2585,2582,2514
11536,2564,2583,2511,2545
11537,2583,2493,2545,2565
11538,2545,2617,2565,2512
11539,2565,2584,2546,2512
11540,2584,2546,2494,2566
11541,2546,2618,2513,2566
11542,2566,2585,2513,2547
11543,2585,2514,2547,2586
11544,2547,2619,2586,2567
11545,2516,2588,2517,2587
11546,2548,2588,2518,2516
11547,2588,2518,2517,2589
11548,2518,2590,2519,2589
11549,2568,2477,2548,2549
11550,2548,2620,2549,2518
11551,2549,2590,2520,2518
11552,2590,2520,2519,2591
11553,2520,2592,2521,2591
11554,2522,2594,2497,2568
11555,2568,2569,2497,2549
11556,2569,2478,2549,2550
11557,2549,2621,2550,2520
11558,2550,2592,2523,2520
11559,2592,2523,2521,2593
11560,2523,2595,2524,2593
11561,2551,2594,2525,2522
11562,2594,2525,2497,2569
11563,2525,2597,2498,2569
11564,2569,2570,2498,2550
11565,2570,2480,2550,2552
11566,2550,2622,2552,2523
11567,2552,2595,2526,2523
11568,2595,2526,2524,2596
11569,2526,2598,2527,2596
11570,2551,2623,2553,2525
11571,2553,2597,2528,2525
11572,2597,2528,2498,2570
11573,2528,2600,2499,2570
11574,2570,2571,2499,2552
11575,2571,2482,2552,2554
11576,2552,2624,2554,2526
11577,2554,2598,2529,2526
11578,2598,2529,2527,2599
11579,2529,2601,2530,2599
11580,2553,2625,2555,2528
11581,2555,2600,2531,2528
11582,2600,2531,2499,2571
11583,2531,2603,2500,2571
11584,2571,2572,2500,2554
11585,2572,2484,2554,2556
11586,2554,2626,2556,2529
11587,2556,2601,2532,2529
11588,2601,2532,2530,2602
11589,2532,2604,2533,2602
11590,2555,2627,2557,2531
11591,2557,2603,2534,2531
11592,2603,2534,2500,2572
11593,2534,2606,2501,2572
11594,2572,2573,2501,2556
11595,2573,2486,2556,2558
11596,2556,2628,2558,2532
11597,2558,2604,2535,2532
11598,2604,2535,2533,2605
11599,2535,2607,2536,2605
11600,2557,2629,2559,2534
11601,2559,2606,2537,2534
11602,2606,2537,2501,2573
11603,2537,2609,2502,2573
11604,2573,2574,2502,2558
11605,2574,2488,2558,2560
11606,2558,2630,2560,2535
11607,2560,2607,2538,2535
11608,2607,2538,2536,2608
11609,2538,2610,2539,2608
11610,2559,2631,2561,2537
11611,2561,2609,2540,2537
11612,2609,2540,2502,2574
11613,2540,2612,2503,2574
11614,2574,2575,2503,2560
11615,2575,2490,2560,2562
11616,2560,2632,2562,2538
11617,2562,2610,2541,2538
11618,2610,2541,2539,2611
11619,2541,2613,2542,2611
11620,2561,2633,2564,2540
11621,2564,2612,2545,2540
11622,2612,2545,2503,2575
11623,2545,2617,2512,2575
11624,2575,2584,2512,2562
11625,2584,2494,2562,2566
11626,2562,2634,2566,2541
11627,2566,2613,2547,2541
11628,2613,2547,2542,2614
11629,2547,2619,2567,2614
11630,2577,2576,2506,2578
11631,2543,2615,2577,2507
11632,2577,2579,2578,2507
11633,2579,2578,2508,2580
11634,2563,2615,2543,2544
11635,2615,2507,2544,2579
11636,2544,2616,2579,2509
11637,2579,2581,2580,2509
11638,2581,2580,2510,2582
11639,2583,2563,2493,2565
11640,2563,2635,2544,2565
11641,2565,2616,2544,2546
11642,2616,2509,2546,2581
11643,2546,2618,2581,2513
11644,2581,2585,2582,2513
11645,2585,2582,2514,2586
11646,2564,2636,2583,2545
11647,2583,2617,2565,2545
11648,2617,2565,2512,2584
11649,2565,2637,2546,2584
11650,2584,2618,2546,2566
11651,2618,2513,2566,2585
11652,2566,2638,2585,2547
11653,2585,2619,2586,2547
11654,2619,2586,2567,2639
11655,2588,2517,2587,2589
11656,2548,2620,2518,2588
11657,2588,2590,2518,2589
11658,2590,2519,2589,2591
11659,2568,2620,2549,2548
11660,2620,2549,2518,2590
11661,2549,2621,2520,2590
11662,2590,2592,2520,2591
11663,2592,2521,2591,2593
11664,2594,2497,2568,2569
11665,2568,2640,2569,2549
11666,2569,2621,2550,2549
11667,2621,2550,2520,2592
11668,2550,2622,2523,2592
11669,2592,2595,2523,2593
11670,2595,2524,2593,2596
11671,2551,2623,2525,2594
11672,2594,2597,2525,2569
11673,2597,2498,2569,2570
11674,2569,2641,2570,2550
11675,2570,2622,2552,2550
11676,2622,2552,2523,2595
11677,2552,2624,2526,2595
11678,2595,2598,2526,2596
11679,2598,2527,2596,2599
11680,2623,2553,2525,2597
11681,2553,2625,2528,2597
11682,2597,2600,2528,2570
11683,2600,2499,2570,2571
11684,2570,2642,2571,2552
11685,2571,2624,2554,2552
11686,2624,2554,2526,2598
11687,2554,2626,2529,2598
11688,2598,2601,2529,2599
11689,2601,2530,2599,2602
11690,2625,2555,2528,2600
11691,2555,2627,2531,2600
11692,2600,2603,2531,2571
11693,2603,2500,2571,2572
11694,2571,2643,2572,2554
11695,2572,2626,2556,2554
11696,2626,2556,2529,2601
11697,2556,2628,2532,2601
11698,2601,2604,2532,2602
11699,2604,2533,2602,2605
11700,2627,2557,2531,2603
11701,2557,2629,2534,2603
11702,2603,2606,2534,2572
11703,2606,2501,2572,2573
11704,2572,2644,2573,2556
11705,2573,2628,2558,2556
11706,2628,2558,2532,2604
11707,2558,2630,2535,2604
11708,2604,2607,2535,2605
11709,2607,2536,2605,2608
11710,2629,2559,2534,2606
11711,2559,2631,2537,2606
11712,2606,2609,2537,2573
11713,2609,2502,2573,2574
11714,2573,2645,2574,2558
11715,2574,2630,2560,2558
11716,2630,2560,2535,2607
11717,2560,2632,2538,2607
11718,2607,2610,2538,2608
11719,2610,2539,2608,2611
11720,2631,2561,2537,2609
11721,2561,2633,2540,2609
11722,2609,2612,2540,2574
11723,2612,2503,2574,2575
11724,2574,2646,2575,2560
11725,2575,2632,2562,2560
11726,2632,2562,2538,2610
11727,2562,2634,2541,2610
11728,2610,2613,2541,2611
11729,2613,2542,2611,2614
11730,2633,2564,2540,2612
11731,2564,2636,2545,2612
11732,2612,2617,2545,2575
11733,2617,2512,2575,2584
11734,2575,2647,2584,2562
11735,2584,2634,2566,2562
11736,2634,2566,2541,2613
11737,2566,2638,2547,2613
11738,2613,2619,2547,2614
11739,2619,2567,2614,2639
11740,2577,2648,2576,2578
11741,2615,2577,2507,2579
11742,2577,2649,2578,2579
11743,2579,2650,2578,2580
11744,2563,2635,2615,2544
11745,2615,2616,2579,2544
11746,2616,2579,2509,2581
11747,2579,2651,2580,2581
11748,2581,2652,2580,2582
11749,2583,2635,2563,2565
11750,2635,2544,2565,2616
11751,2565,2637,2616,2546
11752,2616,2618,2581,2546
11753,2618,2581,2513,2585
11754,2581,2653,2582,2585
11755,2585,2654,2582,2586
11756,2636,2583,2545,2617
11757,2583,2655,2565,2617
11758,2617,2637,2565,2584
11759,2637,2546,2584,2618
11760,2584,2656,2618,2566
11761,2618,2638,2585,2566
11762,2638,2585,2547,2619
11763,2585,2657,2586,2619
11764,2619,2658,2586,2639
11765,2588,2659,2589,2587
11766,2620,2518,2588,2590
11767,2588,2660,2590,2589
11768,2590,2661,2591,2589
11769,2568,2640,2549,2620
11770,2620,2621,2549,2590
11771,2621,2520,2590,2592
11772,2590,2662,2592,2591
11773,2592,2663,2593,2591
11774,2594,2640,2569,2568
11775,2640,2569,2549,2621
11776,2569,2641,2550,2621
11777,2621,2622,2550,2592
11778,2622,2523,2592,2595
11779,2592,2664,2595,2593
11780,2595,2665,2596,2593
11781,2623,2525,2594,2597
11782,2594,2666,2597,2569
11783,2597,2641,2570,2569
11784,2641,2570,2550,2622
11785,2570,2642,2552,2622
11786,2622,2624,2552,2595
11787,2624,2526,2595,2598
11788,2595,2667,2598,2596
11789,2598,2668,2599,2596
11790,2623,2625,2553,2597
11791,2625,2528,2597,2600
11792,2597,2669,2600,2570
11793,2600,2642,2571,2570
11794,2642,2571,2552,2624
11795,2571,2643,2554,2624
11796,2624,2626,2554,2598
11797,2626,2529,2598,2601
11798,2598,2670,2601,2599
11799,2601,2671,2602,2599
11800,2625,2627,2555,2600
11801,2627,2531,2600,2603
11802,2600,2672,2603,2571
11803,2603,2643,2572,2571
11804,2643,2572,2554,2626
11805,2572,2644,2556,2626
11806,2626,2628,2556,2601
11807,2628,2532,2601,2604
11808,2601,2673,2604,2602
11809,2604,2674,2605,2602
11810,2627,2629,2557,2603
11811,2629,2534,2603,2606
11812,2603,2675,2606,2572
11813,2606,2644,2573,2572
11814,2644,2573,2556,2628
11815,2573,2645,2558,2628
11816,2628,2630,2558,2604
11817,2630,2535,2604,2607
11818,2604,2676,2607,2605
11819,2607,2677,2608,2605
11820,2629,2631,2559,2606
11821,2631,2537,2606,2609
11822,2606,2678,2609,2573
11823,2609,2645,2574,2573
11824,2645,2574,2558,2630
11825,2574,2646,2560,2630
11826,2630,2632,2560,2607
11827,2632,2538,2607,2610
11828,2607,2679,2610,2608
11829,2610,2680,2611,2608
11830,2631,2633,2561,2609
11831,2633,2540,2609,2612
11832,2609,2681,2612,2574
11833,2612,2646,2575,2574
11834,2646,2575,2560,2632
11835,2575,2647,2562,2632
11836,2632,2634,2562,2610
11837,2634,2541,2610,2613
11838,2610,2682,2613,2611
11839,2613,2683,2614,2611
11840,2633,2636,2564,2612
11841,2636,2545,2612,2617
11842,2612,2684,2617,2575
11843,2617,2647,2584,2575
11844,2647,2584,2562,2634
11845,2584,2656,2566,2634
11846,2634,2638,2566,2613
11847,2638,2547,2613,2619
11848,2613,2685,2619,2614
11849,2619,2686,2639,2614
11850,2577,2649,2648,2578
11851,2615,2649,2577,2579
11852,2649,2578,2579,2650
11853,2579,2651,2650,2580
11854,2635,2615,2544,2616
11855,2615,2687,2579,2616
11856,2616,2651,2579,2581
11857,2651,2580,2581,2652
11858,2581,2653,2652,2582
11859,2583,2655,2635,2565
11860,2635,2637,2616,2565
11861,2637,2616,2546,2618
11862,2616,2688,2581,2618
11863,2618,2653,2581,2585
11864,2653,2582,2585,2654
11865,2585,2657,2654,2586
11866,2636,2655,2583,2617
11867,2655,2565,2617,2637
11868,2617,2689,2637,2584
11869,2637,2656,2618,2584
11870,2656,2618,2566,2638
11871,2618,2690,2585,2638
11872,2638,2657,2585,2619
11873,2657,2586,2619,2658
11874,2619,2691,2658,2639
11875,2588,2660,2589,2659
11876,2620,2660,2590,2588
11877,2660,2590,2589,2661
11878,2590,2662,2591,2661
11879,2640,2549,2620,2621
11880,2620,2692,2621,2590
11881,2621,2662,2592,2590
11882,2662,2592,2591,2663
11883,2592,2664,2593,2663
11884,2594,2666,2569,2640
11885,2640,2641,2569,2621
11886,2641,2550,2621,2622
11887,2621,2693,2622,2592
11888,2622,2664,2595,2592
11889,2664,2595,2593,2665
11890,2595,2667,2596,2665
11891,2623,2666,2597,2594
11892,2666,2597,2569,2641
11893,2597,2669,2570,2641
11894,2641,2642,2570,2622
11895,2642,2552,2622,2624
11896,2622,2694,2624,2595
11897,2624,2667,2598,2595
11898,2667,2598,2596,2668
11899,2598,2670,2599,2668
11900,2623,2695,2625,2597
11901,2625,2669,2600,2597
11902,2669,2600,2570,2642
11903,2600,2672,2571,2642
11904,2642,2643,2571,2624
11905,2643,2554,2624,2626
11906,2624,2696,2626,2598
11907,2626,2670,2601,2598
11908,2670,2601,2599,2671
11909,2601,2673,2602,2671
11910,2625,2697,2627,2600
11911,2627,2672,2603,2600
11912,2672,2603,2571,2643
11913,2603,2675,2572,2643
11914,2643,2644,2572,2626
11915,2644,2556,2626,2628
11916,2626,2698,2628,2601
11917,2628,2673,2604,2601
11918,2673,2604,2602,2674
11919,2604,2676,2605,2674
11920,2627,2699,2629,2603
11921,2629,2675,2606,2603
11922,2675,2606,2572,2644
11923,2606,2678,2573,2644
11924,2644,2645,2573,2628
11925,2645,2558,2628,2630
11926,2628,2700,2630,2604
11927,2630,2676,2607,2604
11928,2676,2607,2605,2677
11929,2607,2679,2608,2677
11930,2629,2701,2631,2606
11931,2631,2678,2609,2606
11932,2678,2609,2573,2645
11933,2609,2681,2574,2645
11934,2645,2646,2574,2630
11935,2646,2560,2630,2632
11936,2630,2702,2632,2607
11937,2632,2679,2610,2607
11938,2679,2610,2608,2680
11939,2610,2682,2611,2680
11940,2631,2703,2633,2609
11941,2633,2681,2612,2609
11942,2681,2612,2574,2646
11943,2612,2684,2575,2646
11944,2646,2647,2575,2632
11945,2647,2562,2632,2634
11946,2632,2704,2634,2610
11947,2634,2682,2613,2610
11948,2682,2613,2611,2683
11949,2613,2685,2614,2683
11950,2633,2705,2636,2612
11951,2636,2684,2617,2612
11952,2684,2617,2575,2647
11953,2617,2689,2584,2647
11954,2647,2656,2584,2634
11955,2656,2566,2634,2638
11956,2634,2706,2638,2613
11957,2638,2685,2619,2613
11958,2685,2619,2614,2686
11959,2619,2691,2639,2686
11960,2649,2648,2578,2650
11961,2615,2687,2649,2579
11962,2649,2651,2650,2579
11963,2651,2650,2580,2652
11964,2635,2687,2615,2616
11965,2687,2579,2616,2651
11966,2616,2688,2651,2581
11967,2651,2653,2652,2581
11968,2653,2652,2582,2654
11969,2655,2635,2565,2637
11970,2635,2707,2616,2637
11971,2637,2688,2616,2618
11972,2688,2581,2618,2653
11973,2618,2690,2653,2585
11974,2653,2657,2654,2585
11975,2657,2654,2586,2658
11976,2636,2708,2655,2617
11977,2655,2689,2637,2617
11978,2689,2637,2584,2656
11979,2637,2709,2618,2656
11980,2656,2690,2618,2638
11981,2690,2585,2638,2657
11982,2638,2710,2657,2619
11983,2657,2691,2658,2619
11984,2691,2658,2639,2711
11985,2660,2589,2659,2661
11986,2620,2692,2590,2660
11987,2660,2662,2590,2661
11988,2662,2591,2661,2663
11989,2640,2692,2621,2620
11990,2692,2621,2590,2662
11991,2621,2693,2592,2662
11992,2662,2664,2592,2663
11993,2664,2593,2663,2665
11994,2666,2569,2640,2641
11995,2640,2712,2641,2621
11996,2641,2693,2622,2621
11997,2693,2622,2592,2664
11998,2622,2694,2595,2664
11999,2664,2667,2595,2665
12000,2667,2596,2665,2668
12001,2623,2695,2597,2666
12002,2666,2669,2597,2641
12003,2669,2570,2641,2642
12004,2641,2713,2642,2622
12005,2642,2694,2624,2622
12006,2694,2624,2595,2667
12007,2624,2696,2598,2667
12008,2667,2670,2598,2668
12009,2670,2599,2668,2671
12010,2695,2625,2597,2669
12011,2625,2697,2600,2669
12012,2669,2672,2600,2642
12013,2672,2571,2642,2643
12014,2642,2714,2643,2624
12015,2643,2696,2626,2624
12016,2696,2626,2598,2670
12017,2626,2698,2601,2670
12018,2670,2673,2601,2671
12019,2673,2602,2671,2674
12020,2697,2627,2600,2672
12021,2627,2699,2603,2672
12022,2672,2675,2603,2643
12023,2675,2572,2643,2644
12024,2643,2715,2644,2626
12025,2644,2698,2628,2626
12026,2698,2628,2601,2673
12027,2628,2700,2604,2673
12028,2673,2676,2604,2674
12029,2676,2605,2674,2677
12030,2699,2629,2603,2675
12031,2629,2701,2606,2675
12032,2675,2678,2606,2644
12033,2678,2573,2644,2645
12034,2644,2716,2645,2628
12035,2645,2700,2630,2628
12036,2700,2630,2604,2676
12037,2630,2702,2607,2676
12038,2676,2679,2607,2677
12039,2679,2608,2677,2680
12040,2701,2631,2606,2678
12041,2631,2703,2609,2678
12042,2678,2681,2609,2645
12043,2681,2574,2645,2646
12044,2645,2717,2646,2630
12045,2646,2702,2632,2630
12046,2702,2632,2607,2679
12047,2632,2704,2610,2679
12048,2679,2682,2610,2680
12049,2682,2611,2680,2683
12050,2703,2633,2609,2681
12051,2633,2705,2612,2681
12052,2681,2684,2612,2646
12053,2684,2575,2646,2647
12054,2646,2718,2647,2632
12055,2647,2704,2634,2632
12056,2704,2634,2610,2682
12057,2634,2706,2613,2682
12058,2682,2685,2613,2683
12059,2685,2614,2683,2686
12060,2705,2636,2612,2684
12061,2636,2708,2617,2684
12062,2684,2689,2617,2647
12063,2689,2584,2647,2656
12064,2647,2719,2656,2634
12065,2656,2706,2638,2634
12066,2706,2638,2613,2685
12067,2638,2710,2619,2685
12068,2685,2691,2619,2686
12069,2691,2639,2686,2711
12070,2649,2720,2648,2650
12071,2687,2649,2579,2651
12072,2649,2721,2650,2651
12073,2651,2722,2650,2652
12074,2635,2707,2687,2616
12075,2687,2688,2651,2616
12076,2688,2651,2581,2653
12077,2651,2723,2652,2653
12078,2653,2724,2652,2654
12079,2655,2707,2635,2637
12080,2707,2616,2637,2688
12081,2637,2709,2688,2618
12082,2688,2690,2653,2618
12083,2690,2653,2585,2657
12084,2653,2725,2654,2657
12085,2657,2726,2654,2658
12086,2708,2655,2617,2689
12087,2655,2727,2637,2689
12088,2689,2709,2637,2656
12089,2709,2618,2656,2690
12090,2656,2728,2690,2638
12091,2690,2710,2657,2638
12092,2710,2657,2619,2691
12093,2657,2729,2658,2691
12094,2691,2730,2658,2711
12095,2660,2731,2661,2659
12096,2692,2590,2660,2662
12097,2660,2732,2662,2661
12098,2662,2733,2663,2661
12099,2640,2712,2621,2692
12100,2692,2693,2621,2662
12101,2693,2592,2662,2664
12102,2662,2734,2664,2663
12103,2664,2735,2665,2663
12104,2666,2712,2641,2640
12105,2712,2641,2621,2693
12106,2641,2713,2622,2693
12107,2693,2694,2622,2664
12108,2694,2595,2664,2667
12109,2664,2736,2667,2665
12110,2667,2737,2668,2665
12111,2695,2597,2666,2669
12112,2666,2738,2669,2641
12113,2669,2713,2642,2641
12114,2713,2642,2622,2694
12115,2642,2714,2624,2694
12116,2694,2696,2624,2667
12117,2696,2598,2667,2670
12118,2667,2739,2670,2668
12119,2670,2740,2671,2668
12120,2695,2697,2625,2669
12121,2697,2600,2669,2672
12122,2669,2741,2672,2642
12123,2672,2714,2643,2642
12124,2714,2643,2624,2696
12125,2643,2715,2626,2696
12126,2696,2698,2626,2670
12127,2698,2601,2670,2673
12128,2670,2742,2673,2671
12129,2673,2743,2674,2671
12130,2697,2699,2627,2672
12131,2699,2603,2672,2675
12132,2672,2744,2675,2643
12133,2675,2715,2644,2643
12134,2715,2644,2626,2698
12135,2644,2716,2628,2698
12136,2698,2700,2628,2673
12137,2700,2604,2673,2676
12138,2673,2745,2676,2674
12139,2676,2746,2677,2674
12140,2699,2701,2629,2675
12141,2701,2606,2675,2678
12142,2675,2747,2678,2644
12143,2678,2716,2645,2644
12144,2716,2645,2628,2700
12145,2645,2717,2630,2700
12146,2700,2702,2630,2676
12147,2702,2607,2676,2679
12148,2676,2748,2679,2677
12149,2679,2749,2680,2677
12150,2701,2703,2631,2678
12151,2703,2609,2678,2681
12152,2678,2750,2681,2645
12153,2681,2717,2646,2645
12154,2717,2646,2630,2702
12155,2646,2718,2632,2702
12156,2702,2704,2632,2679
12157,2704,2610,2679,2682
12158,2679,2751,2682,2680
12159,2682,2752,2683,2680
12160,2703,2705,2633,2681
12161,2705,2612,2681,2684
12162,2681,2753,2684,2646
12163,2684,2718,2647,2646
12164,2718,2647,2632,2704
12165,2647,2719,2634,2704
12166,2704,2706,2634,2682
12167,2706,2613,2682,2685
12168,2682,2754,2685,2683
12169,2685,2755,2686,2683
12170,2705,2708,2636,2684
12171,2708,2617,2684,2689
12172,2684,2756,2689,2647
12173,2689,2719,2656,2647
12174,2719,2656,2634,2706
12175,2656,2728,2638,2706
12176,2706,2710,2638,2685
12177,2710,2619,2685,2691
12178,2685,2757,2691,2686
12179,2691,2758,2711,2686
12180,2649,2721,2720,2650
12181,2687,2721,2649,2651
12182,2721,2650,2651,2722
12183,2651,2723,2722,2652
12184,2707,2687,2616,2688
12185,2687,2759,2651,2688
12186,2688,2723,2651,2653
12187,2723,2652,2653,2724
12188,2653,2725,2724,2654
12189,2655,2727,2707,2637
12190,2707,2709,2688,2637
12191,2709,2688,2618,2690
12192,2688,2760,2653,2690
12193,2690,2725,2653,2657
12194,2725,2654,2657,2726
12195,2657,2729,2726,2658
12196,2708,2727,2655,2689
12197,2727,2637,2689,2709
12198,2689,2761,2709,2656
12199,2709,2728,2690,2656
12200,2728,2690,2638,2710
12201,2690,2762,2657,2710
12202,2710,2729,2657,2691
12203,2729,2658,2691,2730
12204,2691,2763,2730,2711
12205,2660,2732,2661,2731
12206,2692,2732,2662,2660
12207,2732,2662,2661,2733
12208,2662,2734,2663,2733
12209,2712,2621,2692,2693
12210,2692,2764,2693,2662
12211,2693,2734,2664,2662
12212,2734,2664,2663,2735
12213,2664,2736,2665,2735
12214,2666,2738,2641,2712
12215,2712,2713,2641,2693
12216,2713,2622,2693,2694
12217,2693,2765,2694,2664
12218,2694,2736,2667,2664
12219,2736,2667,2665,2737
12220,2667,2739,2668,2737
12221,2695,2738,2669,2666
12222,2738,2669,2641,2713
12223,2669,2741,2642,2713
12224,2713,2714,2642,2694
12225,2714,2624,2694,2696
12226,2694,2766,2696,2667
12227,2696,2739,2670,2667
12228,2739,2670,2668,2740
12229,2670,2742,2671,2740
12230,2695,2767,2697,2669
12231,2697,2741,2672,2669
12232,2741,2672,2642,2714
12233,2672,2744,2643,2714
12234,2714,2715,2643,2696
12235,2715,2626,2696,2698
12236,2696,2768,2698,2670
12237,2698,2742,2673,2670
12238,2742,2673,2671,2743
12239,2673,2745,2674,2743
12240,2697,2769,2699,2672
12241,2699,2744,2675,2672
12242,2744,2675,2643,2715
12243,2675,2747,2644,2715
12244,2715,2716,2644,2698
12245,2716,2628,2698,2700
12246,2698,2770,2700,2673
12247,2700,2745,2676,2673
12248,2745,2676,2674,2746
12249,2676,2748,2677,2746
12250,2699,2771,2701,2675
12251,2701,2747,2678,2675
12252,2747,2678,2644,2716
12253,2678,2750,2645,2716
12254,2716,2717,2645,2700
12255,2717,2630,2700,2702
12256,2700,2772,2702,2676
12257,2702,2748,2679,2676
12258,2748,2679,2677,2749
12259,2679,2751,2680,2749
12260,2701,2773,2703,2678
12261,2703,2750,2681,2678
12262,2750,2681,2645,2717
12263,2681,2753,2646,2717
12264,2717,2718,2646,2702
12265,2718,2632,2702,2704
12266,2702,2774,2704,2679
12267,2704,2751,2682,2679
12268,2751,2682,2680,2752
12269,2682,2754,2683,2752
12270,2703,2775,2705,2681
12271,2705,2753,2684,2681
12272,2753,2684,2646,2718
12273,2684,2756,2647,2718
12274,2718,2719,2647,2704
12275,2719,2634,2704,2706
12276,2704,2776,2706,2682
12277,2706,2754,2685,2682
12278,2754,2685,2683,2755
12279,2685,2757,2686,2755
12280,2705,2777,2708,2684
12281,2708,2756,2689,2684
12282,2756,2689,2647,2719
12283,2689,2761,2656,2719
12284,2719,2728,2656,2706
12285,2728,2638,2706,2710
12286,2706,2778,2710,2685
12287,2710,2757,2691,2685
12288,2757,2691,2686,2758
12289,2691,2763,2711,2758
12290,2721,2720,2650,2722
12291,2687,2759,2721,2651
12292,2721,2723,2722,2651
12293,2723,2722,2652,2724
12294,2707,2759,2687,2688
12295,2759,2651,2688,2723
12296,2688,2760,2723,2653
12297,2723,2725,2724,2653
12298,2725,2724,2654,2726
12299,2727,2707,2637,2709
12300,2707,2779,2688,2709
12301,2709,2760,2688,2690
12302,2760,2653,2690,2725
12303,2690,2762,2725,2657
12304,2725,2729,2726,2657
12305,2729,2726,2658,2730
12306,2708,2780,2727,2689
12307,2727,2761,2709,2689
12308,2761,2709,2656,2728
12309,2709,2781,2690,2728
12310,2728,2762,2690,2710
12311,2762,2657,2710,2729
12312,2710,2782,2729,2691
12313,2729,2763,2730,2691
12314,2763,2730,2711,2783
12315,2732,2661,2731,2733
12316,2692,2764,2662,2732
12317,2732,2734,2662,2733
12318,2734,2663,2733,2735
12319,2712,2764,2693,2692
12320,2764,2693,2662,2734
12321,2693,2765,2664,2734
12322,2734,2736,2664,2735
12323,2736,2665,2735,2737
12324,2738,2641,2712,2713
12325,2712,2784,2713,2693
12326,2713,2765,2694,2693
12327,2765,2694,2664,2736
12328,2694,2766,2667,2736
12329,2736,2739,2667,2737
12330,2739,2668,2737,2740
12331,2695,2767,2669,2738
12332,2738,2741,2669,2713
12333,2741,2642,2713,2714
12334,2713,2785,2714,2694
12335,2714,2766,2696,2694
12336,2766,2696,2667,2739
12337,2696,2768,2670,2739
12338,2739,2742,2670,2740
12339,2742,2671,2740,2743
12340,2767,2697,2669,2741
12341,2697,2769,2672,2741
12342,2741,2744,2672,2714
12343,2744,2643,2714,2715
12344,2714,2786,2715,2696
12345,2715,2768,2698,2696
12346,2768,2698,2670,2742
12347,2698,2770,2673,2742
12348,2742,2745,2673,2743
12349,2745,2674,2743,2746
12350,2769,2699,2672,2744
12351,2699,2771,2675,2744
12352,2744,2747,2675,2715
12353,2747,2644,2715,2716
12354,2715,2787,2716,2698
12355,2716,2770,2700,2698
12356,2770,2700,2673,2745
12357,2700,2772,2676,2745
12358,2745,2748,2676,2746
12359,2748,2677,2746,2749
12360,2771,2701,2675,2747
12361,2701,2773,2678,2747
12362,2747,2750,2678,2716
12363,2750,2645,2716,2717
12364,2716,2788,2717,2700
12365,2717,2772,2702,2700
12366,2772,2702,2676,2748
12367,2702,2774,2679,2748
12368,2748,2751,2679,2749
12369,2751,2680,2749,2752
12370,2773,2703,2678,2750
12371,2703,2775,2681,2750
12372,2750,2753,2681,2717
12373,2753,2646,2717,2718
12374,2717,2789,2718,2702
12375,2718,2774,2704,2702
12376,2774,2704,2679,2751
12377,2704,2776,2682,2751
12378,2751,2754,2682,2752
12379,2754,2683,2752,2755
12380,2775,2705,2681,2753
12381,2705,2777,2684,2753
12382,2753,2756,2684,2718
12383,2756,2647,2718,2719
12384,2718,2790,2719,2704
12385,2719,2776,2706,2704
12386,2776,2706,2682,2754
12387,2706,2778,2685,2754
12388,2754,2757,2685,2755
12389,2757,2686,2755,2758
12390,2777,2708,2684,2756
12391,2708,2780,2689,2756
12392,2756,2761,2689,2719
12393,2761,2656,2719,2728
12394,2719,2791,2728,2706
12395,2728,2778,2710,2706
12396,2778,2710,2685,2757
12397,2710,2782,2691,2757
12398,2757,2763,2691,2758
12399,2763,2711,2758,2783
12400,2721,2792,2720,2722
12401,2759,2721,2651,2723
12402,2721,2793,2722,2723
12403,2723,2794,2722,2724
12404,2707,2779,2759,2688
12405,2759,2760,2723,2688
12406,2760,2723,2653,2725
12407,2723,2795,2724,2725
12408,2725,2796,2724,2726
12409,2727,2779,2707,2709
12410,2779,2688,2709,2760
12411,2709,2781,2760,2690
12412,2760,2762,2725,2690
12413,2762,2725,2657,2729
12414,2725,2797,2726,2729
12415,2729,2798,2726,2730
12416,2780,2727,2689,2761
12417,2727,2799,2709,2761
12418,2761,2781,2709,2728
12419,2781,2690,2728,2762
12420,2728,2800,2762,2710
12421,2762,2782,2729,2710
12422,2782,2729,2691,2763
12423,2729,2801,2730,2763
12424,2763,2802,2730,2783
12425,2732,2803,2733,2731
12426,2764,2662,2732,2734
12427,2732,2804,2734,2733
12428,2734,2805,2735,2733
12429,2712,2784,2693,2764
12430,2764,2765,2693,2734
12431,2765,2664,2734,2736
12432,2734,2806,2736,2735
12433,2736,2807,2737,2735
12434,2738,2784,2713,2712
12435,2784,2713,2693,2765
12436,2713,2785,2694,2765
12437,2765,2766,2694,2736
12438,2766,2667,2736,2739
12439,2736,2808,2739,2737
12440,2739,2809,2740,2737
12441,2767,2669,2738,2741
12442,2738,2810,2741,2713
12443,2741,2785,2714,2713
12444,2785,2714,2694,2766
12445,2714,2786,2696,2766
12446,2766,2768,2696,2739
12447,2768,2670,2739,2742
12448,2739,2811,2742,2740
12449,2742,2812,2743,2740
12450,2767,2769,2697,2741
12451,2769,2672,2741,2744
12452,2741,2813,2744,2714
12453,2744,2786,2715,2714
12454,2786,2715,2696,2768
12455,2715,2787,2698,2768
12456,2768,2770,2698,2742
12457,2770,2673,2742,2745
12458,2742,2814,2745,2743
12459,2745,2815,2746,2743
12460,2769,2771,2699,2744
12461,2771,2675,2744,2747
12462,2744,2816,2747,2715
12463,2747,2787,2716,2715
12464,2787,2716,2698,2770
12465,2716,2788,2700,2770
12466,2770,2772,2700,2745
12467,2772,2676,2745,2748
12468,2745,2817,2748,2746
12469,2748,2818,2749,2746
12470,2771,2773,2701,2747
12471,2773,2678,2747,2750
12472,2747,2819,2750,2716
12473,2750,2788,2717,2716
12474,2788,2717,2700,2772
12475,2717,2789,2702,2772
12476,2772,2774,2702,2748
12477,2774,2679,2748,2751
12478,2748,2820,2751,2749
12479,2751,2821,2752,2749
12480,2773,2775,2703,2750
12481,2775,2681,2750,2753
12482,2750,2822,2753,2717
12483,2753,2789,2718,2717
12484,2789,2718,2702,2774
12485,2718,2790,2704,2774
12486,2774,2776,2704,2751
12487,2776,2682,2751,2754
12488,2751,2823,2754,2752
12489,2754,2824,2755,2752
12490,2775,2777,2705,2753
12491,2777,2684,2753,2756
12492,2753,2825,2756,2718
12493,2756,2790,2719,2718
12494,2790,2719,2704,2776
12495,2719,2791,2706,2776
12496,2776,2778,2706,2754
12497,2778,2685,2754,2757
12498,2754,2826,2757,2755
12499,2757,2827,2758,2755
12500,2777,2780,2708,2756
12501,2780,2689,2756,2761
12502,2756,2828,2761,2719
12503,2761,2791,2728,2719
12504,2791,2728,2706,2778
12505,2728,2800,2710,2778
12506,2778,2782,2710,2757
12507,2782,2691,2757,2763
12508,2757,2829,2763,2758
12509,2763,2830,2783,2758
12510,2721,2793,2792,2722
12511,2759,2793,2721,2723
12512,2793,2722,2723,2794
12513,2723,2795,2794,2724
12514,2779,2759,2688,2760
12515,2759,2831,2723,2760
12516,2760,2795,2723,2725
12517,2795,2724,2725,2796
12518,2725,2797,2796,2726
12519,2727,2799,2779,2709
12520,2779,2781,2760,2709
12521,2781,2760,2690,2762
12522,2760,2832,2725,2762
12523,2762,2797,2725,2729
12524,2797,2726,2729,2798
12525,2729,2801,2798,2730
12526,2780,2799,2727,2761
12527,2799,2709,2761,2781
12528,2761,2833,2781,2728
12529,2781,2800,2762,2728
12530,2800,2762,2710,2782
12531,2762,2834,2729,2782
12532,2782,2801,2729,2763
12533,2801,2730,2763,2802
12534,2763,2835,2802,2783
12535,2732,2804,2733,2803
12536,2764,2804,2734,2732
12537,2804,2734,2733,2805
12538,2734,2806,2735,2805
12539,2784,2693,2764,2765
12540,2764,2836,2765,2734
12541,2765,2806,2736,2734
12542,2806,2736,2735,2807
12543,2736,2808,2737,2807
12544,2738,2810,2713,2784
12545,2784,2785,2713,2765
12546,2785,2694,2765,2766
12547,2765,2837,2766,2736
12548,2766,2808,2739,2736
12549,2808,2739,2737,2809
12550,2739,2811,2740,2809
12551,2767,2810,2741,2738
12552,2810,2741,2713,2785
12553,2741,2813,2714,2785
12554,2785,2786,2714,2766
12555,2786,2696,2766,2768
12556,2766,2838,2768,2739
12557,2768,2811,2742,2739
12558,2811,2742,2740,2812
12559,2742,2814,2743,2812
12560,2767,2839,2769,2741
12561,2769,2813,2744,2741
12562,2813,2744,2714,2786
12563,2744,2816,2715,2786
12564,2786,2787,2715,2768
12565,2787,2698,2768,2770
12566,2768,2840,2770,2742
12567,2770,2814,2745,2742
12568,2814,2745,2743,2815
12569,2745,2817,2746,2815
12570,2769,2841,2771,2744
12571,2771,2816,2747,2744
12572,2816,2747,2715,2787
12573,2747,2819,2716,2787
12574,2787,2788,2716,2770
12575,2788,2700,2770,2772
12576,2770,2842,2772,2745
12577,2772,2817,2748,2745
12578,2817,2748,2746,2818
12579,2748,2820,2749,2818
12580,2771,2843,2773,2747
12581,2773,2819,2750,2747
12582,2819,2750,2716,2788
12583,2750,2822,2717,2788
12584,2788,2789,2717,2772
12585,2789,2702,2772,2774
12586,2772,2844,2774,2748
12587,2774,2820,2751,2748
12588,2820,2751,2749,2821
12589,2751,2823,2752,2821
12590,2773,2845,2775,2750
12591,2775,2822,2753,2750
12592,2822,2753,2717,2789
12593,2753,2825,2718,2789
12594,2789,2790,2718,2774
12595,2790,2704,2774,2776
12596,2774,2846,2776,2751
12597,2776,2823,2754,2751
12598,2823,2754,2752,2824
12599,2754,2826,2755,2824
12600,2775,2847,2777,2753
12601,2777,2825,2756,2753
12602,2825,2756,2718,2790
12603,2756,2828,2719,2790
12604,2790,2791,2719,2776
12605,2791,2706,2776,2778
12606,2776,2848,2778,2754
12607,2778,2826,2757,2754
12608,2826,2757,2755,2827
12609,2757,2829,2758,2827
12610,2777,2849,2780,2756
12611,2780,2828,2761,2756
12612,2828,2761,2719,2791
12613,2761,2833,2728,2791
12614,2791,2800,2728,2778
12615,2800,2710,2778,2782
12616,2778,2850,2782,2757
12617,2782,2829,2763,2757
12618,2829,2763,2758,2830
12619,2763,2835,2783,2830
12620,2793,2792,2722,2794
12621,2759,2831,2793,2723
12622,2793,2795,2794,2723
12623,2795,2794,2724,2796
12624,2779,2831,2759,2760
12625,2831,2723,2760,2795
12626,2760,2832,2795,2725
12627,2795,2797,2796,2725
12628,2797,2796,2726,2798
12629,2799,2779,2709,2781
12630,2779,2851,2760,2781
12631,2781,2832,2760,2762
12632,2832,2725,2762,2797
12633,2762,2834,2797,2729
12634,2797,2801,2798,2729
12635,2801,2798,2730,2802
12636,2780,2852,2799,2761
12637,2799,2833,2781,2761
12638,2833,2781,2728,2800
12639,2781,2853,2762,2800
12640,2800,2834,2762,2782
12641,2834,2729,2782,2801
12642,2782,2854,2801,2763
12643,2801,2835,2802,2763
12644,2835,2802,2783,2855
12645,2804,2733,2803,2805
12646,2764,2836,2734,2804
12647,2804,2806,2734,2805
12648,2806,2735,2805,2807
12649,2784,2836,2765,2764
12650,2836,2765,2734,2806
12651,2765,2837,2736,2806
12652,2806,2808,2736,2807
12653,2808,2737,2807,2809
12654,2810,2713,2784,2785
12655,2784,2856,2785,2765
12656,2785,2837,2766,2765
12657,2837,2766,2736,2808
12658,2766,2838,2739,2808
12659,2808,2811,2739,2809
12660,2811,2740,2809,2812
12661,2767,2839,2741,2810
12662,2810,2813,2741,2785
12663,2813,2714,2785,2786
12664,2785,2857,2786,2766
12665,2786,2838,2768,2766
12666,2838,2768,2739,2811
12667,2768,2840,2742,2811
12668,2811,2814,2742,2812
12669,2814,2743,2812,2815
12670,2839,2769,2741,2813
12671,2769,2841,2744,2813
12672,2813,2816,2744,2786
12673,2816,2715,2786,2787
12674,2786,2858,2787,2768
12675,2787,2840,2770,2768
12676,2840,2770,2742,2814
12677,2770,2842,2745,2814
12678,2814,2817,2745,2815
12679,2817,2746,2815,2818
12680,2841,2771,2744,2816
12681,2771,2843,2747,2816
12682,2816,2819,2747,2787
12683,2819,2716,2787,2788
12684,2787,2859,2788,2770
12685,2788,2842,2772,2770
12686,2842,2772,2745,2817
12687,2772,2844,2748,2817
12688,2817,2820,2748,2818
12689,2820,2749,2818,2821
12690,2843,2773,2747,2819
12691,2773,2845,2750,2819
12692,2819,2822,2750,2788
12693,2822,2717,2788,2789
12694,2788,2860,2789,2772
12695,2789,2844,2774,2772
12696,2844,2774,2748,2820
12697,2774,2846,2751,2820
12698,2820,2823,2751,2821
12699,2823,2752,2821,2824
12700,2845,2775,2750,2822
12701,2775,2847,2753,2822
12702,2822,2825,2753,2789
12703,2825,2718,2789,2790
12704,2789,2861,2790,2774
12705,2790,2846,2776,2774
12706,2846,2776,2751,2823
12707,2776,2848,2754,2823
12708,2823,2826,2754,2824
12709,2826,2755,2824,2827
12710,2847,2777,2753,2825
12711,2777,2849,2756,2825
12712,2825,2828,2756,2790
12713,2828,2719,2790,2791
12714,2790,2862,2791,2776
12715,2791,2848,2778,2776
12716,2848,2778,2754,2826
12717,2778,2850,2757,2826
12718,2826,2829,2757,2827
12719,2829,2758,2827,2830
12720,2849,2780,2756,2828
12721,2780,2852,2761,2828
12722,2828,2833,2761,2791
12723,2833,2728,2791,2800
12724,2791,2863,2800,2778
12725,2800,2850,2782,2778
12726,2850,2782,2757,2829
12727,2782,2854,2763,2829
12728,2829,2835,2763,2830
12729,2835,2783,2830,2855
12730,2793,2864,2792,2794
12731,2831,2793,2723,2795
12732,2793,2865,2794,2795
12733,2795,2866,2794,2796
12734,2779,2851,2831,2760
12735,2831,2832,2795,2760
12736,2832,2795,2725,2797
12737,2795,2867,2796,2797
12738,2797,2868,2796,2798
12739,2799,2851,2779,2781
12740,2851,2760,2781,2832
12741,2781,2853,2832,2762
12742,2832,2834,2797,2762
12743,2834,2797,2729,2801
12744,2797,2869,2798,2801
12745,2801,2870,2798,2802
12746,2852,2799,2761,2833
12747,2799,2871,2781,2833
12748,2833,2853,2781,2800
12749,2853,2762,2800,2834
12750,2800,2872,2834,2782
12751,2834,2854,2801,2782
12752,2854,2801,2763,2835
12753,2801,2873,2802,2835
12754,2835,2874,2802,2855
12755,2804,2875,2805,2803
12756,2836,2734,2804,2806
12757,2804,2876,2806,2805
12758,2806,2877,2807,2805
12759,2784,2856,2765,2836
12760,2836,2837,2765,2806
12761,2837,2736,2806,2808
12762,2806,2878,2808,2807
12763,2808,2879,2809,2807
12764,2810,2856,2785,2784
12765,2856,2785,2765,2837
12766,2785,2857,2766,2837
12767,2837,2838,2766,2808
12768,2838,2739,2808,2811
12769,2808,2880,2811,2809
12770,2811,2881,2812,2809
12771,2839,2741,2810,2813
12772,2810,2882,2813,2785
12773,2813,2857,2786,2785
12774,2857,2786,2766,2838
12775,2786,2858,2768,2838
12776,2838,2840,2768,2811
12777,2840,2742,2811,2814
12778,2811,2883,2814,2812
12779,2814,2884,2815,2812
12780,2839,2841,2769,2813
12781,2841,2744,2813,2816
12782,2813,2885,2816,2786
12783,2816,2858,2787,2786
12784,2858,2787,2768,2840
12785,2787,2859,2770,2840
12786,2840,2842,2770,2814
12787,2842,2745,2814,2817
12788,2814,2886,2817,2815
12789,2817,2887,2818,2815
12790,2841,2843,2771,2816
12791,2843,2747,2816,2819
12792,2816,2888,2819,2787
12793,2819,2859,2788,2787
12794,2859,2788,2770,2842
12795,2788,2860,2772,2842
12796,2842,2844,2772,2817
12797,2844,2748,2817,2820
12798,2817,2889,2820,2818
12799,2820,2890,2821,2818
12800,2843,2845,2773,2819
12801,2845,2750,2819,2822
12802,2819,2891,2822,2788
12803,2822,2860,2789,2788
12804,2860,2789,2772,2844
12805,2789,2861,2774,2844
12806,2844,2846,2774,2820
12807,2846,2751,2820,2823
12808,2820,2892,2823,2821
12809,2823,2893,2824,2821
12810,2845,2847,2775,2822
12811,2847,2753,2822,2825
12812,2822,2894,2825,2789
12813,2825,2861,2790,2789
12814,2861,2790,2774,2846
12815,2790,2862,2776,2846
12816,2846,2848,2776,2823
12817,2848,2754,2823,2826
12818,2823,2895,2826,2824
12819,2826,2896,2827,2824
12820,2847,2849,2777,2825
12821,2849,2756,2825,2828
12822,2825,2897,2828,2790
12823,2828,2862,2791,2790
12824,2862,2791,2776,2848
12825,2791,2863,2778,2848
12826,2848,2850,2778,2826
12827,2850,2757,2826,2829
12828,2826,2898,2829,2827
12829,2829,2899,2830,2827
12830,2849,2852,2780,2828
12831,2852,2761,2828,2833
12832,2828,2900,2833,2791
12833,2833,2863,2800,2791
12834,2863,2800,2778,2850
12835,2800,2872,2782,2850
12836,2850,2854,2782,2829
12837,2854,2763,2829,2835
12838,2829,2901,2835,2830
12839,2835,2902,2855,2830
12840,2793,2865,2864,2794
12841,2831,2865,2793,2795
12842,2865,2794,2795,2866
12843,2795,2867,2866,2796
12844,2851,2831,2760,2832
12845,2831,2903,2795,2832
12846,2832,2867,2795,2797
12847,2867,2796,2797,2868
12848,2797,2869,2868,2798
12849,2799,2871,2851,2781
12850,2851,2853,2832,2781
12851,2853,2832,2762,2834
12852,2832,2904,2797,2834
12853,2834,2869,2797,2801
12854,2869,2798,2801,2870
12855,2801,2873,2870,2802
12856,2852,2871,2799,2833
12857,2871,2781,2833,2853
12858,2833,2905,2853,2800
12859,2853,2872,2834,2800
12860,2872,2834,2782,2854
12861,2834,2906,2801,2854
12862,2854,2873,2801,2835
12863,2873,2802,2835,2874
12864,2835,2907,2874,2855
12865,2804,2876,2805,2875
12866,2836,2876,2806,2804
12867,2876,2806,2805,2877
12868,2806,2878,2807,2877
12869,2856,2765,2836,2837
12870,2836,2908,2837,2806
12871,2837,2878,2808,2806
12872,2878,2808,2807,2879
12873,2808,2880,2809,2879
12874,2810,2882,2785,2856
12875,2856,2857,2785,2837
12876,2857,2766,2837,2838
12877,2837,2909,2838,2808
12878,2838,2880,2811,2808
12879,2880,2811,2809,2881
12880,2811,2883,2812,2881
12881,2839,2882,2813,2810
12882,2882,2813,2785,2857
12883,2813,2885,2786,2857
12884,2857,2858,2786,2838
12885,2858,2768,2838,2840
12886,2838,2910,2840,2811
12887,2840,2883,2814,2811
12888,2883,2814,2812,2884
12889,2814,2886,2815,2884
12890,2839,2911,2841,2813
12891,2841,2885,2816,2813
12892,2885,2816,2786,2858
12893,2816,2888,2787,2858
12894,2858,2859,2787,2840
12895,2859,2770,2840,2842
12896,2840,2912,2842,2814
12897,2842,2886,2817,2814
12898,2886,2817,2815,2887
12899,2817,2889,2818,2887
12900,2841,2913,2843,2816
12901,2843,2888,2819,2816
12902,2888,2819,2787,2859
12903,2819,2891,2788,2859
12904,2859,2860,2788,2842
12905,2860,2772,2842,2844
12906,2842,2914,2844,2817
12907,2844,2889,2820,2817
12908,2889,2820,2818,2890
12909,2820,2892,2821,2890
12910,2843,2915,2845,2819
12911,2845,2891,2822,2819
12912,2891,2822,2788,2860
12913,2822,2894,2789,2860
12914,2860,2861,2789,2844
12915,2861,2774,2844,2846
12916,2844,2916,2846,2820
12917,2846,2892,2823,2820
12918,2892,2823,2821,2893
12919,2823,2895,2824,2893
12920,2845,2917,2847,2822
12921,2847,2894,2825,2822
12922,2894,2825,2789,2861
12923,2825,2897,2790,2861
12924,2861,2862,2790,2846
12925,2862,2776,2846,2848
12926,2846,2918,2848,2823
12927,2848,2895,2826,2823
12928,2895,2826,2824,2896
12929,2826,2898,2827,2896
12930,2847,2919,2849,2825
12931,2849,2897,2828,2825
12932,2897,2828,2790,2862
12933,2828,2900,2791,2862
12934,2862,2863,2791,2848
12935,2863,2778,2848,2850
12936,2848,2920,2850,2826
12937,2850,2898,2829,2826
12938,2898,2829,2827,2899
12939,2829,2901,2830,2899
12940,2849,2921,2852,2828
12941,2852,2900,2833,2828
12942,2900,2833,2791,2863
12943,2833,2905,2800,2863
12944,2863,2872,2800,2850
12945,2872,2782,2850,2854
12946,2850,2922,2854,2829
12947,2854,2901,2835,2829
12948,2901,2835,2830,2902
12949,2835,2907,2855,2902
12950,2865,2864,2794,2866
12951,2831,2903,2865,2795
12952,2865,2867,2866,2795
12953,2867,2866,2796,2868
12954,2851,2903,2831,2832
12955,2903,2795,2832,2867
12956,2832,2904,2867,2797
12957,2867,2869,2868,2797
12958,2869,2868,2798,2870
12959,2871,2851,2781,2853
12960,2851,2923,2832,2853
12961,2853,2904,2832,2834
12962,2904,2797,2834,2869
12963,2834,2906,2869,2801
12964,2869,2873,2870,2801
12965,2873,2870,2802,2874
12966,2852,2924,2871,2833
12967,2871,2905,2853,2833
12968,2905,2853,2800,2872
12969,2853,2925,2834,2872
12970,2872,2906,2834,2854
12971,2906,2801,2854,2873
12972,2854,2926,2873,2835
12973,2873,2907,2874,2835
12974,2907,2874,2855,2927
12975,2876,2805,2875,2877
12976,2836,2908,2806,2876
12977,2876,2878,2806,2877
12978,2878,2807,2877,2879
12979,2856,2908,2837,2836
12980,2908,2837,2806,2878
12981,2837,2909,2808,2878
12982,2878,2880,2808,2879
12983,2880,2809,2879,2881
12984,2882,2785,2856,2857
12985,2856,2928,2857,2837
12986,2857,2909,2838,2837
12987,2909,2838,2808,2880
12988,2838,2910,2811,2880
12989,2880,2883,2811,2881
12990,2883,2812,2881,2884
12991,2839,2911,2813,2882
12992,2882,2885,2813,2857
12993,2885,2786,2857,2858
12994,2857,2929,2858,2838
12995,2858,2910,2840,2838
12996,2910,2840,2811,2883
12997,2840,2912,2814,2883
12998,2883,2886,2814,2884
12999,2886,2815,2884,2887
13000,2911,2841,2813,2885
13001,2841,2913,2816,2885
13002,2885,2888,2816,2858
13003,2888,2787,2858,2859
13004,2858,2930,2859,2840
13005,2859,2912,2842,2840
13006,2912,2842,2814,2886
13007,2842,2914,2817,2886
13008,2886,2889,2817,2887
13009,2889,2818,2887,2890
13010,2913,2843,2816,2888
13011,2843,2915,2819,2888
13012,2888,2891,2819,2859
13013,2891,2788,2859,2860
13014,2859,2931,2860,2842
13015,2860,2914,2844,2842
13016,2914,2844,2817,2889
13017,2844,2916,2820,2889
13018,2889,2892,2820,2890
13019,2892,2821,2890,2893
13020,2915,2845,2819,2891
13021,2845,2917,2822,2891
13022,2891,2894,2822,2860
13023,2894,2789,2860,2861
13024,2860,2932,2861,2844
13025,2861,2916,2846,2844
13026,2916,2846,2820,2892
13027,2846,2918,2823,2892
13028,2892,2895,2823,2893
13029,2895,2824,2893,2896
13030,2917,2847,2822,2894
13031,2847,2919,2825,2894
13032,2894,2897,2825,2861
13033,2897,2790,2861,2862
13034,2861,2933,2862,2846
13035,2862,2918,2848,2846
13036,2918,2848,2823,2895
13037,2848,2920,2826,2895
13038,2895,2898,2826,2896
13039,2898,2827,2896,2899
13040,2919,2849,2825,2897
13041,2849,2921,2828,2897
13042,2897,2900,2828,2862
13043,2900,2791,2862,2863
13044,2862,2934,2863,2848
13045,2863,2920,2850,2848
13046,2920,2850,2826,2898
13047,2850,2922,2829,2898
13048,2898,2901,2829,2899
13049,2901,2830,2899,2902
13050,2921,2852,2828,2900
13051,2852,2924,2833,2900
13052,2900,2905,2833,2863
13053,2905,2800,2863,2872
13054,2863,2935,2872,2850
13055,2872,2922,2854,2850
13056,2922,2854,2829,2901
13057,2854,2926,2835,2901
13058,2901,2907,2835,2902
13059,2907,2855,2902,2927
13060,2865,2936,2864,2866
13061,2903,2865,2795,2867
13062,2865,2937,2866,2867
13063,2867,2938,2866,2868
13064,2851,2923,2903,2832
13065,2903,2904,2867,2832
13066,2904,2867,2797,2869
13067,2867,2939,2868,2869
13068,2869,2940,2868,2870
13069,2871,2923,2851,2853
13070,2923,2832,2853,2904
13071,2853,2925,2904,2834
13072,2904,2906,2869,2834
13073,2906,2869,2801,2873
13074,2869,2941,2870,2873
13075,2873,2942,2870,2874
13076,2924,2871,2833,2905
13077,2871,2943,2853,2905
13078,2905,2925,2853,2872
13079,2925,2834,2872,2906
13080,2872,2944,2906,2854
13081,2906,2926,2873,2854
13082,2926,2873,2835,2907
13083,2873,2945,2874,2907
13084,2907,2946,2874,2927
13085,2876,2947,2877,2875
13086,2908,2806,2876,2878
13087,2876,2948,2878,2877
13088,2878,2949,2879,2877
13089,2856,2928,2837,2908
13090,2908,2909,2837,2878
13091,2909,2808,2878,2880
13092,2878,2950,2880,2879
13093,2880,2951,2881,2879
13094,2882,2928,2857,2856
13095,2928,2857,2837,2909
13096,2857,2929,2838,2909
13097,2909,2910,2838,2880
13098,2910,2811,2880,2883
13099,2880,2952,2883,2881
13100,2883,2953,2884,2881
13101,2911,2813,2882,2885
13102,2882,2954,2885,2857
13103,2885,2929,2858,2857
13104,2929,2858,2838,2910
13105,2858,2930,2840,2910
13106,2910,2912,2840,2883
13107,2912,2814,2883,2886
13108,2883,2955,2886,2884
13109,2886,2956,2887,2884
13110,2911,2913,2841,2885
13111,2913,2816,2885,2888
13112,2885,2957,2888,2858
13113,2888,2930,2859,2858
13114,2930,2859,2840,2912
13115,2859,2931,2842,2912
13116,2912,2914,2842,2886
13117,2914,2817,2886,2889
13118,2886,2958,2889,2887
13119,2889,2959,2890,2887
13120,2913,2915,2843,2888
13121,2915,2819,2888,2891
13122,2888,2960,2891,2859
13123,2891,2931,2860,2859
13124,2931,2860,2842,2914
13125,2860,2932,2844,2914
13126,2914,2916,2844,2889
13127,2916,2820,2889,2892
13128,2889,2961,2892,2890
13129,2892,2962,2893,2890
13130,2915,2917,2845,2891
13131,2917,2822,2891,2894
13132,2891,2963,2894,2860
13133,2894,2932,2861,2860
13134,2932,2861,2844,2916
13135,2861,2933,2846,2916
13136,2916,2918,2846,2892
13137,2918,2823,2892,2895
13138,2892,2964,2895,2893
13139,2895,2965,2896,2893
13140,2917,2919,2847,2894
13141,2919,2825,2894,2897
13142,2894,2966,2897,2861
13143,2897,2933,2862,2861
13144,2933,2862,2846,2918
13145,2862,2934,2848,2918
13146,2918,2920,2848,2895
13147,2920,2826,2895,2898
13148,2895,2967,2898,2896
13149,2898,2968,2899,2896
13150,2919,2921,2849,2897
13151,2921,2828,2897,2900
13152,2897,2969,2900,2862
13153,2900,2934,2863,2862
13154,2934,2863,2848,2920
13155,2863,2935,2850,2920
13156,2920,2922,2850,2898
13157,2922,2829,2898,2901
13158,2898,2970,2901,2899
13159,2901,2971,2902,2899
13160,2921,2924,2852,2900
13161,2924,2833,2900,2905
13162,2900,2972,2905,2863
13163,2905,2935,2872,2863
13164,2935,2872,2850,2922
13165,2872,2944,2854,2922
13166,2922,2926,2854,2901
13167,2926,2835,2901,2907
13168,2901,2973,2907,2902
13169,2907,2974,2927,2902
13170,2865,2937,2936,2866
13171,2903,2937,2865,2867
13172,2937,2866,2867,2938
13173,2867,2939,2938,2868
13174,2923,2903,2832,2904
13175,2903,2975,2867,2904
13176,2904,2939,2867,2869
13177,2939,2868,2869,2940
13178,2869,2941,2940,2870
13179,2871,2943,2923,2853
13180,2923,2925,2904,2853
13181,2925,2904,2834,2906
13182,2904,2976,2869,2906
13183,2906,2941,2869,2873
13184,2941,2870,2873,2942
13185,2873,2945,2942,2874
13186,2924,2943,2871,2905
13187,2943,2853,2905,2925
13188,2905,2977,2925,2872
13189,2925,2944,2906,2872
13190,2944,2906,2854,2926
13191,2906,2978,2873,2926
13192,2926,2945,2873,2907
13193,2945,2874,2907,2946
13194,2907,2979,2946,2927
13195,2876,2948,2877,2947
13196,2908,2948,2878,2876
13197,2948,2878,2877,2949
13198,2878,2950,2879,2949
13199,2928,2837,2908,2909
13200,2908,2980,2909,2878
13201,2909,2950,2880,2878
13202,2950,2880,2879,2951
13203,2880,2952,2881,2951
13204,2882,2954,2857,2928
13205,2928,2929,2857,2909
13206,2929,2838,2909,2910
13207,2909,2981,2910,2880
13208,2910,2952,2883,2880
13209,2952,2883,2881,2953
13210,2883,2955,2884,2953
13211,2911,2954,2885,2882
13212,2954,2885,2857,2929
13213,2885,2957,2858,2929
13214,2929,2930,2858,2910
13215,2930,2840,2910,2912
13216,2910,2982,2912,2883
13217,2912,2955,2886,2883
13218,2955,2886,2884,2956
13219,2886,2958,2887,2956
13220,2911,2983,2913,2885
13221,2913,2957,2888,2885
13222,2957,2888,2858,2930
13223,2888,2960,2859,2930
13224,2930,2931,2859,2912
13225,2931,2842,2912,2914
13226,2912,2984,2914,2886
13227,2914,2958,2889,2886
13228,2958,2889,2887,2959
13229,2889,2961,2890,2959
13230,2913,2985,2915,2888
13231,2915,2960,2891,2888
13232,2960,2891,2859,2931
13233,2891,2963,2860,2931
13234,2931,2932,2860,2914
13235,2932,2844,2914,2916
13236,2914,2986,2916,2889
13237,2916,2961,2892,2889
13238,2961,2892,2890,2962
13239,2892,2964,2893,2962
13240,2915,2987,2917,2891
13241,2917,2963,2894,2891
13242,2963,2894,2860,2932
13243,2894,2966,2861,2932
13244,2932,2933,2861,2916
13245,2933,2846,2916,2918
13246,2916,2988,2918,2892
13247,2918,2964,2895,2892
13248,2964,2895,2893,2965
13249,2895,2967,2896,2965
13250,2917,2989,2919,2894
13251,2919,2966,2897,2894
13252,2966,2897,2861,2933
13253,2897,2969,2862,2933
13254,2933,2934,2862,2918
13255,2934,2848,2918,2920
13256,2918,2990,2920,2895
13257,2920,2967,2898,2895
13258,2967,2898,2896,2968
13259,2898,2970,2899,2968
13260,2919,2991,2921,2897
13261,2921,2969,2900,2897
13262,2969,2900,2862,2934
13263,2900,2972,2863,2934
13264,2934,2935,2863,2920
13265,2935,2850,2920,2922
13266,2920,2992,2922,2898
13267,2922,2970,2901,2898
13268,2970,2901,2899,2971
13269,2901,2973,2902,2971
13270,2921,2993,2924,2900
13271,2924,2972,2905,2900
13272,2972,2905,2863,2935
13273,2905,2977,2872,2935
13274,2935,2944,2872,2922
13275,2944,2854,2922,2926
13276,2922,2994,2926,2901
13277,2926,2973,2907,2901
13278,2973,2907,2902,2974
13279,2907,2979,2927,2974
13280,2937,2936,2866,2938
13281,2903,2975,2937,2867
13282,2937,2939,2938,2867
13283,2939,2938,2868,2940
13284,2923,2975,2903,2904
13285,2975,2867,2904,2939
13286,2904,2976,2939,2869
13287,2939,2941,2940,2869
13288,2941,2940,2870,2942
13289,2943,2923,2853,2925
13290,2923,2995,2904,2925
13291,2925,2976,2904,2906
13292,2976,2869,2906,2941
13293,2906,2978,2941,2873
13294,2941,2945,2942,2873
13295,2945,2942,2874,2946
13296,2924,2996,2943,2905
13297,2943,2977,2925,2905
13298,2977,2925,2872,2944
13299,2925,2997,2906,2944
13300,2944,2978,2906,2926
13301,2978,2873,2926,2945
13302,2926,2998,2945,2907
13303,2945,2979,2946,2907
13304,2979,2946,2927,2999
13305,2948,2877,2947,2949
13306,2908,2980,2878,2948
13307,2948,2950,2878,2949
13308,2950,2879,2949,2951
13309,2928,2980,2909,2908
13310,2980,2909,2878,2950
13311,2909,2981,2880,2950
13312,2950,2952,2880,2951
13313,2952,2881,2951,2953
13314,2954,2857,2928,2929
13315,2928,3000,2929,2909
13316,2929,2981,2910,2909
13317,2981,2910,2880,2952
13318,2910,2982,2883,2952
13319,2952,2955,2883,2953
13320,2955,2884,2953,2956
13321,2911,2983,2885,2954
13322,2954,2957,2885,2929
13323,2957,2858,2929,2930
13324,2929,3001,2930,2910
13325,2930,2982,2912,2910
13326,2982,2912,2883,2955
13327,2912,2984,2886,2955
13328,2955,2958,2886,2956
13329,2958,2887,2956,2959
13330,2983,2913,2885,2957
13331,2913,2985,2888,2957
13332,2957,2960,2888,2930
13333,2960,2859,2930,2931
13334,2930,3002,2931,2912
13335,2931,2984,2914,2912
13336,2984,2914,2886,2958
13337,2914,2986,2889,2958
13338,2958,2961,2889,2959
13339,2961,2890,2959,2962
13340,2985,2915,2888,2960
13341,2915,2987,2891,2960
13342,2960,2963,2891,2931
13343,2963,2860,2931,2932
13344,2931,3003,2932,2914
13345,2932,2986,2916,2914
13346,2986,2916,2889,2961
13347,2916,2988,2892,2961
13348,2961,2964,2892,2962
13349,2964,2893,2962,2965
13350,2987,2917,2891,2963
13351,2917,2989,2894,2963
13352,2963,2966,2894,2932
13353,2966,2861,2932,2933
13354,2932,3004,2933,2916
13355,2933,2988,2918,2916
13356,2988,2918,2892,2964
13357,2918,2990,2895,2964
13358,2964,2967,2895,2965
13359,2967,2896,2965,2968
13360,2989,2919,2894,2966
13361,2919,2991,2897,2966
13362,2966,2969,2897,2933
13363,2969,2862,2933,2934
13364,2933,3005,2934,2918
13365,2934,2990,2920,2918
13366,2990,2920,2895,2967
13367,2920,2992,2898,2967
13368,2967,2970,2898,2968
13369,2970,2899,2968,2971
13370,2991,2921,2897,2969
13371,2921,2993,2900,2969
13372,2969,2972,2900,2934
13373,2972,2863,2934,2935
13374,2934,3006,2935,2920
13375,2935,2992,2922,2920
13376,2992,2922,2898,2970
13377,2922,2994,2901,2970
13378,2970,2973,2901,2971
13379,2973,2902,2971,2974
13380,2993,2924,2900,2972
13381,2924,2996,2905,2972
13382,2972,2977,2905,2935
13383,2977,2872,2935,2944
13384,2935,3007,2944,2922
13385,2944,2994,2926,2922
13386,2994,2926,2901,2973
13387,2926,2998,2907,2973
13388,2973,2979,2907,2974
13389,2979,2927,2974,2999
13390,2937,3008,2936,2938
13391,2975,2937,2867,2939
13392,2937,3009,2938,2939
13393,2939,3010,2938,2940
13394,2923,2995,2975,2904
13395,2975,2976,2939,2904
13396,2976,2939,2869,2941
13397,2939,3011,2940,2941
13398,2941,3012,2940,2942
13399,2943,2995,2923,2925
13400,2995,2904,2925,2976
13401,2925,2997,2976,2906
13402,2976,2978,2941,2906
13403,2978,2941,2873,2945
13404,2941,3013,2942,2945
13405,2945,3014,2942,2946
13406,2996,2943,2905,2977
13407,2943,3015,2925,2977
13408,2977,2997,2925,2944
13409,2997,2906,2944,2978
13410,2944,3016,2978,2926
13411,2978,2998,2945,2926
13412,2998,2945,2907,2979
13413,2945,3017,2946,2979
13414,2979,3018,2946,2999
13415,2948,3019,2949,2947
13416,2980,2878,2948,2950
13417,2948,3020,2950,2949
13418,2950,3021,2951,2949
13419,2928,3000,2909,2980
13420,2980,2981,2909,2950
13421,2981,2880,2950,2952
13422,2950,3022,2952,2951
13423,2952,3023,2953,2951
13424,2954,3000,2929,2928
13425,3000,2929,2909,2981
13426,2929,3001,2910,2981
13427,2981,2982,2910,2952
13428,2982,2883,2952,2955
13429,2952,3024,2955,2953
13430,2955,3025,2956,2953
13431,2983,2885,2954,2957
13432,2954,3026,2957,2929
13433,2957,3001,2930,2929
13434,3001,2930,2910,2982
13435,2930,3002,2912,2982
13436,2982,2984,2912,2955
13437,2984,2886,2955,2958
13438,2955,3027,2958,2956
13439,2958,3028,2959,2956
13440,2983,2985,2913,2957
13441,2985,2888,2957,2960
13442,2957,3029,2960,2930
13443,2960,3002,2931,2930
13444,3002,2931,2912,2984
13445,2931,3003,2914,2984
13446,2984,2986,2914,2958
13447,2986,2889,2958,2961
13448,2958,3030,2961,2959
13449,2961,3031,2962,2959
13450,2985,2987,2915,2960
13451,2987,2891,2960,2963
13452,2960,3032,2963,2931
13453,2963,3003,2932,2931
13454,3003,2932,2914,2986
13455,2932,3004,2916,2986
13456,2986,2988,2916,2961
13457,2988,2892,2961,2964
13458,2961,3033,2964,2962
13459,2964,3034,2965,2962
13460,2987,2989,2917,2963
13461,2989,2894,2963,2966
13462,2963,3035,2966,2932
13463,2966,3004,2933,2932
13464,3004,2933,2916,2988
13465,2933,3005,2918,2988
13466,2988,2990,2918,2964
13467,2990,2895,2964,2967
13468,2964,3036,2967,2965
13469,2967,3037,2968,2965
13470,2989,2991,2919,2966
13471,2991,2897,2966,2969
13472,2966,3038,2969,2933
13473,2969,3005,2934,2933
13474,3005,2934,2918,2990
13475,2934,3006,2920,2990
13476,2990,2992,2920,2967
13477,2992,2898,2967,2970
13478,2967,3039,2970,2968
13479,2970,3040,2971,2968
13480,2991,2993,2921,2969
13481,2993,2900,2969,2972
13482,2969,3041,2972,2934
13483,2972,3006,2935,2934
13484,3006,2935,2920,2992
13485,2935,3007,2922,2992
13486,2992,2994,2922,2970
13487,2994,2901,2970,2973
13488,2970,3042,2973,2971
13489,2973,3043,2974,2971
13490,2993,2996,2924,2972
13491,2996,2905,2972,2977
13492,2972,3044,2977,2935
13493,2977,3007,2944,2935
13494,3007,2944,2922,2994
13495,2944,3016,2926,2994
13496,2994,2998,2926,2973
13497,2998,2907,2973,2979
13498,2973,3045,2979,2974
13499,2979,3046,2999,2974
13500,2937,3009,3008,2938
13501,2975,3009,2937,2939
13502,3009,2938,2939,3010
13503,2939,3011,3010,2940
13504,2995,2975,2904,2976
13505,2975,3047,2939,2976
13506,2976,3011,2939,2941
13507,3011,2940,2941,3012
13508,2941,3013,3012,2942
13509,2943,3015,2995,2925
13510,2995,2997,2976,2925
13511,2997,2976,2906,2978
13512,2976,3048,2941,2978
13513,2978,3013,2941,2945
13514,3013,2942,2945,3014
13515,2945,3017,3014,2946
13516,2996,3015,2943,2977
13517,3015,2925,2977,2997
13518,2977,3049,2997,2944
13519,2997,3016,2978,2944
13520,3016,2978,2926,2998
13521,2978,3050,2945,2998
13522,2998,3017,2945,2979
13523,3017,2946,2979,3018
13524,2979,3051,3018,2999
13525,2948,3020,2949,3019
13526,2980,3020,2950,2948
13527,3020,2950,2949,3021
13528,2950,3022,2951,3021
13529,3000,2909,2980,2981
13530,2980,3052,2981,2950
13531,2981,3022,2952,2950
13532,3022,2952,2951,3023
13533,2952,3024,2953,3023
13534,2954,3026,2929,3000
13535,3000,3001,2929,2981
13536,3001,2910,2981,2982
13537,2981,3053,2982,2952
13538,2982,3024,2955,2952
13539,3024,2955,2953,3025
13540,2955,3027,2956,3025
13541,2983,3026,2957,2954
13542,3026,2957,2929,3001
13543,2957,3029,2930,3001
13544,3001,3002,2930,2982
13545,3002,2912,2982,2984
13546,2982,3054,2984,2955
13547,2984,3027,2958,2955
13548,3027,2958,2956,3028
13549,2958,3030,2959,3028
13550,2983,3055,2985,2957
13551,2985,3029,2960,2957
13552,3029,2960,2930,3002
13553,2960,3032,2931,3002
13554,3002,3003,2931,2984
13555,3003,2914,2984,2986
13556,2984,3056,2986,2958
13557,2986,3030,2961,2958
13558,3030,2961,2959,3031
13559,2961,3033,2962,3031
13560,2985,3057,2987,2960
13561,2987,3032,2963,2960
13562,3032,2963,2931,3003
13563,2963,3035,2932,3003
13564,3003,3004,2932,2986
13565,3004,2916,2986,2988
13566,2986,3058,2988,2961
13567,2988,3033,2964,2961
13568,3033,2964,2962,3034
13569,2964,3036,2965,3034
13570,2987,3059,2989,2963
13571,2989,3035,2966,2963
13572,3035,2966,2932,3004
13573,2966,3038,2933,3004
13574,3004,3005,2933,2988
13575,3005,2918,2988,2990
13576,2988,3060,2990,2964
13577,2990,3036,2967,2964
13578,3036,2967,2965,3037
13579,2967,3039,2968,3037
13580,2989,3061,2991,2966
13581,2991,3038,2969,2966
13582,3038,2969,2933,3005
13583,2969,3041,2934,3005
13584,3005,3006,2934,2990
13585,3006,2920,2990,2992
13586,2990,3062,2992,2967
13587,2992,3039,2970,2967
13588,3039,2970,2968,3040
13589,2970,3042,2971,3040
13590,2991,3063,2993,2969
13591,2993,3041,2972,2969
13592,3041,2972,2934,3006
13593,2972,3044,2935,3006
13594,3006,3007,2935,2992
13595,3007,2922,2992,2994
13596,2992,3064,2994,2970
13597,2994,3042,2973,2970
13598,3042,2973,2971,3043
13599,2973,3045,2974,3043
13600,2993,3065,2996,2972
13601,2996,3044,2977,2972
13602,3044,2977,2935,3007
13603,2977,3049,2944,3007
13604,3007,3016,2944,2994
13605,3016,2926,2994,2998
13606,2994,3066,2998,2973
13607,2998,3045,2979,2973
13608,3045,2979,2974,3046
13609,2979,3051,2999,3046
13610,3009,3008,2938,3010
13611,2975,3047,3009,2939
13612,3009,3011,3010,2939
13613,3011,3010,2940,3012
13614,2995,3047,2975,2976
13615,3047,2939,2976,3011
13616,2976,3048,3011,2941
13617,3011,3013,3012,2941
13618,3013,3012,2942,3014
13619,3015,2995,2925,2997
13620,2995,3067,2976,2997
13621,2997,3048,2976,2978
13622,3048,2941,2978,3013
13623,2978,3050,3013,2945
13624,3013,3017,3014,2945
13625,3017,3014,2946,3018
13626,2996,3068,3015,2977
13627,3015,3049,2997,2977
13628,3049,2997,2944,3016
13629,2997,3069,2978,3016
13630,3016,3050,2978,2998
13631,3050,2945,2998,3017
13632,2998,3070,3017,2979
13633,3017,3051,3018,2979
13634,3020,2949,3019,3021
13635,2980,3052,2950,3020
13636,3020,3022,2950,3021
13637,3022,2951,3021,3023
13638,3000,3052,2981,2980
13639,3052,2981,2950,3022
13640,2981,3053,2952,3022
13641,3022,3024,2952,3023
13642,3024,2953,3023,3025
13643,3026,2929,3000,3001
13644,3000,3071,3001,2981
13645,3001,3053,2982,2981
13646,3053,2982,2952,3024
13647,2982,3054,2955,3024
13648,3024,3027,2955,3025
13649,3027,2956,3025,3028
13650,2983,3055,2957,3026
13651,3026,3029,2957,3001
13652,3029,2930,3001,3002
13653,3001,3072,3002,2982
13654,3002,3054,2984,2982
13655,3054,2984,2955,3027
13656,2984,3056,2958,3027
13657,3027,3030,2958,3028
13658,3030,2959,3028,3031
13659,3055,2985,2957,3029
13660,2985,3057,2960,3029
13661,3029,3032,2960,3002
13662,3032,2931,3002,3003
13663,3002,3073,3003,2984
13664,3003,3056,2986,2984
13665,3056,2986,2958,3030
13666,2986,3058,2961,3030
13667,3030,3033,2961,3031
13668,3033,2962,3031,3034
13669,3057,2987,2960,3032
13670,2987,3059,2963,3032
13671,3032,3035,2963,3003
13672,3035,2932,3003,3004
13673,3003,3074,3004,2986
13674,3004,3058,2988,2986
13675,3058,2988,2961,3033
13676,2988,3060,2964,3033
13677,3033,3036,2964,3034
13678,3036,2965,3034,3037
13679,3059,2989,2963,3035
13680,2989,3061,2966,3035
13681,3035,3038,2966,3004
13682,3038,2933,3004,3005
13683,3004,3075,3005,2988
13684,3005,3060,2990,2988
13685,3060,2990,2964,3036
13686,2990,3062,2967,3036
13687,3036,3039,2967,3037
13688,3039,2968,3037,3040
13689,3061,2991,2966,3038
13690,2991,3063,2969,3038
13691,3038,3041,2969,3005
13692,3041,2934,3005,3006
13693,3005,3076,3006,2990
13694,3006,3062,2992,2990
13695,3062,2992,2967,3039
13696,2992,3064,2970,3039
13697,3039,3042,2970,3040
13698,3042,2971,3040,3043
13699,3063,2993,2969,3041
13700,2993,3065,2972,3041
13701,3041,3044,2972,3006
13702,3044,2935,3006,3007
13703,3006,3077,3007,2992
13704,3007,3064,2994,2992
13705,3064,2994,2970,3042
13706,2994,3066,2973,3042
13707,3042,3045,2973,3043
13708,3045,2974,3043,3046
13709,3065,2996,2972,3044
13710,2996,3068,2977,3044
13711,3044,3049,2977,3007
13712,3049,2944,3007,3016
13713,3007,3078,3016,2994
13714,3016,3066,2998,2994
13715,3066,2998,2973,3045
13716,2998,3070,2979,3045
13717,3045,3051,2979,3046
13718,3009,3079,3008,3010
13719,3047,3009,2939,3011
13720,3009,3080,3010,3011
13721,3011,3081,3010,3012
13722,2995,3067,3047,2976
13723,3047,3048,3011,2976
13724,3048,3011,2941,3013
13725,3011,3082,3012,3013
13726,3013,3083,3012,3014
13727,3015,3067,2995,2997
13728,3067,2976,2997,3048
13729,2997,3069,3048,2978
13730,3048,3050,3013,2978
13731,3050,3013,2945,3017
13732,3013,3084,3014,3017
13733,3017,3085,3014,3018
13734,3068,3015,2977,3049
13735,3015,3086,2997,3049
13736,3049,3069,2997,3016
13737,3069,2978,3016,3050
13738,3016,3087,3050,2998
13739,3050,3070,3017,2998
13740,3070,3017,2979,3051
13741,3017,3088,3018,3051
13742,3020,3089,3021,3019
13743,3052,2950,3020,3022
13744,3020,3090,3022,3021
13745,3022,3091,3023,3021
13746,3000,3071,2981,3052
13747,3052,3053,2981,3022
13748,3053,2952,3022,3024
13749,3022,3092,3024,3023
13750,3024,3093,3025,3023
13751,3026,3071,3001,3000
13752,3071,3001,2981,3053
13753,3001,3072,2982,3053
13754,3053,3054,2982,3024
13755,3054,2955,3024,3027
13756,3024,3094,3027,3025
13757,3027,3095,3028,3025
13758,3055,2957,3026,3029
13759,3026,3096,3029,3001
13760,3029,3072,3002,3001
13761,3072,3002,2982,3054
13762,3002,3073,2984,3054
13763,3054,3056,2984,3027
13764,3056,2958,3027,3030
13765,3027,3097,3030,3028
13766,3030,3098,3031,3028
13767,3055,3057,2985,3029
13768,3057,2960,3029,3032
13769,3029,3099,3032,3002
13770,3032,3073,3003,3002
13771,3073,3003,2984,3056
13772,3003,3074,2986,3056
13773,3056,3058,2986,3030
13774,3058,2961,3030,3033
13775,3030,3100,3033,3031
13776,3033,3101,3034,3031
13777,3057,3059,2987,3032
13778,3059,2963,3032,3035
13779,3032,3102,3035,3003
13780,3035,3074,3004,3003
13781,3074,3004,2986,3058
13782,3004,3075,2988,3058
13783,3058,3060,2988,3033
13784,3060,2964,3033,3036
13785,3033,3103,3036,3034
13786,3036,3104,3037,3034
13787,3059,3061,2989,3035
13788,3061,2966,3035,3038
13789,3035,3105,3038,3004
13790,3038,3075,3005,3004
13791,3075,3005,2988,3060
13792,3005,3076,2990,3060
13793,3060,3062,2990,3036
13794,3062,2967,3036,3039
13795,3036,3106,3039,3037
13796,3039,3107,3040,3037
13797,3061,3063,2991,3038
13798,3063,2969,3038,3041
13799,3038,3108,3041,3005
13800,3041,3076,3006,3005
13801,3076,3006,2990,3062
13802,3006,3077,2992,3062
13803,3062,3064,2992,3039
13804,3064,2970,3039,3042
13805,3039,3109,3042,3040
13806,3042,3110,3043,3040
13807,3063,3065,2993,3041
13808,3065,2972,3041,3044
13809,3041,3111,3044,3006
13810,3044,3077,3007,3006
13811,3077,3007,2992,3064
13812,3007,3078,2994,3064
13813,3064,3066,2994,3042
13814,3066,2973,3042,3045
13815,3042,3112,3045,3043
13816,3045,3113,3046,3043
13817,3065,3068,2996,3044
13818,3068,2977,3044,3049
13819,3044,3114,3049,3007
13820,3049,3078,3016,3007
13821,3078,3016,2994,3066
13822,3016,3087,2998,3066
13823,3066,3070,2998,3045
13824,3070,2979,3045,3051
13825,3045,3115,3051,3046
13826,3009,3080,3079,3010
13827,3047,3080,3009,3011
13828,3080,3010,3011,3081
13829,3011,3082,3081,3012
13830,3067,3047,2976,3048
13831,3047,3116,3011,3048
13832,3048,3082,3011,3013
13833,3082,3012,3013,3083
13834,3013,3084,3083,3014
13835,3015,3086,3067,2997
13836,3067,3069,3048,2997
13837,3069,3048,2978,3050
13838,3048,3117,3013,3050
13839,3050,3084,3013,3017
13840,3084,3014,3017,3085
13841,3017,3088,3085,3018
13842,3068,3086,3015,3049
13843,3086,2997,3049,3069
13844,3049,3118,3069,3016
13845,3069,3087,3050,3016
13846,3087,3050,2998,3070
13847,3050,3119,3017,3070
13848,3070,3088,3017,3051
13849,3020,3090,3021,3089
13850,3052,3090,3022,3020
13851,3090,3022,3021,3091
13852,3022,3092,3023,3091
13853,3071,2981,3052,3053
13854,3052,3120,3053,3022
13855,3053,3092,3024,3022
13856,3092,3024,3023,3093
13857,3024,3094,3025,3093
13858,3026,3096,3001,3071
13859,3071,3072,3001,3053
13860,3072,2982,3053,3054
13861,3053,3121,3054,3024
13862,3054,3094,3027,3024
13863,3094,3027,3025,3095
13864,3027,3097,3028,3095
13865,3055,3096,3029,3026
13866,3096,3029,3001,3072
13867,3029,3099,3002,3072
13868,3072,3073,3002,3054
13869,3073,2984,3054,3056
13870,3054,3122,3056,3027
13871,3056,3097,3030,3027
13872,3097,3030,3028,3098
13873,3030,3100,3031,3098
13874,3055,3123,3057,3029
13875,3057,3099,3032,3029
13876,3099,3032,3002,3073
13877,3032,3102,3003,3073
13878,3073,3074,3003,3056
13879,3074,2986,3056,3058
13880,3056,3124,3058,3030
13881,3058,3100,3033,3030
13882,3100,3033,3031,3101
13883,3033,3103,3034,3101
13884,3057,3125,3059,3032
13885,3059,3102,3035,3032
13886,3102,3035,3003,3074
13887,3035,3105,3004,3074
13888,3074,3075,3004,3058
13889,3075,2988,3058,3060
13890,3058,3126,3060,3033
13891,3060,3103,3036,3033
13892,3103,3036,3034,3104
13893,3036,3106,3037,3104
13894,3059,3127,3061,3035
13895,3061,3105,3038,3035
13896,3105,3038,3004,3075
13897,3038,3108,3005,3075
13898,3075,3076,3005,3060
13899,3076,2990,3060,3062
13900,3060,3128,3062,3036
13901,3062,3106,3039,3036
13902,3106,3039,3037,3107
13903,3039,3109,3040,3107
13904,3061,3129,3063,3038
13905,3063,3108,3041,3038
13906,3108,3041,3005,3076
13907,3041,3111,3006,3076
13908,3076,3077,3006,3062
13909,3077,2992,3062,3064
13910,3062,3130,3064,3039
13911,3064,3109,3042,3039
13912,3109,3042,3040,3110
13913,3042,3112,3043,3110
13914,3063,3131,3065,3041
13915,3065,3111,3044,3041
13916,3111,3044,3006,3077
13917,3044,3114,3007,3077
13918,3077,3078,3007,3064
13919,3078,2994,3064,3066
13920,3064,3132,3066,3042
13921,3066,3112,3045,3042
13922,3112,3045,3043,3113
13923,3045,3115,3046,3113
13924,3065,3133,3068,3044
13925,3068,3114,3049,3044
13926,3114,3049,3007,3078
13927,3049,3118,3016,3078
13928,3078,3087,3016,3066
13929,3087,2998,3066,3070
13930,3066,3134,3070,3045
13931,3070,3115,3051,3045
13932,3080,3079,3010,3081
13933,3047,3116,3080,3011
13934,3080,3082,3081,3011
13935,3082,3081,3012,3083
13936,3067,3116,3047,3048
13937,3116,3011,3048,3082
13938,3048,3117,3082,3013
13939,3082,3084,3083,3013
13940,3084,3083,3014,3085
13941,3086,3067,2997,3069
13942,3067,3135,3048,3069
13943,3069,3117,3048,3050
13944,3117,3013,3050,3084
13945,3050,3119,3084,3017
13946,3084,3088,3085,3017
13947,3068,3136,3086,3049
13948,3086,3118,3069,3049
13949,3118,3069,3016,3087
13950,3069,3137,3050,3087
13951,3087,3119,3050,3070
13952,3119,3017,3070,3088
13953,3070,3138,3088,3051
13954,3090,3021,3089,3091
13955,3052,3120,3022,3090
13956,3090,3092,3022,3091
13957,3092,3023,3091,3093
13958,3071,3120,3053,3052
13959,3120,3053,3022,3092
13960,3053,3121,3024,3092
13961,3092,3094,3024,3093
13962,3094,3025,3093,3095
13963,3096,3001,3071,3072
13964,3071,3139,3072,3053
13965,3072,3121,3054,3053
13966,3121,3054,3024,3094
13967,3054,3122,3027,3094
13968,3094,3097,3027,3095
13969,3097,3028,3095,3098
13970,3055,3123,3029,3096
13971,3096,3099,3029,3072
13972,3099,3002,3072,3073
13973,3072,3140,3073,3054
13974,3073,3122,3056,3054
13975,3122,3056,3027,3097
13976,3056,3124,3030,3097
13977,3097,3100,3030,3098
13978,3100,3031,3098,3101
13979,3123,3057,3029,3099
13980,3057,3125,3032,3099
13981,3099,3102,3032,3073
13982,3102,3003,3073,3074
13983,3073,3141,3074,3056
13984,3074,3124,3058,3056
13985,3124,3058,3030,3100
13986,3058,3126,3033,3100
13987,3100,3103,3033,3101
13988,3103,3034,3101,3104
13989,3125,3059,3032,3102
13990,3059,3127,3035,3102
13991,3102,3105,3035,3074
13992,3105,3004,3074,3075
13993,3074,3142,3075,3058
13994,3075,3126,3060,3058
13995,3126,3060,3033,3103
13996,3060,3128,3036,3103
13997,3103,3106,3036,3104
13998,3106,3037,3104,3107
13999,3127,3061,3035,3105
14000,3061,3129,3038,3105
14001,3105,3108,3038,3075
14002,3108,3005,3075,3076
14003,3075,3143,3076,3060
14004,3076,3128,3062,3060
14005,3128,3062,3036,3106
14006,3062,3130,3039,3106
14007,3106,3109,3039,3107
14008,3109,3040,3107,3110
14009,3129,3063,3038,3108
14010,3063,3131,3041,3108
14011,3108,3111,3041,3076
14012,3111,3006,3076,3077
14013,3076,3144,3077,3062
14014,3077,3130,3064,3062
14015,3130,3064,3039,3109
14016,3064,3132,3042,3109
14017,3109,3112,3042,3110
14018,3112,3043,3110,3113
14019,3131,3065,3041,3111
14020,3065,3133,3044,3111
14021,3111,3114,3044,3077
14022,3114,3007,3077,3078
14023,3077,3145,3078,3064
14024,3078,3132,3066,3064
14025,3132,3066,3042,3112
14026,3066,3134,3045,3112
14027,3112,3115,3045,3113
14028,3133,3068,3044,3114
14029,3068,3136,3049,3114
14030,3114,3118,3049,3078
14031,3118,3016,3078,3087
14032,3078,3146,3087,3066
14033,3087,3134,3070,3066
14034,3134,3070,3045,3115
14035,3070,3138,3051,3115
14036,3080,3147,3079,3081
14037,3116,3080,3011,3082
14038,3080,3148,3081,3082
14039,3082,3149,3081,3083
14040,3067,3135,3116,3048
14041,3116,3117,3082,3048
14042,3117,3082,3013,3084
14043,3082,3150,3083,3084
14044,3084,3151,3083,3085
14045,3086,3135,3067,3069
14046,3135,3048,3069,3117
14047,3069,3137,3117,3050
14048,3117,3119,3084,3050
14049,3119,3084,3017,3088
14050,3084,3152,3085,3088
14051,3136,3086,3049,3118
14052,3086,3153,3069,3118
14053,3118,3137,3069,3087
14054,3137,3050,3087,3119
14055,3087,3154,3119,3070
14056,3119,3138,3088,3070
14057,3090,3155,3091,3089
14058,3120,3022,3090,3092
14059,3090,3156,3092,3091
14060,3092,3157,3093,3091
14061,3071,3139,3053,3120
14062,3120,3121,3053,3092
14063,3121,3024,3092,3094
14064,3092,3158,3094,3093
14065,3094,3159,3095,3093
14066,3096,3139,3072,3071
14067,3139,3072,3053,3121
14068,3072,3140,3054,3121
14069,3121,3122,3054,3094
14070,3122,3027,3094,3097
14071,3094,3160,3097,3095
14072,3097,3161,3098,3095
14073,3123,3029,3096,3099
14074,3096,3162,3099,3072
14075,3099,3140,3073,3072
14076,3140,3073,3054,3122
14077,3073,3141,3056,3122
14078,3122,3124,3056,3097
14079,3124,3030,3097,3100
14080,3097,3163,3100,3098
14081,3100,3164,3101,3098
14082,3123,3125,3057,3099
14083,3125,3032,3099,3102
14084,3099,3165,3102,3073
14085,3102,3141,3074,3073
14086,3141,3074,3056,3124
14087,3074,3142,3058,3124
14088,3124,3126,3058,3100
14089,3126,3033,3100,3103
14090,3100,3166,3103,3101
14091,3103,3167,3104,3101
14092,3125,3127,3059,3102
14093,3127,3035,3102,3105
14094,3102,3168,3105,3074
14095,3105,3142,3075,3074
14096,3142,3075,3058,3126
14097,3075,3143,3060,3126
14098,3126,3128,3060,3103
14099,3128,3036,3103,3106
14100,3103,3169,3106,3104
14101,3106,3170,3107,3104
14102,3127,3129,3061,3105
14103,3129,3038,3105,3108
14104,3105,3171,3108,3075
14105,3108,3143,3076,3075
14106,3143,3076,3060,3128
14107,3076,3144,3062,3128
14108,3128,3130,3062,3106
14109,3130,3039,3106,3109
14110,3106,3172,3109,3107
14111,3109,3173,3110,3107
14112,3129,3131,3063,3108
14113,3131,3041,3108,3111
14114,3108,3174,3111,3076
14115,3111,3144,3077,3076
14116,3144,3077,3062,3130
14117,3077,3145,3064,3130
14118,3130,3132,3064,3109
14119,3132,3042,3109,3112
14120,3109,3175,3112,3110
14121,3112,3176,3113,3110
14122,3131,3133,3065,3111
14123,3133,3044,3111,3114
14124,3111,3177,3114,3077
14125,3114,3145,3078,3077
14126,3145,3078,3064,3132
14127,3078,3146,3066,3132
14128,3132,3134,3066,3112
14129,3134,3045,3112,3115
14130,3112,3178,3115,3113
14131,3133,3136,3068,3114
14132,3136,3049,3114,3118
14133,3114,3179,3118,3078
14134,3118,3146,3087,3078
14135,3146,3087,3066,3134
14136,3087,3154,3070,3134
14137,3134,3138,3070,3115
14138,3080,3148,3147,3081
14139,3116,3148,3080,3082
14140,3148,3081,3082,3149
14141,3082,3150,3149,3083
14142,3135,3116,3048,3117
14143,3116,3180,3082,3117
14144,3117,3150,3082,3084
14145,3150,3083,3084,3151
14146,3084,3152,3151,3085
14147,3086,3153,3135,3069
14148,3135,3137,3117,3069
14149,3137,3117,3050,3119
14150,3117,3181,3084,3119
14151,3119,3152,3084,3088
14152,3136,3153,3086,3118
14153,3153,3069,3118,3137
14154,3118,3182,3137,3087
14155,3137,3154,3119,3087
14156,3154,3119,3070,3138
14157,3119,3183,3088,3138
14158,3090,3156,3091,3155
14159,3120,3156,3092,3090
14160,3156,3092,3091,3157
14161,3092,3158,3093,3157
14162,3139,3053,3120,3121
14163,3120,3184,3121,3092
14164,3121,3158,3094,3092
14165,3158,3094,3093,3159
14166,3094,3160,3095,3159
14167,3096,3162,3072,3139
14168,3139,3140,3072,3121
14169,3140,3054,3121,3122
14170,3121,3185,3122,3094
14171,3122,3160,3097,3094
14172,3160,3097,3095,3161
14173,3097,3163,3098,3161
14174,3123,3162,3099,3096
14175,3162,3099,3072,3140
14176,3099,3165,3073,3140
14177,3140,3141,3073,3122
14178,3141,3056,3122,3124
14179,3122,3186,3124,3097
14180,3124,3163,3100,3097
14181,3163,3100,3098,3164
14182,3100,3166,3101,3164
14183,3123,3187,3125,3099
14184,3125,3165,3102,3099
14185,3165,3102,3073,3141
14186,3102,3168,3074,3141
14187,3141,3142,3074,3124
14188,3142,3058,3124,3126
14189,3124,3188,3126,3100
14190,3126,3166,3103,3100
14191,3166,3103,3101,3167
14192,3103,3169,3104,3167
14193,3125,3189,3127,3102
14194,3127,3168,3105,3102
14195,3168,3105,3074,3142
14196,3105,3171,3075,3142
14197,3142,3143,3075,3126
14198,3143,3060,3126,3128
14199,3126,3190,3128,3103
14200,3128,3169,3106,3103
14201,3169,3106,3104,3170
14202,3106,3172,3107,3170
14203,3127,3191,3129,3105
14204,3129,3171,3108,3105
14205,3171,3108,3075,3143
14206,3108,3174,3076,3143
14207,3143,3144,3076,3128
14208,3144,3062,3128,3130
14209,3128,3192,3130,3106
14210,3130,3172,3109,3106
14211,3172,3109,3107,3173
14212,3109,3175,3110,3173
14213,3129,3193,3131,3108
14214,3131,3174,3111,3108
14215,3174,3111,3076,3144
14216,3111,3177,3077,3144
14217,3144,3145,3077,3130
14218,3145,3064,3130,3132
14219,3130,3194,3132,3109
14220,3132,3175,3112,3109
14221,3175,3112,3110,3176
14222,3112,3178,3113,3176
14223,3131,3195,3133,3111
14224,3133,3177,3114,3111
14225,3177,3114,3077,3145
14226,3114,3179,3078,3145
14227,3145,3146,3078,3132
14228,3146,3066,3132,3134
14229,3132,3196,3134,3112
14230,3134,3178,3115,3112
14231,3133,3197,3136,3114
14232,3136,3179,3118,3114
14233,3179,3118,3078,3146
14234,3118,3182,3087,3146
14235,3146,3154,3087,3134
14236,3154,3070,3134,3138
14237,3134,3198,3138,3115
14238,3148,3147,3081,3149
14239,3116,3180,3148,3082
14240,3148,3150,3149,3082
14241,3150,3149,3083,3151
14242,3135,3180,3116,3117
14243,3180,3082,3117,3150
14244,3117,3181,3150,3084
14245,3150,3152,3151,3084
14246,3153,3135,3069,3137
14247,3135,3199,3117,3137
14248,3137,3181,3117,3119
14249,3181,3084,3119,3152
14250,3119,3183,3152,3088
14251,3136,3200,3153,3118
14252,3153,3182,3137,3118
14253,3182,3137,3087,3154
14254,3137,3201,3119,3154
14255,3154,3183,3119,3138
14256,3156,3091,3155,3157
14257,3120,3184,3092,3156
14258,3156,3158,3092,3157
14259,3158,3093,3157,3159
14260,3139,3184,3121,3120
14261,3184,3121,3092,3158
14262,3121,3185,3094,3158
14263,3158,3160,3094,3159
14264,3160,3095,3159,3161
14265,3162,3072,3139,3140
14266,3139,3202,3140,3121
14267,3140,3185,3122,3121
14268,3185,3122,3094,3160
14269,3122,3186,3097,3160
14270,3160,3163,3097,3161
14271,3163,3098,3161,3164
14272,3123,3187,3099,3162
14273,3162,3165,3099,3140
14274,3165,3073,3140,3141
14275,3140,3203,3141,3122
14276,3141,3186,3124,3122
14277,3186,3124,3097,3163
14278,3124,3188,3100,3163
14279,3163,3166,3100,3164
14280,3166,3101,3164,3167
14281,3187,3125,3099,3165
14282,3125,3189,3102,3165
14283,3165,3168,3102,3141
14284,3168,3074,3141,3142
14285,3141,3204,3142,3124
14286,3142,3188,3126,3124
14287,3188,3126,3100,3166
14288,3126,3190,3103,3166
14289,3166,3169,3103,3167
14290,3169,3104,3167,3170
14291,3189,3127,3102,3168
14292,3127,3191,3105,3168
14293,3168,3171,3105,3142
14294,3171,3075,3142,3143
14295,3142,3205,3143,3126
14296,3143,3190,3128,3126
14297,3190,3128,3103,3169
14298,3128,3192,3106,3169
14299,3169,3172,3106,3170
14300,3172,3107,3170,3173
14301,3191,3129,3105,3171
14302,3129,3193,3108,3171
14303,3171,3174,3108,3143
14304,3174,3076,3143,3144
14305,3143,3206,3144,3128
14306,3144,3192,3130,3128
14307,3192,3130,3106,3172
14308,3130,3194,3109,3172
14309,3172,3175,3109,3173
14310,3175,3110,3173,3176
14311,3193,3131,3108,3174
14312,3131,3195,3111,3174
14313,3174,3177,3111,3144
14314,3177,3077,3144,3145
14315,3144,3207,3145,3130
14316,3145,3194,3132,3130
14317,3194,3132,3109,3175
14318,3132,3196,3112,3175
14319,3175,3178,3112,3176
14320,3195,3133,3111,3177
14321,3133,3197,3114,3177
14322,3177,3179,3114,3145
14323,3179,3078,3145,3146
14324,3145,3208,3146,3132
14325,3146,3196,3134,3132
14326,3196,3134,3112,3178
14327,3134,3198,3115,3178
14328,3197,3136,3114,3179
14329,3136,3200,3118,3179
14330,3179,3182,3118,3146
14331,3182,3087,3146,3154
14332,3146,3209,3154,3134
14333,3154,3198,3138,3134
14334,3148,3210,3147,3149
14335,3180,3148,3082,3150
14336,3148,3211,3149,3150
14337,3150,3212,3149,3151
14338,3135,3199,3180,3117
14339,3180,3181,3150,3117
14340,3181,3150,3084,3152
14341,3150,3213,3151,3152
14342,3153,3199,3135,3137
14343,3199,3117,3137,3181
14344,3137,3201,3181,3119
14345,3181,3183,3152,3119
14346,3200,3153,3118,3182
14347,3153,3214,3137,3182
14348,3182,3201,3137,3154
14349,3201,3119,3154,3183
14350,3154,3215,3183,3138
14351,3156,3216,3157,3155
14352,3184,3092,3156,3158
14353,3156,3217,3158,3157
14354,3158,3218,3159,3157
14355,3139,3202,3121,3184
14356,3184,3185,3121,3158
14357,3185,3094,3158,3160
14358,3158,3219,3160,3159
14359,3160,3220,3161,3159
14360,3162,3202,3140,3139
14361,3202,3140,3121,3185
14362,3140,3203,3122,3185
14363,3185,3186,3122,3160
14364,3186,3097,3160,3163
14365,3160,3221,3163,3161
14366,3163,3222,3164,3161
14367,3187,3099,3162,3165
14368,3162,3223,3165,3140
14369,3165,3203,3141,3140
14370,3203,3141,3122,3186
14371,3141,3204,3124,3186
14372,3186,3188,3124,3163
14373,3188,3100,3163,3166
14374,3163,3224,3166,3164
14375,3166,3225,3167,3164
14376,3187,3189,3125,3165
14377,3189,3102,3165,3168
14378,3165,3226,3168,3141
14379,3168,3204,3142,3141
14380,3204,3142,3124,3188
14381,3142,3205,3126,3188
14382,3188,3190,3126,3166
14383,3190,3103,3166,3169
14384,3166,3227,3169,3167
14385,3169,3228,3170,3167
14386,3189,3191,3127,3168
14387,3191,3105,3168,3171
14388,3168,3229,3171,3142
14389,3171,3205,3143,3142
14390,3205,3143,3126,3190
14391,3143,3206,3128,3190
14392,3190,3192,3128,3169
14393,3192,3106,3169,3172
14394,3169,3230,3172,3170
14395,3172,3231,3173,3170
14396,3191,3193,3129,3171
14397,3193,3108,3171,3174
14398,3171,3232,3174,3143
14399,3174,3206,3144,3143
14400,3206,3144,3128,3192
14401,3144,3207,3130,3192
14402,3192,3194,3130,3172
14403,3194,3109,3172,3175
14404,3172,3233,3175,3173
14405,3175,3234,3176,3173
14406,3193,3195,3131,3174
14407,3195,3111,3174,3177
14408,3174,3235,3177,3144
14409,3177,3207,3145,3144
14410,3207,3145,3130,3194
14411,3145,3208,3132,3194
14412,3194,3196,3132,3175
14413,3196,3112,3175,3178
14414,3175,3236,3178,3176
14415,3195,3197,3133,3177
14416,3197,3114,3177,3179
14417,3177,3237,3179,3145
14418,3179,3208,3146,3145
14419,3208,3146,3132,3196
14420,3146,3209,3134,3196
14421,3196,3198,3134,3178
14422,3197,3200,3136,3179
14423,3200,3118,3179,3182
14424,3179,3238,3182,3146
14425,3182,3209,3154,3146
14426,3209,3154,3134,3198
14427,3154,3215,3138,3198
14428,3148,3211,3210,3149
14429,3180,3211,3148,3150
14430,3211,3149,3150,3212
14431,3150,3213,3212,3151
14432,3199,3180,3117,3181
14433,3180,3239,3150,3181
14434,3181,3213,3150,3152
14435,3153,3214,3199,3137
14436,3199,3201,3181,3137
14437,3201,3181,3119,3183
14438,3181,3240,3152,3183
14439,3200,3214,3153,3182
14440,3214,3137,3182,3201
14441,3182,3241,3201,3154
14442,3201,3215,3183,3154
14443,3156,3217,3157,3216
14444,3184,3217,3158,3156
14445,3217,3158,3157,3218
14446,3158,3219,3159,3218
14447,3202,3121,3184,3185
14448,3184,3242,3185,3158
14449,3185,3219,3160,3158
14450,3219,3160,3159,3220
14451,3160,3221,3161,3220
14452,3162,3223,3140,3202
14453,3202,3203,3140,3185
14454,3203,3122,3185,3186
14455,3185,3243,3186,3160
14456,3186,3221,3163,3160
14457,3221,3163,3161,3222
14458,3163,3224,3164,3222
14459,3187,3223,3165,3162
14460,3223,3165,3140,3203
14461,3165,3226,3141,3203
14462,3203,3204,3141,3186
14463,3204,3124,3186,3188
14464,3186,3244,3188,3163
14465,3188,3224,3166,3163
14466,3224,3166,3164,3225
14467,3166,3227,3167,3225
14468,3187,3245,3189,3165
14469,3189,3226,3168,3165
14470,3226,3168,3141,3204
14471,3168,3229,3142,3204
14472,3204,3205,3142,3188
14473,3205,3126,3188,3190
14474,3188,3246,3190,3166
14475,3190,3227,3169,3166
14476,3227,3169,3167,3228
14477,3169,3230,3170,3228
14478,3189,3247,3191,3168
14479,3191,3229,3171,3168
14480,3229,3171,3142,3205
14481,3171,3232,3143,3205
14482,3205,3206,3143,3190
14483,3206,3128,3190,3192
14484,3190,3248,3192,3169
14485,3192,3230,3172,3169
14486,3230,3172,3170,3231
14487,3172,3233,3173,3231
14488,3191,3249,3193,3171
14489,3193,3232,3174,3171
14490,3232,3174,3143,3206
14491,3174,3235,3144,3206
14492,3206,3207,3144,3192
14493,3207,3130,3192,3194
14494,3192,3250,3194,3172
14495,3194,3233,3175,3172
14496,3233,3175,3173,3234
14497,3175,3236,3176,3234
14498,3193,3251,3195,3174
14499,3195,3235,3177,3174
14500,3235,3177,3144,3207
14501,3177,3237,3145,3207
14502,3207,3208,3145,3194
14503,3208,3132,3194,3196
14504,3194,3252,3196,3175
14505,3196,3236,3178,3175
14506,3195,3253,3197,3177
14507,3197,3237,3179,3177
14508,3237,3179,3145,3208
14509,3179,3238,3146,3208
14510,3208,3209,3146,3196
14511,3209,3134,3196,3198
14512,3196,3254,3198,3178
14513,3197,3255,3200,3179
14514,3200,3238,3182,3179
14515,3238,3182,3146,3209
14516,3182,3241,3154,3209
14517,3209,3215,3154,3198
14518,3211,3210,3149,3212
14519,3180,3239,3211,3150
14520,3211,3213,3212,3150
14521,3199,3239,3180,3181
14522,3239,3150,3181,3213
14523,3181,3240,3213,3152
14524,3214,3199,3137,3201
14525,3199,3256,3181,3201
14526,3201,3240,3181,3183
14527,3200,3257,3214,3182
14528,3214,3241,3201,3182
14529,3241,3201,3154,3215
14530,3201,3258,3183,3215
14531,3217,3157,3216,3218
14532,3184,3242,3158,3217
14533,3217,3219,3158,3218
14534,3219,3159,3218,3220
14535,3202,3242,3185,3184
14536,3242,3185,3158,3219
14537,3185,3243,3160,3219
14538,3219,3221,3160,3220
14539,3221,3161,3220,3222
14540,3223,3140,3202,3203
14541,3202,3259,3203,3185
14542,3203,3243,3186,3185
14543,3243,3186,3160,3221
14544,3186,3244,3163,3221
14545,3221,3224,3163,3222
14546,3224,3164,3222,3225
14547,3187,3245,3165,3223
14548,3223,3226,3165,3203
14549,3226,3141,3203,3204
14550,3203,3260,3204,3186
14551,3204,3244,3188,3186
14552,3244,3188,3163,3224
14553,3188,3246,3166,3224
14554,3224,3227,3166,3225
14555,3227,3167,3225,3228
14556,3245,3189,3165,3226
14557,3189,3247,3168,3226
14558,3226,3229,3168,3204
14559,3229,3142,3204,3205
14560,3204,3261,3205,3188
14561,3205,3246,3190,3188
14562,3246,3190,3166,3227
14563,3190,3248,3169,3227
14564,3227,3230,3169,3228
14565,3230,3170,3228,3231
14566,3247,3191,3168,3229
14567,3191,3249,3171,3229
14568,3229,3232,3171,3205
14569,3232,3143,3205,3206
14570,3205,3262,3206,3190
14571,3206,3248,3192,3190
14572,3248,3192,3169,3230
14573,3192,3250,3172,3230
14574,3230,3233,3172,3231
14575,3233,3173,3231,3234
14576,3249,3193,3171,3232
14577,3193,3251,3174,3232
14578,3232,3235,3174,3206
14579,3235,3144,3206,3207
14580,3206,3263,3207,3192
14581,3207,3250,3194,3192
14582,3250,3194,3172,3233
14583,3194,3252,3175,3233
14584,3233,3236,3175,3234
14585,3251,3195,3174,3235
14586,3195,3253,3177,3235
14587,3235,3237,3177,3207
14588,3237,3145,3207,3208
14589,3207,3264,3208,3194
14590,3208,3252,3196,3194
14591,3252,3196,3175,3236
14592,3196,3254,3178,3236
14593,3253,3197,3177,3237
14594,3197,3255,3179,3237
14595,3237,3238,3179,3208
14596,3238,3146,3208,3209
14597,3208,3265,3209,3196
14598,3209,3254,3198,3196
14599,3255,3200,3179,3238
14600,3200,3257,3182,3238
14601,3238,3241,3182,3209
14602,3241,3154,3209,3215
14603,3209,3266,3215,3198
14604,3211,3267,3210,3212
14605,3239,3211,3150,3213
14606,3211,3268,3212,3213
14607,3199,3256,3239,3181
14608,3239,3240,3213,3181
14609,3214,3256,3199,3201
14610,3256,3181,3201,3240
14611,3201,3258,3240,3183
14612,3257,3214,3182,3241
14613,3214,3269,3201,3241
14614,3241,3258,3201,3215
14615,3217,3270,3218,3216
14616,3242,3158,3217,3219
14617,3217,3271,3219,3218
14618,3219,3272,3220,3218
14619,3202,3259,3185,3242
14620,3242,3243,3185,3219
14621,3243,3160,3219,3221
14622,3219,3273,3221,3220
14623,3221,3274,3222,3220
14624,3223,3259,3203,3202
14625,3259,3203,3185,3243
14626,3203,3260,3186,3243
14627,3243,3244,3186,3221
14628,3244,3163,3221,3224
14629,3221,3275,3224,3222
14630,3224,3276,3225,3222
14631,3245,3165,3223,3226
14632,3223,3277,3226,3203
14633,3226,3260,3204,3203
14634,3260,3204,3186,3244
14635,3204,3261,3188,3244
14636,3244,3246,3188,3224
14637,3246,3166,3224,3227
14638,3224,3278,3227,3225
14639,3227,3279,3228,3225
14640,3245,3247,3189,3226
14641,3247,3168,3226,3229
14642,3226,3280,3229,3204
14643,3229,3261,3205,3204
14644,3261,3205,3188,3246
14645,3205,3262,3190,3246
14646,3246,3248,3190,3227
14647,3248,3169,3227,3230
14648,3227,3281,3230,3228
14649,3230,3282,3231,3228
14650,3247,3249,3191,3229
14651,3249,3171,3229,3232
14652,3229,3283,3232,3205
14653,3232,3262,3206,3205
14654,3262,3206,3190,3248
14655,3206,3263,3192,3248
14656,3248,3250,3192,3230
14657,3250,3172,3230,3233
14658,3230,3284,3233,3231
14659,3233,3285,3234,3231
14660,3249,3251,3193,3232
14661,3251,3174,3232,3235
14662,3232,3286,3235,3206
14663,3235,3263,3207,3206
14664,3263,3207,3192,3250
14665,3207,3264,3194,3250
14666,3250,3252,3194,3233
14667,3252,3175,3233,3236
14668,3233,3287,3236,3234
14669,3251,3253,3195,3235
14670,3253,3177,3235,3237
14671,3235,3288,3237,3207
14672,3237,3264,3208,3207
14673,3264,3208,3194,3252
14674,3208,3265,3196,3252
14675,3252,3254,3196,3236
14676,3253,3255,3197,3237
14677,3255,3179,3237,3238
14678,3237,3289,3238,3208
14679,3238,3265,3209,3208
14680,3265,3209,3196,3254
14681,3209,3266,3198,3254
14682,3255,3257,3200,3238
14683,3257,3182,3238,3241
14684,3238,3290,3241,3209
14685,3241,3266,3215,3209
14686,3211,3268,3267,3212
14687,3239,3268,3211,3213
14688,3256,3239,3181,3240
14689,3239,3291,3213,3240
14690,3214,3269,3256,3201
14691,3256,3258,3240,3201
14692,3257,3269,3214,3241
14693,3269,3201,3241,3258
14694,3241,3292,3258,3215
14695,3217,3271,3218,3270
14696,3242,3271,3219,3217
14697,3271,3219,3218,3272
14698,3219,3273,3220,3272
14699,3259,3185,3242,3243
14700,3242,3293,3243,3219
14701,3243,3273,3221,3219
14702,3273,3221,3220,3274
14703,3221,3275,3222,3274
14704,3223,3277,3203,3259
14705,3259,3260,3203,3243
14706,3260,3186,3243,3244
14707,3243,3294,3244,3221
14708,3244,3275,3224,3221
14709,3275,3224,3222,3276
14710,3224,3278,3225,3276
14711,3245,3277,3226,3223
14712,3277,3226,3203,3260
14713,3226,3280,3204,3260
14714,3260,3261,3204,3244
14715,3261,3188,3244,3246
14716,3244,3295,3246,3224
14717,3246,3278,3227,3224
14718,3278,3227,3225,3279
14719,3227,3281,3228,3279
14720,3245,3296,3247,3226
14721,3247,3280,3229,3226
14722,3280,3229,3204,3261
14723,3229,3283,3205,3261
14724,3261,3262,3205,3246
14725,3262,3190,3246,3248
14726,3246,3297,3248,3227
14727,3248,3281,3230,3227
14728,3281,3230,3228,3282
14729,3230,3284,3231,3282
14730,3247,3298,3249,3229
14731,3249,3283,3232,3229
14732,3283,3232,3205,3262
14733,3232,3286,3206,3262
14734,3262,3263,3206,3248
14735,3263,3192,3248,3250
14736,3248,3299,3250,3230
14737,3250,3284,3233,3230
14738,3284,3233,3231,3285
14739,3233,3287,3234,3285
14740,3249,3300,3251,3232
14741,3251,3286,3235,3232
14742,3286,3235,3206,3263
14743,3235,3288,3207,3263
14744,3263,3264,3207,3250
14745,3264,3194,3250,3252
14746,3250,3301,3252,3233
14747,3252,3287,3236,3233
14748,3251,3302,3253,3235
14749,3253,3288,3237,3235
14750,3288,3237,3207,3264
14751,3237,3289,3208,3264
14752,3264,3265,3208,3252
14753,3265,3196,3252,3254
14754,3252,3303,3254,3236
14755,3253,3304,3255,3237
14756,3255,3289,3238,3237
14757,3289,3238,3208,3265
14758,3238,3290,3209,3265
14759,3265,3266,3209,3254
14760,3255,3305,3257,3238
14761,3257,3290,3241,3238
14762,3290,3241,3209,3266
14763,3241,3292,3215,3266
14764,3239,3291,3268,3213
14765,3256,3291,3239,3240
14766,3269,3256,3201,3258
14767,3256,3306,3240,3258
14768,3257,3307,3269,3241
14769,3269,3292,3258,3241
14770,3271,3218,3270,3272
14771,3242,3293,3219,3271
14772,3271,3273,3219,3272
14773,3273,3220,3272,3274
14774,3259,3293,3243,3242
14775,3293,3243,3219,3273
14776,3243,3294,3221,3273
14777,3273,3275,3221,3274
14778,3275,3222,3274,3276
14779,3277,3203,3259,3260
14780,3259,3308,3260,3243
14781,3260,3294,3244,3243
14782,3294,3244,3221,3275
14783,3244,3295,3224,3275
14784,3275,3278,3224,3276
14785,3278,3225,3276,3279
14786,3245,3296,3226,3277
14787,3277,3280,3226,3260
14788,3280,3204,3260,3261
14789,3260,3309,3261,3244
14790,3261,3295,3246,3244
14791,3295,3246,3224,3278
14792,3246,3297,3227,3278
14793,3278,3281,3227,3279
14794,3281,3228,3279,3282
14795,3296,3247,3226,3280
14796,3247,3298,3229,3280
14797,3280,3283,3229,3261
14798,3283,3205,3261,3262
14799,3261,3310,3262,3246
14800,3262,3297,3248,3246
14801,3297,3248,3227,3281
14802,3248,3299,3230,3281
14803,3281,3284,3230,3282
14804,3284,3231,3282,3285
14805,3298,3249,3229,3283
14806,3249,3300,3232,3283
14807,3283,3286,3232,3262
14808,3286,3206,3262,3263
14809,3262,3311,3263,3248
14810,3263,3299,3250,3248
14811,3299,3250,3230,3284
14812,3250,3301,3233,3284
14813,3284,3287,3233,3285
14814,3300,3251,3232,3286
14815,3251,3302,3235,3286
14816,3286,3288,3235,3263
14817,3288,3207,3263,3264
14818,3263,3312,3264,3250
14819,3264,3301,3252,3250
14820,3301,3252,3233,3287
14821,3252,3303,3236,3287
14822,3302,3253,3235,3288
14823,3253,3304,3237,3288
14824,3288,3289,3237,3264
14825,3289,3208,3264,3265
14826,3264,3313,3265,3252
14827,3265,3303,3254,3252
14828,3304,3255,3237,3289
14829,3255,3305,3238,3289
14830,3289,3290,3238,3265
14831,3290,3209,3265,3266
14832,3265,3314,3266,3254
14833,3305,3257,3238,3290
14834,3257,3307,3241,3290
14835,3290,3292,3241,3266
14836,3256,3306,3291,3240
14837,3269,3306,3256,3258
14838,3307,3269,3241,3292
14839,3269,3315,3258,3292
14840,3271,3316,3272,3270
14841,3293,3219,3271,3273
14842,3271,3317,3273,3272
14843,3273,3318,3274,3272
14844,3259,3308,3243,3293
14845,3293,3294,3243,3273
14846,3294,3221,3273,3275
14847,3273,3319,3275,3274
14848,3275,3320,3276,3274
14849,3277,3308,3260,3259
14850,3308,3260,3243,3294
14851,3260,3309,3244,3294
14852,3294,3295,3244,3275
14853,3295,3224,3275,3278
14854,3275,3321,3278,3276
14855,3278,3322,3279,3276
14856,3296,3226,3277,3280
14857,3277,3323,3280,3260
14858,3280,3309,3261,3260
14859,3309,3261,3244,3295
14860,3261,3310,3246,3295
14861,3295,3297,3246,3278
14862,3297,3227,3278,3281
14863,3278,3324,3281,3279
14864,3281,3325,3282,3279
14865,3296,3298,3247,3280
14866,3298,3229,3280,3283
14867,3280,3326,3283,3261
14868,3283,3310,3262,3261
14869,3310,3262,3246,3297
14870,3262,3311,3248,3297
14871,3297,3299,3248,3281
14872,3299,3230,3281,3284
14873,3281,3327,3284,3282
14874,3284,3328,3285,3282
14875,3298,3300,3249,3283
14876,3300,3232,3283,3286
14877,3283,3329,3286,3262
14878,3286,3311,3263,3262
14879,3311,3263,3248,3299
14880,3263,3312,3250,3299
14881,3299,3301,3250,3284
14882,3301,3233,3284,3287
14883,3284,3330,3287,3285
14884,3300,3302,3251,3286
14885,3302,3235,3286,3288
14886,3286,3331,3288,3263
14887,3288,3312,3264,3263
14888,3312,3264,3250,3301
14889,3264,3313,3252,3301
14890,3301,3303,3252,3287
14891,3302,3304,3253,3288
14892,3304,3237,3288,3289
14893,3288,3332,3289,3264
14894,3289,3313,3265,3264
14895,3313,3265,3252,3303
14896,3265,3314,3254,3303
14897,3304,3305,3255,3289
14898,3305,3238,3289,3290
14899,3289,3333,3290,3265
14900,3290,3314,3266,3265
14901,3305,3307,3257,3290
14902,3307,3241,3290,3292
14903,3290,3334,3292,3266
14904,3269,3315,3306,3258
14905,3307,3315,3269,3292
14906,3271,3317,3272,3316
14907,3293,3317,3273,3271
14908,3317,3273,3272,3318
14909,3273,3319,3274,3318
14910,3308,3243,3293,3294
14911,3293,3335,3294,3273
14912,3294,3319,3275,3273
14913,3319,3275,3274,3320
14914,3275,3321,3276,3320
14915,3277,3323,3260,3308
14916,3308,3309,3260,3294
14917,3309,3244,3294,3295
14918,3294,3336,3295,3275
14919,3295,3321,3278,3275
14920,3321,3278,3276,3322
14921,3278,3324,3279,3322
14922,3296,3323,3280,3277
14923,3323,3280,3260,3309
14924,3280,3326,3261,3309
14925,3309,3310,3261,3295
14926,3310,3246,3295,3297
14927,3295,3337,3297,3278
14928,3297,3324,3281,3278
14929,3324,3281,3279,3325
14930,3281,3327,3282,3325
14931,3296,3338,3298,3280
14932,3298,3326,3283,3280
14933,3326,3283,3261,3310
14934,3283,3329,3262,3310
14935,3310,3311,3262,3297
14936,3311,3248,3297,3299
14937,3297,3339,3299,3281
14938,3299,3327,3284,3281
14939,3327,3284,3282,3328
14940,3284,3330,3285,3328
14941,3298,3340,3300,3283
14942,3300,3329,3286,3283
14943,3329,3286,3262,3311
14944,3286,3331,3263,3311
14945,3311,3312,3263,3299
14946,3312,3250,3299,3301
14947,3299,3341,3301,3284
14948,3301,3330,3287,3284
14949,3300,3342,3302,3286
14950,3302,3331,3288,3286
14951,3331,3288,3263,3312
14952,3288,3332,3264,3312
14953,3312,3313,3264,3301
14954,3313,3252,3301,3303
14955,3301,3343,3303,3287
14956,3302,3344,3304,3288
14957,3304,3332,3289,3288
14958,3332,3289,3264,3313
14959,3289,3333,3265,3313
14960,3313,3314,3265,3303
14961,3304,3345,3305,3289
14962,3305,3333,3290,3289
14963,3333,3290,3265,3314
14964,3290,3334,3266,3314
14965,3305,3346,3307,3290
14966,3307,3334,3292,3290
14967,3307,3347,3315,3292
14968,3317,3272,3316,3318
14969,3293,3335,3273,3317
14970,3317,3319,3273,3318
14971,3319,3274,3318,3320
14972,3308,3335,3294,3293
14973,3335,3294,3273,3319
14974,3294,3336,3275,3319
14975,3319,3321,3275,3320
14976,3321,3276,3320,3322
14977,3323,3260,3308,3309
14978,3308,3348,3309,3294
14979,3309,3336,3295,3294
14980,3336,3295,3275,3321
14981,3295,3337,3278,3321
14982,3321,3324,3278,3322
14983,3324,3279,3322,3325
14984,3296,3338,3280,3323
14985,3323,3326,3280,3309
14986,3326,3261,3309,3310
14987,3309,3349,3310,3295
14988,3310,3337,3297,3295
14989,3337,3297,3278,3324
14990,3297,3339,3281,3324
14991,3324,3327,3281,3325
14992,3327,3282,3325,3328
14993,3338,3298,3280,3326
14994,3298,3340,3283,3326
14995,3326,3329,3283,3310
14996,3329,3262,3310,3311
14997,3310,3350,3311,3297
14998,3311,3339,3299,3297
14999,3339,3299,3281,3327
15000,3299,3341,3284,3327
15001,3327,3330,3284,3328
15002,3340,3300,3283,3329
15003,3300,3342,3286,3329
15004,3329,3331,3286,3311
15005,3331,3263,3311,3312
15006,3311,3351,3312,3299
15007,3312,3341,3301,3299
15008,3341,3301,3284,3330
15009,3301,3343,3287,3330
15010,3342,3302,3286,3331
15011,3302,3344,3288,3331
15012,3331,3332,3288,3312
15013,3332,3264,3312,3313
15014,3312,3352,3313,3301
15015,3313,3343,3303,3301
15016,3344,3304,3288,3332
15017,3304,3345,3289,3332
15018,3332,3333,3289,3313
15019,3333,3265,3313,3314
15020,3313,3353,3314,3303
15021,3345,3305,3289,3333
15022,3305,3346,3290,3333
15023,3333,3334,3290,3314
15024,3346,3307,3290,3334
15025,3307,3347,3292,3334
15026,3317,3354,3318,3316
15027,3335,3273,3317,3319
15028,3317,3355,3319,3318
15029,3319,3356,3320,3318
15030,3308,3348,3294,3335
15031,3335,3336,3294,3319
15032,3336,3275,3319,3321
15033,3319,3357,3321,3320
15034,3321,3358,3322,3320
15035,3323,3348,3309,3308
15036,3348,3309,3294,3336
15037,3309,3349,3295,3336
15038,3336,3337,3295,3321
15039,3337,3278,3321,3324
15040,3321,3359,3324,3322
15041,3324,3360,3325,3322
15042,3338,3280,3323,3326
15043,3323,3361,3326,3309
15044,3326,3349,3310,3309
15045,3349,3310,3295,3337
15046,3310,3350,3297,3337
15047,3337,3339,3297,3324
15048,3339,3281,3324,3327
15049,3324,3362,3327,3325
15050,3327,3363,3328,3325
15051,3338,3340,3298,3326
15052,3340,3283,3326,3329
15053,3326,3364,3329,3310
15054,3329,3350,3311,3310
15055,3350,3311,3297,3339
15056,3311,3351,3299,3339
15057,3339,3341,3299,3327
15058,3341,3284,3327,3330
15059,3327,3365,3330,3328
15060,3340,3342,3300,3329
15061,3342,3286,3329,3331
15062,3329,3366,3331,3311
15063,3331,3351,3312,3311
15064,3351,3312,3299,3341
15065,3312,3352,3301,3341
15066,3341,3343,3301,3330
15067,3342,3344,3302,3331
15068,3344,3288,3331,3332
15069,3331,3367,3332,3312
15070,3332,3352,3313,3312
15071,3352,3313,3301,3343
15072,3313,3353,3303,3343
15073,3344,3345,3304,3332
15074,3345,3289,3332,3333
15075,3332,3368,3333,3313
15076,3333,3353,3314,3313
15077,3345,3346,3305,3333
15078,3346,3290,3333,3334
15079,3333,3369,3334,3314
15080,3346,3347,3307,3334
15081,3317,3355,3318,3354
15082,3335,3355,3319,3317
15083,3355,3319,3318,3356
15084,3319,3357,3320,3356
15085,3348,3294,3335,3336
15086,3335,3370,3336,3319
15087,3336,3357,3321,3319
15088,3357,3321,3320,3358
15089,3321,3359,3322,3358
15090,3323,3361,3309,3348
15091,3348,3349,3309,3336
15092,3349,3295,3336,3337
15093,3336,3371,3337,3321
15094,3337,3359,3324,3321
15095,3359,3324,3322,3360
15096,3324,3362,3325,3360
15097,3338,3361,3326,3323
15098,3361,3326,3309,3349
15099,3326,3364,3310,3349
15100,3349,3350,3310,3337
15101,3350,3297,3337,3339
15102,3337,3372,3339,3324
15103,3339,3362,3327,3324
15104,3362,3327,3325,3363
15105,3327,3365,3328,3363
15106,3338,3373,3340,3326
15107,3340,3364,3329,3326
15108,3364,3329,3310,3350
15109,3329,3366,3311,3350
15110,3350,3351,3311,3339
15111,3351,3299,3339,3341
15112,3339,3374,3341,3327
15113,3341,3365,3330,3327
15114,3340,3375,3342,3329
15115,3342,3366,3331,3329
15116,3366,3331,3311,3351
15117,3331,3367,3312,3351
15118,3351,3352,3312,3341
15119,3352,3301,3341,3343
15120,3341,3376,3343,3330
15121,3342,3377,3344,3331
15122,3344,3367,3332,3331
15123,3367,3332,3312,3352
15124,3332,3368,3313,3352
15125,3352,3353,3313,3343
15126,3344,3378,3345,3332
15127,3345,3368,3333,3332
15128,3368,3333,3313,3353
15129,3333,3369,3314,3353
15130,3345,3379,3346,3333
15131,3346,3369,3334,3333
15132,3346,3380,3347,3334
15133,3355,3318,3354,3356
15134,3335,3370,3319,3355
15135,3355,3357,3319,3356
15136,3357,3320,3356,3358
15137,3348,3370,3336,3335
15138,3370,3336,3319,3357
15139,3336,3371,3321,3357
15140,3357,3359,3321,3358
15141,3359,3322,3358,3360
15142,3361,3309,3348,3349
15143,3348,3381,3349,3336
15144,3349,3371,3337,3336
15145,3371,3337,3321,3359
15146,3337,3372,3324,3359
15147,3359,3362,3324,3360
15148,3362,3325,3360,3363
15149,3338,3373,3326,3361
15150,3361,3364,3326,3349
15151,3364,3310,3349,3350
15152,3349,3382,3350,3337
15153,3350,3372,3339,3337
15154,3372,3339,3324,3362
15155,3339,3374,3327,3362
15156,3362,3365,3327,3363
15157,3373,3340,3326,3364
15158,3340,3375,3329,3364
15159,3364,3366,3329,3350
15160,3366,3311,3350,3351
15161,3350,3383,3351,3339
15162,3351,3374,3341,3339
15163,3374,3341,3327,3365
15164,3341,3376,3330,3365
15165,3375,3342,3329,3366
15166,3342,3377,3331,3366
15167,3366,3367,3331,3351
15168,3367,3312,3351,3352
15169,3351,3384,3352,3341
15170,3352,3376,3343,3341
15171,3377,3344,3331,3367
15172,3344,3378,3332,3367
15173,3367,3368,3332,3352
15174,3368,3313,3352,3353
15175,3352,3385,3353,3343
15176,3378,3345,3332,3368
15177,3345,3379,3333,3368
15178,3368,3369,3333,3353
15179,3379,3346,3333,3369
15180,3346,3380,3334,3369
15181,3355,3386,3356,3354
15182,3370,3319,3355,3357
15183,3355,3387,3357,3356
15184,3357,3388,3358,3356
15185,3348,3381,3336,3370
15186,3370,3371,3336,3357
15187,3371,3321,3357,3359
15188,3357,3389,3359,3358
15189,3359,3390,3360,3358
15190,3361,3381,3349,3348
15191,3381,3349,3336,3371
15192,3349,3382,3337,3371
15193,3371,3372,3337,3359
15194,3372,3324,3359,3362
15195,3359,3391,3362,3360
15196,3362,3392,3363,3360
15197,3373,3326,3361,3364
15198,3361,3393,3364,3349
15199,3364,3382,3350,3349
15200,3382,3350,3337,3372
15201,3350,3383,3339,3372
15202,3372,3374,3339,3362
15203,3374,3327,3362,3365
15204,3362,3394,3365,3363
15205,3373,3375,3340,3364
15206,3375,3329,3364,3366
15207,3364,3395,3366,3350
15208,3366,3383,3351,3350
15209,3383,3351,3339,3374
15210,3351,3384,3341,3374
15211,3374,3376,3341,3365
15212,3375,3377,3342,3366
15213,3377,3331,3366,3367
15214,3366,3396,3367,3351
15215,3367,3384,3352,3351
15216,3384,3352,3341,3376
15217,3352,3385,3343,3376
15218,3377,3378,3344,3367
15219,3378,3332,3367,3368
15220,3367,3397,3368,3352
15221,3368,3385,3353,3352
15222,3378,3379,3345,3368
15223,3379,3333,3368,3369
15224,3368,3398,3369,3353
15225,3379,3380,3346,3369
15226,3355,3387,3356,3386
15227,3370,3387,3357,3355
15228,3387,3357,3356,3388
15229,3357,3389,3358,3388
15230,3381,3336,3370,3371
15231,3370,3399,3371,3357
15232,3371,3389,3359,3357
15233,3389,3359,3358,3390
15234,3359,3391,3360,3390
15235,3361,3393,3349,3381
15236,3381,3382,3349,3371
15237,3382,3337,3371,3372
15238,3371,3400,3372,3359
15239,3372,3391,3362,3359
15240,3391,3362,3360,3392
15241,3362,3394,3363,3392
15242,3373,3393,3364,3361
15243,3393,3364,3349,3382
15244,3364,3395,3350,3382
15245,3382,3383,3350,3372
15246,3383,3339,3372,3374
15247,3372,3401,3374,3362
15248,3374,3394,3365,3362
15249,3373,3402,3375,3364
15250,3375,3395,3366,3364
15251,3395,3366,3350,3383
15252,3366,3396,3351,3383
15253,3383,3384,3351,3374
15254,3384,3341,3374,3376
15255,3374,3403,3376,3365
15256,3375,3404,3377,3366
15257,3377,3396,3367,3366
15258,3396,3367,3351,3384
15259,3367,3397,3352,3384
15260,3384,3385,3352,3376
15261,3377,3405,3378,3367
15262,3378,3397,3368,3367
15263,3397,3368,3352,3385
15264,3368,3398,3353,3385
15265,3378,3406,3379,3368
15266,3379,3398,3369,3368
15267,3379,3407,3380,3369
15268,3387,3356,3386,3388
15269,3370,3399,3357,3387
15270,3387,3389,3357,3388
15271,3389,3358,3388,3390
15272,3381,3399,3371,3370
15273,3399,3371,3357,3389
15274,3371,3400,3359,3389
15275,3389,3391,3359,3390
15276,3391,3360,3390,3392
15277,3393,3349,3381,3382
15278,3381,3408,3382,3371
15279,3382,3400,3372,3371
15280,3400,3372,3359,3391
15281,3372,3401,3362,3391
15282,3391,3394,3362,3392
15283,3373,3402,3364,3393
15284,3393,3395,3364,3382
15285,3395,3350,3382,3383
15286,3382,3409,3383,3372
15287,3383,3401,3374,3372
15288,3401,3374,3362,3394
15289,3374,3403,3365,3394
15290,3402,3375,3364,3395
15291,3375,3404,3366,3395
15292,3395,3396,3366,3383
15293,3396,3351,3383,3384
15294,3383,3410,3384,3374
15295,3384,3403,3376,3374
15296,3404,3377,3366,3396
15297,3377,3405,3367,3396
15298,3396,3397,3367,3384
15299,3397,3352,3384,3385
15300,3384,3411,3385,3376
15301,3405,3378,3367,3397
15302,3378,3406,3368,3397
15303,3397,3398,3368,3385
15304,3406,3379,3368,3398
15305,3379,3407,3369,3398
15306,3387,3412,3388,3386
15307,3399,3357,3387,3389
15308,3387,3413,3389,3388
15309,3389,3414,3390,3388
15310,3381,3408,3371,3399
15311,3399,3400,3371,3389
15312,3400,3359,3389,3391
15313,3389,3415,3391,3390
15314,3391,3416,3392,3390
15315,3393,3408,3382,3381
15316,3408,3382,3371,3400
15317,3382,3409,3372,3400
15318,3400,3401,3372,3391
15319,3401,3362,3391,3394
15320,3391,3417,3394,3392
15321,3402,3364,3393,3395
15322,3393,3418,3395,3382
15323,3395,3409,3383,3382
15324,3409,3383,3372,3401
15325,3383,3410,3374,3401
15326,3401,3403,3374,3394
15327,3402,3404,3375,3395
15328,3404,3366,3395,3396
15329,3395,3419,3396,3383
15330,3396,3410,3384,3383
15331,3410,3384,3374,3403
15332,3384,3411,3376,3403
15333,3404,3405,3377,3396
15334,3405,3367,3396,3397
15335,3396,3420,3397,3384
15336,3397,3411,3385,3384
15337,3405,3406,3378,3397
15338,3406,3368,3397,3398
15339,3397,3421,3398,3385
15340,3406,3407,3379,3398
15341,3387,3413,3388,3412
15342,3399,3413,3389,3387
15343,3413,3389,3388,3414
15344,3389,3415,3390,3414
15345,3408,3371,3399,3400
15346,3399,3422,3400,3389
15347,3400,3415,3391,3389
15348,3415,3391,3390,3416
15349,3391,3417,3392,3416
15350,3393,3418,3382,3408
15351,3408,3409,3382,3400
15352,3409,3372,3400,3401
15353,3400,3423,3401,3391
15354,3401,3417,3394,3391
15355,3402,3418,3395,3393
15356,3418,3395,3382,3409
15357,3395,3419,3383,3409
15358,3409,3410,3383,3401
15359,3410,3374,3401,3403
15360,3401,3424,3403,3394
15361,3402,3425,3404,3395
15362,3404,3419,3396,3395
15363,3419,3396,3383,3410
15364,3396,3420,3384,3410
15365,3410,3411,3384,3403
15366,3404,3426,3405,3396
15367,3405,3420,3397,3396
15368,3420,3397,3384,3411
15369,3397,3421,3385,3411
15370,3405,3427,3406,3397
15371,3406,3421,3398,3397
15372,3406,3428,3407,3398
15373,3413,3388,3412,3414
15374,3399,3422,3389,3413
15375,3413,3415,3389,3414
15376,3415,3390,3414,3416
15377,3408,3422,3400,3399
15378,3422,3400,3389,3415
15379,3400,3423,3391,3415
15380,3415,3417,3391,3416
15381,3418,3382,3408,3409
15382,3408,3429,3409,3400
15383,3409,3423,3401,3400
15384,3423,3401,3391,3417
15385,3401,3424,3394,3417
15386,3402,3425,3395,3418
15387,3418,3419,3395,3409
15388,3419,3383,3409,3410
15389,3409,3430,3410,3401
15390,3410,3424,3403,3401
15391,3425,3404,3395,3419
15392,3404,3426,3396,3419
15393,3419,3420,3396,3410
15394,3420,3384,3410,3411
15395,3410,3431,3411,3403
15396,3426,3405,3396,3420
15397,3405,3427,3397,3420
15398,3420,3421,3397,3411
15399,3427,3406,3397,3421
15400,3406,3428,3398,3421
15401,3413,3432,3414,3412
15402,3422,3389,3413,3415
15403,3413,3433,3415,3414
15404,3415,3434,3416,3414
15405,3408,3429,3400,3422
15406,3422,3423,3400,3415
15407,3423,3391,3415,3417
15408,3415,3435,3417,3416
15409,3418,3429,3409,3408
15410,3429,3409,3400,3423
15411,3409,3430,3401,3423
15412,3423,3424,3401,3417
15413,3425,3395,3418,3419
15414,3418,3436,3419,3409
15415,3419,3430,3410,3409
15416,3430,3410,3401,3424
15417,3410,3431,3403,3424
15418,3425,3426,3404,3419
15419,3426,3396,3419,3420
15420,3419,3437,3420,3410
15421,3420,3431,3411,3410
15422,3426,3427,3405,3420
15423,3427,3397,3420,3421
15424,3420,3438,3421,3411
15425,3427,3428,3406,3421
15426,3413,3433,3414,3432
15427,3422,3433,3415,3413
15428,3433,3415,3414,3434
15429,3415,3435,3416,3434
15430,3429,3400,3422,3423
15431,3422,3439,3423,3415
15432,3423,3435,3417,3415
15433,3418,3436,3409,3429
15434,3429,3430,3409,3423
15435,3430,3401,3423,3424
15436,3423,3440,3424,3417
15437,3425,3436,3419,3418
15438,3436,3419,3409,3430
15439,3419,3437,3410,3430
15440,3430,3431,3410,3424
15441,3425,3441,3426,3419
15442,3426,3437,3420,3419
15443,3437,3420,3410,3431
15444,3420,3438,3411,3431
15445,3426,3442,3427,3420
15446,3427,3438,3421,3420
15447,3427,3443,3428,3421
15448,3433,3414,3432,3434
15449,3422,3439,3415,3433
15450,3433,3435,3415,3434
15451,3429,3439,3423,3422
15452,3439,3423,3415,3435
15453,3423,3440,3417,3435
15454,3436,3409,3429,3430
15455,3429,3444,3430,3423
15456,3430,3440,3424,3423
15457,3425,3441,3419,3436
15458,3436,3437,3419,3430
15459,3437,3410,3430,3431
15460,3430,3445,3431,3424
15461,3441,3426,3419,3437
15462,3426,3442,3420,3437
15463,3437,3438,3420,3431
15464,3442,3427,3420,3438
15465,3427,3443,3421,3438
15466,3433,3446,3434,3432
15467,3439,3415,3433,3435
15468,3433,3447,3435,3434
15469,3429,3444,3423,3439
15470,3439,3440,3423,3435
15471,3436,3444,3430,3429
15472,3444,3430,3423,3440
15473,3430,3445,3424,3440
15474,3441,3419,3436,3437
15475,3436,3448,3437,3430
15476,3437,3445,3431,3430
15477,3441,3442,3426,3437
15478,3442,3420,3437,3438
15479,3437,3449,3438,3431
15480,3442,3443,3427,3438
15481,3433,3447,3434,3446
15482,3439,3447,3435,3433
15483,3444,3423,3439,3440
15484,3439,3450,3440,3435
15485,3436,3448,3430,3444
15486,3444,3445,3430,3440
15487,3441,3448,3437,3436
15488,3448,3437,3430,3445
15489,3437,3449,3431,3445
15490,3441,3451,3442,3437
15491,3442,3449,3438,3437
15492,3442,3452,3443,3438
15493,3439,3450,3435,3447
15494,3444,3450,3440,3439
15495,3448,3430,3444,3445
15496,3444,3453,3445,3440
15497,3441,3451,3437,3448
15498,3448,3449,3437,3445
15499,3451,3442,3437,3449
15500,3442,3452,3438,3449
15501,3444,3453,3440,3450
15502,3448,3453,3445,3444
15503,3451,3437,3448,3449
15504,3448,3454,3449,3445
15505,3451,3452,3442,3449
15506,3448,3454,3445,3453
15507,3451,3454,3449,3448
15508,3451,3455,3452,3449
15509,3451,3455,3449,3454
