node_id,x,y,z,ux,uy,uz,ux_abs,uy_abs,uz_abs
0,0.0,4.091766964866572,0.29941516995833756,4.511746031532126e-09,-2.7366653863818013e-09,6.821552209893758e-08,4.514204887820682e-09,2.7390360694197785e-09,6.826869154687654e-08
1,0.0,4.500943661353229,0.29941516995833756,4.663385845413063e-09,-2.6846419284437482e-09,7.819547994341688e-08,4.6660284670634475e-09,2.686938899503445e-09,7.825748913816186e-08
2,0.0,4.500943661353229,0.37426896244792196,7.802516534393029e-09,-4.479927083405722e-09,7.818167633961087e-08,7.806850562726593e-09,4.4838269598178316e-09,7.824367058218724e-08
3,0.08090316834433345,4.500943661353229,0.37426896244792196,7.808821823451115e-09,-4.496498882442768e-09,7.481354076092745e-08,7.813158879708179e-09,4.500428574956117e-09,7.487381355626182e-08
4,0.0,4.091766964866572,0.37426896244792196,7.554714503546412e-09,-4.583562030011743e-09,6.819399858060376e-08,7.558790621388232e-09,4.587597888024223e-09,6.824714638987934e-08
5,0.08090316834433345,4.500943661353229,0.29941516995833756,4.666478130673383e-09,-2.6978355555588796e-09,7.482302018076542e-08,4.6691235585095056e-09,2.7001589087056975e-09,7.488330379691445e-08
6,0.08090316834433345,4.091766964866572,0.37426896244792196,7.548163154347849e-09,-4.621059079795476e-09,6.493748381759778e-08,7.552230568243479e-09,4.625145299085048e-09,6.498899302776385e-08
7,0.0,4.091766964866572,0.22456137746875315,1.4622021559990468e-09,-9.215866153890736e-10,6.822905081937075e-08,1.4630280809303478e-09,9.223118674640398e-10,6.828223649439805e-08
8,0.08090316834433345,4.091766964866572,0.29941516995833756,4.51094884255251e-09,-2.761166677454384e-09,6.495405392834453e-08,4.5134069096254536e-09,2.7635726941945688e-09,6.500558232381263e-08
9,0.0,3.682590268379915,0.29941516995833756,4.13168379131604e-09,-2.9064409394420842e-09,5.7254702473279795e-08,4.133799515929181e-09,2.9090156916790794e-09,5.729798841617882e-08
10,0.0,4.500943661353229,0.22456137746875315,1.5135719891797093e-09,-9.053162953977754e-10,7.820259082114238e-08,1.5145067635965826e-09,9.060173206870589e-10,7.826460945523815e-08
11,0.1618063366886669,4.500943661353229,0.37426896244792196,7.832753069891506e-09,-4.468875993411184e-09,7.138744215959909e-08,7.83710730728676e-09,4.472802916521313e-09,7.144598040448007e-08
12,0.0,3.682590268379915,0.37426896244792196,6.925341857618154e-09,-4.915324260654291e-09,5.721855825866974e-08,6.9288820837192285e-09,4.919733428063286e-09,5.7261807790270055e-08
13,0.08090316834433345,4.500943661353229,0.22456137746875315,1.5149726464903262e-09,-9.083016365115005e-10,7.482615791080152e-08,1.5159082034207455e-09,9.090198390685863e-10,7.488644643951678e-08
14,0.0,3.682590268379915,0.22456137746875315,1.3406892909011905e-09,-9.713703843915676e-10,5.727764357224421e-08,1.3413727192872437e-09,9.721691168803933e-10,5.732095690006933e-08
15,0.08090316834433345,4.091766964866572,0.22456137746875315,1.463811683712219e-09,-9.286819038100309e-10,6.496087159330522e-08,1.4646387661397393e-09,9.294257795747644e-10,6.501241052977172e-08
16,0.1618063366886669,4.500943661353229,0.29941516995833756,4.672379395015419e-09,-2.685809213614426e-09,7.139829050242889e-08,4.6750332324315676e-09,2.6881403095764386e-09,7.145684442193405e-08
17,0.08090316834433345,3.682590268379915,0.37426896244792196,6.8966216371794746e-09,-4.979262066548622e-09,5.424446867459112e-08,6.900139815183893e-09,4.98373236158971e-09,5.428629225839418e-08
18,0.08090316834433345,3.682590268379915,0.29941516995833756,4.120173256057456e-09,-2.9538152270800666e-09,5.426811779676337e-08,4.122282315597767e-09,2.956437678847132e-09,5.4309970562398337e-08
19,0.1618063366886669,4.091766964866572,0.37426896244792196,7.557263685383858e-09,-4.578547590376595e-09,6.165302485220204e-08,7.561339367281814e-09,4.582618231308212e-09,6.170290211415265e-08
20,0.0,4.091766964866572,0.14970758497916878,-1.5914428417983143e-09,8.849126194842166e-10,6.823583798205404e-08,1.5922586573660384e-09,8.858397900470058e-10,6.828902876071042e-08
21,0.1618063366886669,4.091766964866572,0.29941516995833756,4.512033261464805e-09,-2.7432409400086484e-09,6.16698929250141e-08,4.514497246307511e-09,2.7456486642368863e-09,6.171979513432882e-08
22,0.0,3.2734135718932578,0.29941516995833756,3.562345105668291e-09,-3.168911570182451e-09,4.4911071626303146e-08,3.5640154674119948e-09,3.1717211239120584e-09,4.4943286240663044e-08
23,0.0,4.500943661353229,0.14970758497916878,-1.6379785801295297e-09,8.722007907810619e-10,7.820486550723072e-08,1.6387654081648276e-09,8.731077215159714e-10,7.826688198007571e-08
24,0.0,3.682590268379915,0.14970758497916878,-1.45293325009129e-09,9.413667642624022e-10,5.729213628013764e-08,1.4536887561698103e-09,9.423342378496611e-10,5.733546462266892e-08
25,0.08090316834433345,3.682590268379915,0.22456137746875315,1.3407638453814282e-09,-9.859709273151418e-10,5.428006285066544e-08,1.3414478455269932e-09,9.867912365228328e-10,5.432193468303671e-08
26,0.24270950503300034,4.500943661353229,0.37426896244792196,7.871818281952905e-09,-4.406176494463359e-09,6.78920672043677e-08,7.876211544994385e-09,4.410079238066285e-09,6.794885549593944e-08
27,0.0,3.2734135718932578,0.37426896244792196,5.977235414610128e-09,-5.400209546120283e-09,4.4866058633181644e-08,5.980056075279237e-09,5.4050163363591826e-09,4.4898236772717994e-08
28,0.0,3.2734135718932578,0.22456137746875315,1.1560971692535077e-09,-1.052427209175479e-09,4.494234789919669e-08,1.1566180174904212e-09,1.0533204900415606e-09,4.497459243452952e-08
29,0.08090316834433345,4.500943661353229,0.14970758497916878,-1.636574137676992e-09,8.799579911202636e-10,7.482697215021852e-08,1.6373612491471104e-09,8.808547181937915e-10,7.488725932641387e-08
30,0.08090316834433345,4.091766964866572,0.14970758497916878,-1.5864384908097973e-09,8.958305199730465e-10,6.496215289896564e-08,1.5872514939831064e-09,8.967531171524608e-10,6.501369354245079e-08
31,0.1618063366886669,4.500943661353229,0.22456137746875315,1.5149146431967165e-09,-9.055093342548143e-10,7.140052307581146e-08,1.5158532525393883e-09,9.062384764523822e-10,7.145908394693216e-08
32,0.1618063366886669,4.091766964866572,0.22456137746875315,1.4635141741477944e-09,-9.237441539209228e-10,6.167451153613689e-08,1.4643438783428405e-09,9.244969448219173e-10,6.172442572841576e-08
33,0.24270950503300034,4.500943661353229,0.29941516995833756,4.683627060155676e-09,-2.6511746784275712e-09,6.790383714375735e-08,4.686301189236529e-09,2.6534991886979035e-09,6.796064885211974e-08
34,0.08090316834433345,3.2734135718932578,0.37426896244792196,5.9395575294843295e-09,-5.483206884484578e-09,4.230824121169133e-08,5.942352705586063e-09,5.488070094885655e-09,4.233928889987515e-08
35,0.08090316834433345,3.2734135718932578,0.29941516995833756,3.5471688674691983e-09,-3.235019903469708e-09,4.2333182440564584e-08,3.5488321636074423e-09,3.237879900987783e-09,4.236425699447156e-08
36,0.1618063366886669,3.682590268379915,0.37426896244792196,6.873650343864855e-09,-4.920578338057434e-09,5.1240402023327264e-08,6.8771609486496725e-09,4.925015639722398e-09,5.128081325105861e-08
37,0.1618063366886669,3.682590268379915,0.29941516995833756,4.103230310091262e-09,-2.9322791603044766e-09,5.126006557155047e-08,4.105337126925758e-09,2.934897368793826e-09,5.1300510380377304e-08
38,0.24270950503300034,4.091766964866572,0.37426896244792196,7.57627810057645e-09,-4.491894161776761e-09,5.834051256691873e-08,7.580385025153394e-09,4.49591663611001e-09,5.838876191104322e-08
39,0.0,4.091766964866572,0.07485379248958439,-4.645639780535446e-09,2.70558691118915e-09,6.823796008597016e-08,4.6480909147264765e-09,2.7081632008771957e-09,6.829114562542496e-08
40,0.0,3.2734135718932578,0.14970758497916878,-1.2524047512398933e-09,1.029123881101569e-09,4.496730930353047e-08,1.2530393594085939e-09,1.0301257556310568e-09,4.499957410072333e-08
41,0.08090316834433345,3.682590268379915,0.14970758497916878,-1.440638824727109e-09,9.62782030977811e-10,5.428379698962737e-08,1.4413872795392497e-09,9.637549991298778e-10,5.432567645364181e-08
42,0.24270950503300034,4.091766964866572,0.29941516995833756,4.516710511239209e-09,-2.696043190562502e-09,5.835653629472739e-08,4.519192643930684e-09,2.6984310064176213e-09,5.8404818551310466e-08
43,0.0,2.8642368754066005,0.29941516995833756,2.80060757618462e-09,-3.379787354416427e-09,3.096225074846299e-08,2.801777421805798e-09,3.382797910386446e-09,3.0982668969728654e-08
44,0.08090316834433345,3.2734135718932578,0.22456137746875315,1.1565665434556535e-09,-1.0739261676605578e-09,4.234878704844865e-08,1.1570887685574045e-09,1.0748406561734038e-09,4.2379881691266247e-08
45,0.0,4.500943661353229,0.07485379248958439,-4.785966721291861e-09,2.661245205024548e-09,7.820387866306757e-08,4.7884569918701775e-09,2.6637538945301884e-09,7.826588333315429e-08
46,0.0,3.682590268379915,0.07485379248958439,-4.253404458507483e-09,2.8772144866519147e-09,5.7301232337203604e-08,4.255598928634137e-09,2.8799578578826944e-09,5.7344564700545145e-08
47,0.1618063366886669,3.682590268379915,0.22456137746875315,1.3347566819398127e-09,-9.788939027468515e-10,5.126691891041913e-08,1.335440770367588e-09,9.797205390778058e-10,5.1307382578004874e-08
48,0.3236126733773338,4.500943661353229,0.37426896244792196,7.917430442497113e-09,-4.3122190196991585e-09,6.432327720748104e-08,7.921886994510188e-09,4.316083072646032e-09,6.437829113399577e-08
49,0.0,2.8642368754066005,0.37426896244792196,4.719448228856611e-09,-5.794182603506168e-09,3.092322059164271e-08,4.721445692794623e-09,5.799315338415907e-09,3.09436068393102e-08
50,0.0,2.8642368754066005,0.22456137746875315,9.01497249641459e-10,-1.1175505810823299e-09,3.0994016492743574e-08,9.018468823576658e-10,1.1185316745859522e-09,3.101446331855161e-08
51,0.08090316834433345,4.500943661353229,0.07485379248958439,-4.784250414533971e-09,2.6765415596205705e-09,7.482561956291167e-08,4.786739448017139e-09,2.6790471552901005e-09,7.488590003707839e-08
52,0.08090316834433345,4.091766964866572,0.07485379248958439,-4.636988129616105e-09,2.730577130236374e-09,6.49581685256802e-08,4.639432993562242e-09,2.7331622667182586e-09,6.500970209457471e-08
53,0.1618063366886669,4.500943661353229,0.14970758497916878,-1.639703036001201e-09,8.747183185861028e-10,7.139969159393168e-08,1.6404917637965524e-09,8.756007553855379e-10,7.145825132825969e-08
54,0.1618063366886669,4.091766964866572,0.14970758497916878,-1.5862286810092426e-09,8.905602274351987e-10,6.167266626347221e-08,1.587042542708011e-09,8.914669416668124e-10,6.172258076360983e-08
55,0.24270950503300034,4.500943661353229,0.22456137746875315,1.5143923135368174e-09,-8.958941263881016e-10,6.790566288376778e-08,1.5153372572986695e-09,8.966287356518425e-10,6.796248510643919e-08
56,0.0,3.2734135718932578,0.07485379248958439,-3.6745535658303474e-09,3.1447453576232027e-09,4.498982079004758e-08,3.6763463975669373e-09,3.1476630279028865e-09,4.502209752960383e-08
57,0.08090316834433345,3.2734135718932578,0.14970758497916878,-1.2358899539215052e-09,1.05820953139842e-09,4.2357572338743296e-08,1.236515762497215e-09,1.0592237896736695e-09,4.238867724144108e-08
58,0.24270950503300034,4.091766964866572,0.22456137746875315,1.463223257324557e-09,-9.088762869449007e-10,5.8360150538301544e-08,1.4640591133022491e-09,9.096308802709879e-10,5.840844797854403e-08
59,0.3236126733773338,4.500943661353229,0.29941516995833756,4.698260949999333e-09,-2.596112611500297e-09,6.433429495383617e-08,4.700968878399543e-09,2.5984204883241674e-09,6.43893406353254e-08
60,0.08090316834433345,2.8642368754066005,0.37426896244792196,4.684901638431641e-09,-5.871047711674489e-09,2.8907794721780267e-08,4.6868753641153955e-09,5.876240765724219e-09,2.8927387268242615e-08
61,0.08090316834433345,2.8642368754066005,0.29941516995833756,2.790403030142467e-09,-3.4548334485796304e-09,2.892233596221707e-08,2.791567833570794e-09,3.457897530642125e-09,2.8941949091178136e-08
62,0.1618063366886669,3.2734135718932578,0.37426896244792196,5.9013638810721815e-09,-5.404959504755184e-09,3.971416391012304e-08,5.904145040459027e-09,5.409773776102924e-09,3.974409626620568e-08
63,0.1618063366886669,3.2734135718932578,0.29941516995833756,3.5212231566791883e-09,-3.208397286765372e-09,3.9731137961367606e-08,3.5228808969532978e-09,3.211245033736009e-09,3.9761100116049926e-08
64,0.24270950503300034,3.682590268379915,0.37426896244792196,6.850691118717351e-09,-4.8026546334305375e-09,4.8222996881271217e-08,6.854214858149992e-09,4.807014953673153e-09,4.826200760074824e-08
65,0.0,2.8642368754066005,0.14970758497916878,-9.982773565392666e-10,1.099442330307962e-09,3.10266369711766e-08,9.987537616874283e-10,1.1004636561920117e-09,3.104710718738435e-08
66,0.24270950503300034,3.682590268379915,0.29941516995833756,4.084276552878302e-09,-2.8695677558447393e-09,4.823879175748232e-08,4.0863913662840976e-09,2.872151141038611e-09,4.8277842864605744e-08
67,0.3236126733773338,4.091766964866572,0.37426896244792196,7.596656912144239e-09,-4.374758440987953e-09,5.500254597659044e-08,7.600819582319819e-09,4.378714356261794e-09,5.5049158755355093e-08
68,0.0,4.091766964866572,0.0,-7.694264719347153e-09,4.5667406373320495e-09,6.82362509174704e-08,7.698333381516198e-09,4.570991241943126e-09,6.828942699602073e-08
69,0.08090316834433345,3.682590268379915,0.07485379248958439,-4.228641087079393e-09,2.928782575555113e-09,5.4278861753606045e-08,4.230820294209515e-09,2.931555984861338e-09,5.432073711168722e-08
70,0.1618063366886669,3.682590268379915,0.14970758497916878,-1.4343918958413991e-09,9.614530549646381e-10,5.126529668370735e-08,1.4351384939853344e-09,9.624123573686445e-10,5.130576483077109e-08
71,0.3236126733773338,4.091766964866572,0.29941516995833756,4.522956231414502e-09,-2.6280225308981383e-09,5.501616592796289e-08,4.525470075838121e-09,2.6303772142399057e-09,5.506281991717114e-08
72,0.0,2.4550601789199433,0.29941516995833756,1.947875707324536e-09,-3.440295203476411e-09,1.6389066017199828e-08,1.9485063380726214e-09,3.4434484712196726e-09,1.639718490080088e-08
73,0.08090316834433345,2.8642368754066005,0.22456137746875315,9.047519090317371e-10,-1.1443822806582626e-09,2.89357523018821e-08,9.051043164572532e-10,1.1453835611378835e-09,2.8955382966669882e-08
74,0.1618063366886669,3.2734135718932578,0.22456137746875315,1.1470609762338462e-09,-1.0660424971390043e-09,3.9738471946068075e-08,1.1475821634152633e-09,1.0669585961048112e-09,3.9768452398041754e-08
75,0.0,4.500943661353229,0.0,-7.917814914486185e-09,4.4785117525854835e-09,7.820198771358324e-08,7.921984640081093e-09,4.482639245318786e-09,7.826398176091309e-08
76,0.0,3.682590268379915,0.0,-7.06924597581678e-09,4.889465814320694e-09,5.730236183733092e-08,7.072878522940411e-09,4.894043468536115e-09,5.7345690531677165e-08
77,0.0,2.8642368754066005,0.07485379248958439,-2.9174823261461353e-09,3.3605441087545145e-09,3.1064568579252e-08,2.9187892867685746e-09,3.363594719908342e-09,3.108505840630505e-08
78,0.08090316834433345,3.2734135718932578,0.07485379248958439,-3.6417908122172003e-09,3.2165442984026322e-09,4.2358391688431365e-08,3.6435661052558776e-09,3.2195030548731034e-09,4.238949590469119e-08
79,0.24270950503300034,3.682590268379915,0.22456137746875315,1.3265648370306802e-09,-9.574808731356306e-10,4.8243243226275765e-08,1.327251729431343e-09,9.583037822160565e-10,4.8282315393284e-08
80,0.4045158417216672,4.500943661353229,0.37426896244792196,7.961074546356062e-09,-4.189845584469114e-09,6.068690779549741e-08,7.965618570296317e-09,4.1936601025973994e-09,6.074010878523309e-08
81,0.0,2.4550601789199433,0.37426896244792196,3.308800826575136e-09,-5.904909578266086e-09,1.6367267578910027e-08,3.3099041874115142e-09,5.910280313749137e-09,1.6375362574380584e-08
82,0.0,2.4550601789199433,0.22456137746875315,6.163978824060998e-10,-1.1413788537433377e-09,1.641458261606324e-08,6.165701539394775e-10,1.1424238352018105e-09,1.6422725792199097e-08
83,0.08090316834433345,2.8642368754066005,0.14970758497916878,-9.81844943972043e-10,1.1309477296191319e-09,2.894817562238111e-08,9.82311807087762e-10,1.1319878445526495e-09,2.8967817580590862e-08
84,0.08090316834433345,4.500943661353229,0.0,-7.91983656278258e-09,4.489446638402375e-09,7.481771905145179e-08,7.924003156466965e-09,4.493567466860869e-09,7.487798813225768e-08
85,0.08090316834433345,4.091766964866572,0.0,-7.683033345371405e-09,4.593583257866961e-09,6.49459520405157e-08,7.687089990170287e-09,4.597847318647654e-09,6.499746989028509e-08
86,0.1618063366886669,4.500943661353229,0.07485379248958439,-4.794687833157372e-09,2.660247961845404e-09,7.139496997958802e-08,4.797184234987389e-09,2.6627347155034846e-09,7.145352013637734e-08
87,0.1618063366886669,4.091766964866572,0.07485379248958439,-4.637647066891971e-09,2.7111552465885236e-09,6.166490153454492e-08,4.640096056715462e-09,2.7137160961520034e-09,6.171480478214507e-08
88,0.24270950503300034,4.500943661353229,0.14970758497916878,-1.6480981997071857e-09,8.600188994479004e-10,6.790331710115279e-08,1.6488937692440344e-09,8.608840937284995e-10,6.796013785589448e-08
89,0.0,3.2734135718932578,0.0,-6.133408103955931e-09,5.374663416591198e-09,4.500392140417201e-08,6.13637278674532e-09,5.379578091016512e-09,4.5036203301474176e-08
90,0.24270950503300034,4.091766964866572,0.14970758497916878,-1.5886303848014945e-09,8.753399157504007e-10,5.835700029020882e-08,1.5894496861045964e-09,8.76223378512419e-10,5.840529748651721e-08
91,0.3236126733773338,4.500943661353229,0.22456137746875315,1.5138069320782505e-09,-8.791674290976221e-10,6.43355865410594e-08,1.5147616820140955e-09,8.79903480829238e-10,6.439064648277736e-08
92,0.1618063366886669,3.2734135718932578,0.14970758497916878,-1.2278789781226407e-09,1.0565712181316975e-09,3.9739359649500524e-08,1.2285021155275264e-09,1.0575758641268991e-09,3.9769345955943515e-08
93,0.3236126733773338,4.091766964866572,0.22456137746875315,1.4634798374155456e-09,-8.862526923581235e-10,5.501902125552135e-08,1.4643260089279434e-09,8.870043884067574e-10,5.506569390299918e-08
94,0.4045158417216672,4.500943661353229,0.29941516995833756,4.713232627705029e-09,-2.522680462252606e-09,6.069577001549279e-08,4.715987643860176e-09,2.524964247875869e-09,6.074901069549515e-08
95,0.08090316834433345,2.4550601789199433,0.37426896244792196,3.2824514055585156e-09,-5.975240491522778e-09,1.4956771452709774e-08,3.2835370160994463e-09,5.980665075928612e-09,1.4964422253761548e-08
96,0.08090316834433345,2.4550601789199433,0.29941516995833756,1.945620889531378e-09,-3.5181395926608366e-09,1.4954706481525895e-08,1.946250374415314e-09,3.5213466404593536e-09,1.4962367441201423e-08
97,0.1618063366886669,2.8642368754066005,0.37426896244792196,4.644967858328845e-09,-5.771648924045693e-09,2.6862759267677522e-08,4.646926126496147e-09,5.776783214147152e-09,2.688156275560306e-08
98,0.1618063366886669,2.8642368754066005,0.29941516995833756,2.765651959825063e-09,-3.4214955982501297e-09,2.6867095380150768e-08,2.7668100119391203e-09,3.4245416728280975e-09,2.6885920259080724e-08
99,0.24270950503300034,3.2734135718932578,0.37426896244792196,5.8564255925262665e-09,-5.2515387757535444e-09,3.7112575481766496e-08,5.859209054645412e-09,5.25625438292017e-09,3.714140719428276e-08
100,0.0,2.4550601789199433,0.14970758497916878,-7.137558347724873e-10,1.1088885880124862e-09,1.6449919694737054e-08,7.140485069697409e-10,1.109919829056321e-09,1.6458088160444454e-08
101,0.24270950503300034,3.2734135718932578,0.29941516995833756,3.489002680262133e-09,-3.128765296786384e-09,3.7123088592004346e-08,3.490661989539121e-09,3.1315648478953094e-09,3.715195556820206e-08
102,0.3236126733773338,3.682590268379915,0.37426896244792196,6.822329200584895e-09,-4.651662989659569e-09,4.520603771234054e-08,6.825887638949305e-09,4.655922821675867e-09,4.524364505448931e-08
103,0.3236126733773338,3.682590268379915,0.29941516995833756,4.063574449640767e-09,-2.782891046904766e-09,4.5217845432090216e-08,4.065708939741458e-09,2.7854218692196903e-09,4.525550001347319e-08
104,0.4045158417216672,4.091766964866572,0.37426896244792196,7.612165743972927e-09,-4.233868165892221e-09,5.1646804726290435e-08,7.616407733785684e-09,4.237745389503325e-09,5.169175606370543e-08
105,0.08090316834433345,3.682590268379915,0.0,-7.025870482992782e-09,4.9498649778278915e-09,5.4263755359401294e-08,7.029470604426945e-09,4.954481691162729e-09,5.4305616990880304e-08
106,0.1618063366886669,3.682590268379915,0.07485379248958439,-4.2090445857056134e-09,2.9123612397160134e-09,5.125599339590896e-08,4.2112182743361794e-09,2.9151099262386776e-09,5.129645224879509e-08
107,0.0,2.8642368754066005,0.0,-4.895256894235033e-09,5.772127283541357e-09,3.1099948829168126e-08,4.897419227478479e-09,5.777299876129799e-09,3.112045372715059e-08
108,0.08090316834433345,2.8642368754066005,0.07485379248958439,-2.8877076439936557e-09,3.439864239013686e-09,2.8957901876213797e-08,2.888997600918656e-09,3.4429663127937877e-09,2.897754720951747e-08
109,0.24270950503300034,3.682590268379915,0.14970758497916878,-1.429289082064851e-09,9.461952225866365e-10,4.824030875929388e-08,1.4300374957753752e-09,9.471292922080426e-10,4.82793844495412e-08
110,0.4045158417216672,4.091766964866572,0.29941516995833756,4.528225779469035e-09,-2.5442480440212527e-09,5.1657033888086084e-08,4.5307844413221004e-09,2.5465608050589607e-09,5.1702034037281976e-08
111,0.0,2.045883482433286,0.29941516995833756,1.0770306438047098e-09,-3.3533469831055996e-09,1.8808476784514982e-09,1.0771642090998424e-09,3.3565351274991887e-09,1.883455131382943e-09
112,0.08090316834433345,2.4550601789199433,0.22456137746875315,6.22782777975541e-10,-1.170571718136062e-09,1.496159882159334e-08,6.229593119733617e-10,1.1716359368502941e-09,1.4969272129441614e-08
113,0.1618063366886669,2.8642368754066005,0.22456137746875315,8.954492685675777e-10,-1.1362553881586392e-09,2.6870038425084597e-08,8.958000270788359e-10,1.137253790309888e-09,2.6888877435333692e-08
114,0.0,2.4550601789199433,0.07485379248958439,-2.066238832912339e-09,3.40715973972639e-09,1.6499168048821207e-08,2.0670016996252294e-09,3.4102987890888894e-09,1.6507364729010907e-08
115,0.24270950503300034,3.2734135718932578,0.22456137746875315,1.133280037054085e-09,-1.0398793490936019e-09,3.712640329691288e-08,1.1338016369505524e-09,1.0407846502855841e-09,3.71552897862482e-08
116,0.08090316834433345,3.2734135718932578,0.0,-6.0702230332094924e-09,5.458371541619471e-09,4.235225185142447e-08,6.0731479061089795e-09,5.463331966554175e-09,4.2383348083708456e-08
117,0.1618063366886669,3.2734135718932578,0.07485379248958439,-3.612757748441112e-09,3.1959371808011644e-09,3.973507529944203e-08,3.6145237367074545e-09,3.1988723726887334e-09,3.9765055513166765e-08
118,0.3236126733773338,3.682590268379915,0.22456137746875315,1.3181309497782527e-09,-9.275342390585616e-10,4.522110280636557e-08,1.3188245459094326e-09,9.283469561894224e-10,4.525878113723232e-08
119,0.4854190100660007,4.500943661353229,0.37426896244792196,7.99675734026369e-09,-4.042684950104833e-09,5.699582781209539e-08,8.001411107884947e-09,4.046439976417533e-09,5.7047160289238093e-08
120,0.0,2.045883482433286,0.37426896244792196,1.8643206194886e-09,-5.75098625274959e-09,1.875773407637766e-09,1.8645844864729727e-09,5.756412004177516e-09,1.8784133655056223e-09
121,0.0,2.045883482433286,0.22456137746875315,3.267055272887349e-10,-1.1236941046877776e-09,1.8985913749489474e-09,3.267274055460688e-10,1.1247619924356339e-09,1.90112940730587e-09
122,0.08090316834433345,2.4550601789199433,0.14970758497916878,-7.000082293784886e-10,1.140606931987243e-09,1.497497543773139e-08,7.002917486166591e-10,1.141660901267319e-09,1.4982660315574416e-08
123,0.1618063366886669,2.8642368754066005,0.14970758497916878,-9.755589837251586e-10,1.1258655162662306e-09,2.6872638668370272e-08,9.760232054493074e-10,1.1269006313479115e-09,2.689148350012958e-08
124,0.1618063366886669,4.500943661353229,0.0,-7.95267350186221e-09,4.454259704301545e-09,7.137819085255855e-08,7.956857035769057e-09,4.458348919149117e-09,7.143672180781933e-08
125,0.1618063366886669,4.091766964866572,0.0,-7.690476762635022e-09,4.547976080844708e-09,6.164694593572538e-08,7.694539756012804e-09,4.552196763558355e-09,6.169682580612955e-08
126,0.24270950503300034,4.500943661353229,0.07485379248958439,-4.8170791809992674e-09,2.619335199822463e-09,6.789556549490012e-08,4.819597365387583e-09,2.6217920806881676e-09,6.795237221169522e-08
127,0.24270950503300034,4.091766964866572,0.07485379248958439,-4.644284301212707e-09,2.6632803917463816e-09,5.8347612609361805e-08,4.6467505551735756e-09,2.6657960736702356e-09,5.83958944313581e-08
128,0.3236126733773338,4.500943661353229,0.14970758497916878,-1.6598750310754755e-09,8.385001148721715e-10,6.433215349387447e-08,1.6606835873475967e-09,8.393459542093532e-10,6.438721156697282e-08
129,0.3236126733773338,4.091766964866572,0.14970758497916878,-1.5917589977352806e-09,8.538550854243312e-10,5.501549355533425e-08,1.5925884916568445e-09,8.547108345550307e-10,5.506216564139864e-08
130,0.4045158417216672,4.500943661353229,0.22456137746875315,1.513179310415876e-09,-8.555055074674583e-10,6.069629923490373e-08,1.5141471274969999e-09,8.562400950584278e-10,6.074955760399425e-08
131,0.0,2.4550601789199433,0.0,-3.490222104549884e-09,5.870154665144289e-09,1.655351873392021e-08,3.491491051498548e-09,5.875509341937654e-09,1.656174334695752e-08
132,0.08090316834433345,2.8642368754066005,0.0,-4.82877110066935e-09,5.853058624236726e-09,2.8969620542925463e-08,4.830892768914139e-09,5.858288022725775e-09,2.8989265413417218e-08
133,0.24270950503300034,3.2734135718932578,0.14970758497916878,-1.220465574827181e-09,1.0361083335511193e-09,3.7125545049795997e-08,1.2210886737310588e-09,1.0370902176576027e-09,3.715443628024425e-08
134,0.4045158417216672,4.091766964866572,0.22456137746875315,1.4639556316364705e-09,-8.576112802788561e-10,5.165896759350915e-08,1.4648161154349254e-09,8.583567653278597e-10,5.1703989541648503e-08
135,0.4854190100660007,4.500943661353229,0.29941516995833756,4.725855643908891e-09,-2.433411109046364e-09,5.7001714362464884e-08,4.728669804452444e-09,2.4356641581850145e-09,5.705309342890125e-08
136,0.08090316834433345,2.045883482433286,0.37426896244792196,1.8486017644149832e-09,-5.805651247542501e-09,1.0813825453130404e-09,1.848856898125135e-09,5.81112453435724e-09,1.0872510986414207e-09
137,0.08090316834433345,2.045883482433286,0.29941516995833756,1.0824955917405918e-09,-3.426186982007002e-09,1.0643445988149652e-09,1.0826315755896099e-09,3.4294279865852286e-09,1.0703410253257257e-09
138,0.1618063366886669,2.4550601789199433,0.37426896244792196,3.2490690911179393e-09,-5.866823474457552e-09,1.3519577719928484e-08,3.2501407221667963e-09,5.8721767794024315e-09,1.3526779009376828e-08
139,0.1618063366886669,2.4550601789199433,0.29941516995833756,1.926796312942557e-09,-3.4817357877920338e-09,1.3506985831415862e-08,1.9274197418721434e-09,3.484918199281665e-09,1.3514194994608488e-08
140,0.24270950503300034,2.8642368754066005,0.37426896244792196,4.594730298378128e-09,-5.589533210428692e-09,2.481852228791473e-08,4.596683444401082e-09,5.594552737064957e-09,2.4836546576657238e-08
141,0.0,2.045883482433286,0.14970758497916878,-4.2029263042677813e-10,1.057181978483494e-09,1.9337749919218852e-09,4.2039610002165147e-10,1.0582002960318376e-09,1.936197599354726e-09
142,0.24270950503300034,2.8642368754066005,0.29941516995833756,2.7316996388687367e-09,-3.3280624864397968e-09,2.481550328757499e-08,2.73285428281827e-09,3.3310498940611587e-09,2.4833552134916492e-08
143,0.3236126733773338,3.2734135718932578,0.37426896244792196,5.801540512724295e-09,-5.059828934793595e-09,3.452311702309158e-08,5.8043425720985844e-09,5.0644193417846866e-09,3.4550850542569146e-08
144,0.3236126733773338,3.2734135718932578,0.29941516995833756,3.4524616769929366e-09,-3.0204471729347597e-09,3.45283463223502e-08,3.454131165914137e-09,3.023178113534495e-09,3.455612058613563e-08
145,0.4045158417216672,3.682590268379915,0.37426896244792196,6.787272760625699e-09,-4.480062857701453e-09,4.220170769948908e-08,6.7908855827993765e-09,4.484207533435756e-09,4.223789296497383e-08
146,0.08090316834433345,2.4550601789199433,0.07485379248958439,-2.0451318468116e-09,3.4878398083688354e-09,1.499241081336385e-08,2.0458808871370617e-09,3.491035901345182e-09,1.5000104636472566e-08
147,0.4045158417216672,3.682590268379915,0.29941516995833756,4.040928068507092e-09,-2.681754701798131e-09,4.2209739895082603e-08,4.04309327376815e-09,2.684221746875066e-09,4.224597815477606e-08
148,0.4854190100660007,4.091766964866572,0.37426896244792196,7.619725170554886e-09,-4.0739201140333515e-09,4.828225681852352e-08,7.624067182550947e-09,4.077708549050472e-09,4.832550632645318e-08
149,0.1618063366886669,3.682590268379915,0.0,-6.992248773833366e-09,4.895707395709416e-09,5.123716658859689e-08,6.9958335283505436e-09,4.900270223552778e-09,5.127760404682047e-08
150,0.24270950503300034,3.682590268379915,0.07485379248958439,-4.190239334841134e-09,2.855913163051195e-09,4.823089912729306e-08,4.192418330159745e-09,2.8586054730406057e-09,4.82699616738434e-08
151,0.1618063366886669,2.8642368754066005,0.07485379248958439,-2.8598316622954857e-09,3.4097400220430418e-09,2.6876599887105223e-08,2.8611111356097273e-09,3.412821887277733e-09,2.6895442773687136e-08
152,0.3236126733773338,3.682590268379915,0.14970758497916878,-1.423458763979164e-09,9.22231628968273e-10,4.521850513814109e-08,1.4242123376460682e-09,9.231343653846998e-10,4.525618655027467e-08
153,0.4854190100660007,4.091766964866572,0.29941516995833756,4.530554522821126e-09,-2.4482313158564203e-09,4.8288693229006985e-08,4.53316961633524e-09,2.450495100331229e-09,4.8331997823680005e-08
154,0.0,1.6367067859466289,0.29941516995833756,2.636918663194677e-10,-3.1293178598638706e-09,-1.1756017714084474e-08,2.641034565951897e-10,3.132430751666261e-09,1.1776440474925132e-08
155,0.08090316834433345,2.045883482433286,0.22456137746875315,3.3569286896519713e-10,-1.1517451184835942e-09,1.064532976080322e-09,3.357183263561797e-10,1.1528314953593552e-09,1.0705068925165352e-09
156,0.1618063366886669,2.4550601789199433,0.22456137746875315,6.153447537574051e-10,-1.1623625356921123e-09,1.3502597979257455e-08,6.155196065960078e-10,1.1634200886592774e-09,1.3509814226840779e-08
157,0.0,2.045883482433286,0.07485379248958439,-1.1912426284404658e-09,3.285866510761306e-09,1.990049682816111e-09,1.1914692909002047e-09,3.2890050982878926e-09,1.9923073613269337e-09
158,0.24270950503300034,2.8642368754066005,0.22456137746875315,8.805927788525751e-10,-1.1071576138408875e-09,2.4813415685934565e-08,8.80941754375741e-10,1.1081388325467495e-09,2.4831478707954223e-08
159,0.3236126733773338,3.2734135718932578,0.22456137746875315,1.118501620336394e-09,-1.0036131708729655e-09,3.452980802131712e-08,1.1190266760318927e-09,1.0045000661785322e-09,3.4557603863392925e-08
160,0.1618063366886669,3.2734135718932578,0.0,-6.0134957618263764e-09,5.386315734057082e-09,3.972679058430417e-08,6.016395345724799e-09,5.391215853371819e-09,3.975675585104104e-08
161,0.08090316834433345,2.4550601789199433,0.0,-3.432712477191815e-09,5.944808319640563e-09,1.5021048619427364e-08,3.433944440149144e-09,5.950220462373151e-09,1.502875362340593e-08
162,0.24270950503300034,3.2734135718932578,0.07485379248958439,-3.5815489297954687e-09,3.1223455367889726e-09,3.712204732100651e-08,3.5833133536276394e-09,3.1252205531529696e-09,3.715092941990971e-08
163,0.4045158417216672,3.682590268379915,0.22456137746875315,1.3098527192384306e-09,-8.927514886102374e-10,4.221205686068568e-08,1.3105567705351277e-09,8.93549440374601e-10,4.224832120597217e-08
164,0.5663221784103342,4.500943661353229,0.37426896244792196,8.021387296363334e-09,-3.875269022941911e-09,5.326506591759624e-08,8.026169723552386e-09,3.87895348883798e-09,5.3314457910694104e-08
165,0.0,1.6367067859466289,0.37426896244792196,5.091909650362277e-10,-5.350866801615381e-09,-1.17445589096159e-08,5.096425133807584e-10,5.356159719521753e-09,1.176499203773589e-08
166,0.0,1.6367067859466289,0.22456137746875315,6.025769692573206e-11,-1.0609092678631717e-09,-1.1747873290203258e-08,6.061126630518355e-11,1.061963443715948e-09,1.1768280556321067e-08
167,0.08090316834433345,2.045883482433286,0.14970758497916878,-4.09746144651719e-10,1.0876313736444883e-09,1.077721269562541e-09,4.098427772682469e-10,1.088674099215939e-09,1.0835641478631582e-09
168,0.1618063366886669,2.4550601789199433,0.14970758497916878,-6.969440117013213e-10,1.1337474458357682e-09,1.3505358932826075e-08,6.972256526667126e-10,1.1347985555662931e-09,1.3512580316399637e-08
169,0.0,2.045883482433286,0.0,-2.041433575636182e-09,5.68079127209379e-09,2.0581325440990653e-09,2.041822353733518e-09,5.6861664663696675e-09,2.0602093903829398e-09
170,0.24270950503300034,2.8642368754066005,0.14970758497916878,-9.689574501346352e-10,1.0989218564566345e-09,2.4813913345952368e-08,9.694207939136549e-10,1.0999375557873264e-09,2.4831980969766285e-08
171,0.24270950503300034,4.500943661353229,0.0,-8.00669044453662e-09,4.382965187432458e-09,6.787380438291155e-08,8.010915705064414e-09,4.387005981839982e-09,6.7930582620588e-08
172,0.24270950503300034,4.091766964866572,0.0,-7.709279825201107e-09,4.46029343658297e-09,5.832759333619884e-08,7.713373035450078e-09,4.46444052926971e-09,5.837584299655273e-08
173,0.3236126733773338,4.500943661353229,0.07485379248958439,-4.846037427372731e-09,2.558553545112176e-09,6.432282914963644e-08,4.848593651502169e-09,2.56097277891984e-09,6.437786837678168e-08
174,0.3236126733773338,4.091766964866572,0.07485379248958439,-4.652896036889471e-09,2.59615286191613e-09,5.5005956597183495e-08,4.6553938908465095e-09,2.598610714556586e-09,5.505260914353943e-08
175,0.4045158417216672,4.500943661353229,0.14970758497916878,-1.6725222518891929e-09,8.120879276452069e-10,6.069235580390152e-08,1.6733500698103698e-09,8.12912474248319e-10,6.074561179246735e-08
176,0.4045158417216672,4.091766964866572,0.14970758497916878,-1.5942300598522054e-09,8.280009730020597e-10,5.1655507050805355e-08,1.5950744897758577e-09,8.288264000002663e-10,5.170052801880839e-08
177,0.4854190100660007,4.500943661353229,0.22456137746875315,1.5123883827401003e-09,-8.255575135194885e-10,5.700133504603477e-08,1.5133720535525695e-09,8.262882524923232e-10,5.705273467348039e-08
178,0.1618063366886669,2.8642368754066005,0.0,-4.764993604190676e-09,5.7574152875006995e-09,2.6886872985001753e-08,4.767086098167055e-09,5.762583783725045e-09,2.6905709810790594e-08
179,0.3236126733773338,3.2734135718932578,0.14970758497916878,-1.211351807726281e-09,1.0045034902608713e-09,3.452948446890472e-08,1.211976842756312e-09,1.005455499277711e-09,3.4557284773795065e-08
180,0.4854190100660007,4.091766964866572,0.22456137746875315,1.4640966758237128e-09,-8.243559017289477e-10,4.82894461582477e-08,1.4649749420816315e-09,8.250923474026701e-10,4.8332775132160266e-08
181,0.5663221784103342,4.500943661353229,0.29941516995833756,4.734247706000605e-09,-2.3312874144352837e-09,5.326751288747553e-08,4.737131236663972e-09,2.333502571352233e-09,5.331695697293756e-08
182,0.08090316834433345,1.6367067859466289,0.37426896244792196,5.024612135755287e-10,-5.389358468480797e-09,-1.1959815762574663e-08,5.029318688641628e-10,5.394687655931108e-09,1.1979346097596657e-08
183,0.08090316834433345,1.6367067859466289,0.29941516995833756,2.7473087467685674e-10,-3.1915832541895574e-09,-1.1989626908821701e-08,2.7510422290258824e-10,3.1947453690283347e-09,1.200915995523943e-08
184,0.1618063366886669,2.045883482433286,0.37426896244792196,1.8244657050038687e-09,-5.693367042120797e-09,2.650413450788247e-10,1.8247118119500868e-09,5.698761576984996e-09,2.9384609840224013e-10
185,0.1618063366886669,2.045883482433286,0.29941516995833756,1.0708095090418836e-09,-3.3870101464734746e-09,2.3744667700728566e-10,1.0709419568737251e-09,3.390222589493113e-09,2.695191107799893e-10
186,0.24270950503300034,2.4550601789199433,0.37426896244792196,3.203545335156123e-09,-5.673744374258353e-09,1.2083722941814564e-08,3.2046065339367393e-09,5.6789670162963326e-09,1.2090480558460214e-08
187,0.0,1.6367067859466289,0.14970758497916878,-1.375780488494117e-10,9.63581330615734e-10,-1.1716815354287442e-08,1.375902757994838e-10,9.645511224723452e-10,1.1737200968899068e-08
188,0.24270950503300034,2.4550601789199433,0.29941516995833756,1.896914193436952e-09,-3.382629818735286e-09,1.2063942653578354e-08,1.8975308779005647e-09,3.3857439429670072e-09,1.2070708229469334e-08
189,0.3236126733773338,2.8642368754066005,0.37426896244792196,4.532924293766317e-09,-5.366121111768827e-09,2.2792786553031496e-08,4.5348817192742935e-09,5.370996475973697e-09,2.2810036718241017e-08
190,0.3236126733773338,2.8642368754066005,0.29941516995833756,2.6917908924242136e-09,-3.2026999996537374e-09,2.2784450246732798e-08,2.6929469562629477e-09,3.2056062553441564e-09,2.2801728381883485e-08
191,0.4045158417216672,3.2734135718932578,0.37426896244792196,5.738312228526211e-09,-4.8473898942392335e-09,3.1959575817886944e-08,5.741147062100547e-09,4.851838901366207e-09,3.198620162437846e-08
192,0.08090316834433345,2.045883482433286,0.07485379248958439,-1.1794562419829473e-09,3.362226207523519e-09,1.1011187613037875e-09,1.1796753810983928e-09,3.3654235822688795e-09,1.1067562666254453e-09
193,0.4045158417216672,3.2734135718932578,0.29941516995833756,3.412970743422525e-09,-2.896550041318028e-09,3.1960557398054926e-08,3.414658443470834e-09,2.899200030842271e-09,3.1987228363458007e-08
194,0.4854190100660007,3.682590268379915,0.37426896244792196,6.746744923701405e-09,-4.294400993920841e-09,3.921686139284834e-08,6.750428205288019e-09,4.298419474964832e-09,3.9251594329799983e-08
195,0.1618063366886669,2.4550601789199433,0.07485379248958439,-2.024152984093983e-09,3.452995110258093e-09,1.3516971240636335e-08,2.024892383938787e-09,3.4561705276715566e-09,1.352419663096335e-08
196,0.4854190100660007,3.682590268379915,0.29941516995833756,4.016244424538931e-09,-2.5712431015777983e-09,3.922135657724244e-08,4.018449683351011e-09,2.5736382374881398e-09,3.9256146779583175e-08
197,0.5663221784103342,4.091766964866572,0.37426896244792196,7.618459780548767e-09,-3.898955081329147e-09,4.4915813419037476e-08,7.622918491208561e-09,3.902644412762633e-09,4.495730913794806e-08
198,0.24270950503300034,3.682590268379915,0.0,-6.962747873304e-09,4.784391352334691e-09,4.8212648708773066e-08,6.966340293821366e-09,4.788855728077367e-09,4.825168106103937e-08
199,0.3236126733773338,3.682590268379915,0.07485379248958439,-4.170297217402055e-09,2.7753971476216267e-09,4.5210601486430946e-08,4.172493375282138e-09,2.7780157898648022e-09,4.5248265927931275e-08
200,0.24270950503300034,2.8642368754066005,0.07485379248958439,-2.8270072571542956e-09,3.318726199730002e-09,2.481911738262586e-08,2.82828072119268e-09,3.3217472235060762e-09,2.483718107220143e-08
201,0.4045158417216672,3.682590268379915,0.14970758497916878,-1.416313706657029e-09,8.922597553423778e-10,4.2210255486779635e-08,1.4170757990674134e-09,8.93128361953946e-10,4.224652233581526e-08
202,0.5663221784103342,4.091766964866572,0.29941516995833756,4.528687585055119e-09,-2.34275250937986e-09,4.4918342285703084e-08,4.53136871217736e-09,2.3449604654360864e-09,4.495989785199446e-08
203,0.0,1.2275300894599717,0.29941516995833756,-4.373806336545774e-10,-2.82648381453023e-09,-2.4028953651466584e-08,4.39526370225253e-10,2.829414974999717e-09,2.40610592171898e-08
204,0.08090316834433345,1.6367067859466289,0.22456137746875315,7.069559701905914e-11,-1.0846861794280832e-09,-1.1996500056071959e-08,7.096062827385455e-11,1.0857578143092277e-09,1.2016027803841793e-08
205,0.1618063366886669,2.045883482433286,0.22456137746875315,3.3082698359258e-10,-1.1420276344647758e-09,2.2615615735940273e-10,3.3085140431947614e-10,1.1431055613956378e-09,2.5971816772779315e-10
206,0.0,1.6367067859466289,0.07485379248958439,-3.590784338897633e-10,3.0313023845005825e-09,-1.165992637932762e-08,3.591999591519812e-10,3.034331143213639e-09,1.1680282680406725e-08
207,0.24270950503300034,2.4550601789199433,0.22456137746875315,6.01711859950551e-10,-1.1318526852168942e-09,1.2054190182765572e-08,6.018833899768451e-10,1.1328881409554058e-09,1.2060961388781809e-08
208,0.3236126733773338,2.8642368754066005,0.22456137746875315,8.643902271778173e-10,-1.066396646714623e-09,2.278022498037012e-08,8.647392231132952e-10,1.0673525042762783e-09,2.279751857553677e-08
209,0.08090316834433345,2.045883482433286,0.0,-1.9967544907913655e-09,5.742881434768869e-09,1.1433724831881713e-09,1.9971176259272772e-09,5.748310993437304e-09,1.1486701700168185e-09
210,0.4045158417216672,3.2734135718932578,0.22456137746875315,1.1038146001676877e-09,-9.62029169430755e-10,3.196081336782453e-08,1.1043460561932456e-09,9.62892792633019e-10,3.1987507764668006e-08
211,0.24270950503300034,3.2734135718932578,0.0,-5.958047060994801e-09,5.239694337760795e-09,3.711555306078109e-08,5.9609411771277834e-09,5.244483688636971e-09,3.714441256313089e-08
212,0.1618063366886669,2.4550601789199433,0.0,-3.374384834737287e-09,5.83826409274416e-09,1.3544977094358617e-08,3.375587160469014e-09,5.843609422945029e-09,1.3552209984582345e-08
213,0.3236126733773338,3.2734135718932578,0.07485379248958439,-3.547320430966707e-09,3.0190519586447e-09,3.452829283936201e-08,3.5490919507182376e-09,3.0218468246576693e-09,3.455608107362222e-08
214,0.4854190100660007,3.682590268379915,0.22456137746875315,1.3015915786051597e-09,-8.551611575040674e-10,3.9222561026062756e-08,1.3023091890048134e-09,8.559407050929255e-10,3.925737908754604e-08
215,0.6472253467546676,4.500943661353229,0.37426896244792196,8.033883303898157e-09,-3.692343737067878e-09,4.9508509883499624e-08,8.038809167670227e-09,3.6959445714398173e-09,4.955587698858409e-08
216,0.0,1.2275300894599717,0.37426896244792196,-6.683198570256622e-10,-4.810550047493318e-09,-2.4006503916467247e-08,6.719196475182896e-10,4.815519230148171e-09,2.4038602094504644e-08
217,0.0,1.2275300894599717,0.22456137746875315,-1.627387519790941e-10,-9.715134936740955e-10,-2.402898956548443e-08,1.6348632902462867e-10,9.725190179143574e-10,2.40610888002463e-08
218,0.08090316834433345,1.6367067859466289,0.14970758497916878,-1.3008561151139637e-10,9.918208680777257e-10,-1.1985661523507436e-08,1.301033823456638e-10,9.928145547558795e-10,1.2005178773202182e-08
219,0.1618063366886669,2.045883482433286,0.14970758497916878,-4.0939921473426303e-10,1.0812780502819172e-09,2.2864389006490804e-10,4.094954750983591e-10,1.082318097685475e-09,2.618045633979968e-10
220,0.0,1.6367067859466289,0.0,-6.610403463840683e-10,5.2509834839401146e-09,-1.158658636311709e-08,6.61186629064e-10,5.256191267976515e-09,1.160690945123392e-08
221,0.24270950503300034,2.4550601789199433,0.14970758497916878,-6.924582144280671e-10,1.1043630618449847e-09,1.2054826948904296e-08,6.927388090061702e-10,1.1053956543210805e-09,1.2061601918980084e-08
222,0.3236126733773338,2.8642368754066005,0.14970758497916878,-9.594644635372616e-10,1.0599797926584933e-09,2.2781327007650288e-08,9.59927725561436e-10,1.0609676894752808e-09,2.2798625156711022e-08
223,0.3236126733773338,4.500943661353229,0.0,-8.069181164979935e-09,4.281390454420442e-09,6.43003133857936e-08,8.073475583063439e-09,4.285371054695542e-09,6.435531393435841e-08
224,0.3236126733773338,4.091766964866572,0.0,-7.730029208163905e-09,4.3436564421041975e-09,5.498707690847845e-08,7.734178178463778e-09,4.347712501518087e-09,5.50336882143606e-08
225,0.4045158417216672,4.500943661353229,0.07485379248958439,-4.875475450805587e-09,2.48166806681072e-09,6.068314326051354e-08,4.878086118051973e-09,2.4840432972733135e-09,6.073637563252801e-08
226,0.4045158417216672,4.091766964866572,0.07485379248958439,-4.659770956116972e-09,2.514856214910817e-09,5.164696749503265e-08,4.662314402689399e-09,2.517248259090123e-09,5.169196489538705e-08
227,0.4854190100660007,4.500943661353229,0.14970758497916878,-1.6837989762812128e-09,7.822334471237107e-10,5.6997587754055784e-08,1.6846519697801663e-09,7.830345146209387e-10,5.704898439045252e-08
228,0.4854190100660007,4.091766964866572,0.14970758497916878,-1.5951036124160227e-09,7.98787294657734e-10,4.828628116621963e-08,1.5959673530163466e-09,7.995808627422081e-10,4.832960861812795e-08
229,0.5663221784103342,4.500943661353229,0.22456137746875315,1.5111831275795478e-09,-7.903274560425049e-10,5.326579797411525e-08,1.5121848798297165e-09,7.910519041696369e-10,5.3315264759685404e-08
230,0.24270950503300034,2.8642368754066005,0.0,-4.701295164747104e-09,5.578097700004658e-09,2.4831062201894938e-08,4.70337354753809e-09,5.583149367331956e-09,2.4849114238282296e-08
231,0.4045158417216672,3.2734135718932578,0.14970758497916878,-1.2001763538869843e-09,9.661711009989001e-10,3.196148985531426e-08,1.2008054617390953e-09,9.670894853371213e-10,3.1988188334436926e-08
232,0.5663221784103342,4.091766964866572,0.22456137746875315,1.4633284464580228e-09,-7.8766468050189e-10,4.49176650758072e-08,1.4642273268116932e-09,7.883892146066591e-10,4.49592470173522e-08
233,0.6472253467546676,4.500943661353229,0.29941516995833756,4.737165378855281e-09,-2.219376339182605e-09,4.9507360883641834e-08,4.740126396678543e-09,2.2215453029036846e-09,4.9554784204681124e-08
234,0.08090316834433345,1.2275300894599717,0.37426896244792196,-6.705634693247166e-10,-4.832847102647746e-09,-2.371694470557499e-08,6.741616619337614e-10,4.8378379852864575e-09,2.3747889962148096e-08
235,0.08090316834433345,1.2275300894599717,0.29941516995833756,-4.253211648175812e-10,-2.8749365022565972e-09,-2.3753769392544616e-08,4.2747810279454566e-10,2.8779085322567633e-09,2.378473459672269e-08
236,0.1618063366886669,1.6367067859466289,0.37426896244792196,4.862934431721499e-10,-5.2817050406701215e-09,-1.2193496396805536e-08,4.868041461944044e-10,5.286950971941055e-09,1.221217769224968e-08
237,0.1618063366886669,1.6367067859466289,0.29941516995833756,2.686136872409595e-10,-3.151993467720552e-09,-1.223334056335603e-08,2.6900508967528454e-10,3.1551242486570643e-09,1.2252029736838223e-08
238,0.24270950503300034,2.045883482433286,0.37426896244792196,1.7864088290961044e-09,-5.5006600974970945e-09,-5.487778813623453e-10,1.7866439118685636e-09,5.505915462960872e-09,5.66595459487001e-10
239,0.0,1.2275300894599717,0.14970758497916878,1.192816287286772e-10,8.47172933087886e-10,-2.4003811426322823e-08,1.1992530964123955e-10,8.480613596572678e-10,2.4035888777379597e-08
240,0.24270950503300034,2.045883482433286,0.29941516995833756,1.046699624937438e-09,-3.287062522398088e-09,-5.835672111239083e-10,1.0468252676430564e-09,3.2902016186094063e-09,6.005454197167735e-10
241,0.3236126733773338,2.4550601789199433,0.37426896244792196,3.145009970584424e-09,-5.438331462610279e-09,1.0665184352067313e-08,3.1460631727327794e-09,5.443392576958614e-09,1.0671506601396279e-08
242,0.3236126733773338,2.4550601789199433,0.29941516995833756,1.8596022109311039e-09,-3.250258797233579e-09,1.0640507844684612e-08,1.860213091955811e-09,3.2532810174595544e-09,1.0646838961775343e-08
243,0.4045158417216672,2.8642368754066005,0.37426896244792196,4.4621037146859785e-09,-5.1213507794206126e-09,2.0796292390480157e-08,4.4640731609177076e-09,5.126064686864081e-09,2.0812768980177862e-08
244,0.08090316834433345,1.6367067859466289,0.07485379248958439,-3.5521810207756353e-10,3.0995077089693434e-09,-1.196012876847427e-08,3.553463991851272e-10,3.1025926356440875e-09,1.1979632056554662e-08
245,0.4045158417216672,2.8642368754066005,0.29941516995833756,2.64802528191426e-09,-3.0603710243414453e-09,2.0783967494186658e-08,2.6491873308772084e-09,3.063183224808809e-09,2.0800474866791228e-08
246,0.4854190100660007,3.2734135718932578,0.37426896244792196,5.669763774838615e-09,-4.622772828838125e-09,2.942808290504942e-08,5.672642378933505e-09,4.627069019719385e-09,2.9453584160212057e-08
247,0.1618063366886669,2.045883482433286,0.07485379248958439,-1.165845034784149e-09,3.3268392644328833e-09,2.4654773247697106e-10,1.1660580697411008e-09,3.3300140159278782e-09,2.773116479788827e-10
248,0.4854190100660007,3.2734135718932578,0.29941516995833756,3.37143331586995e-09,-2.7636783739811852e-09,2.9425326326836188e-08,3.3731457620300007e-09,2.7662392039293436e-09,2.9450875929830332e-08
249,0.5663221784103342,3.682590268379915,0.37426896244792196,6.702068264846363e-09,-4.0982152926173374e-09,3.625263150306789e-08,6.705834100913527e-09,4.102097921592654e-09,3.6285876455585444e-08
250,0.24270950503300034,2.4550601789199433,0.07485379248958439,-1.995551714172871e-09,3.3551150162804066e-09,1.2068172828335087e-08,1.9962824598253055e-09,3.35822589805464e-09,1.207495102613384e-08
251,0.5663221784103342,3.682590268379915,0.29941516995833756,3.989344407481685e-09,-2.4539490914585114e-09,3.6253527147596775e-08,3.991597097092936e-09,2.456265646766545e-09,3.628683237359733e-08
252,0.6472253467546676,4.091766964866572,0.37426896244792196,7.608155003099567e-09,-3.712344484724197e-09,4.155153767302672e-08,7.612742933032711e-09,3.7159233636900442e-09,4.159122109728619e-08
253,0.3236126733773338,3.682590268379915,0.0,-6.9309799620114404e-09,4.639833855735745e-09,4.519570041379706e-08,6.934603320845043e-09,4.6441767674153045e-09,4.523332593888714e-08
254,0.4045158417216672,3.682590268379915,0.07485379248958439,-4.147825293902976e-09,2.679191805326638e-09,4.220465621726604e-08,4.150049819205525e-09,2.681727359823129e-09,4.224090239300805e-08
255,0.3236126733773338,2.8642368754066005,0.07485379248958439,-2.7893964719482557e-09,3.195368342275166e-09,2.2789057991323043e-08,2.7906691495507193e-09,3.198305794652251e-09,2.280635044811449e-08
256,0.4854190100660007,3.682590268379915,0.14970758497916878,-1.407670682308825e-09,8.578145739325958e-10,3.922156084186646e-08,1.4084443970175597e-09,8.586479182248419e-10,3.925638069822782e-08
257,0.6472253467546676,4.091766964866572,0.29941516995833756,4.521801065936235e-09,-2.2299955386291028e-09,4.155003220391896e-08,4.5245557252663e-09,2.232140394797584e-09,4.158977888871011e-08
258,0.0,0.8183533929733144,0.29941516995833756,-9.901994321391134e-10,-2.5158068524943107e-09,-3.469186952360818e-08,9.924463200000295e-10,2.518497514160418e-09,3.47349943856239e-08
259,0.08090316834433345,1.2275300894599717,0.22456137746875315,-1.5320815357086052e-10,-9.895182689068755e-10,-2.3765669171505007e-08,1.539625352075038e-10,9.905380219632818e-10,2.3796638189784133e-08
260,0.1618063366886669,1.6367067859466289,0.22456137746875315,6.78385374757188e-11,-1.0734317764680024e-09,-1.2251058514850862e-08,6.812185579625458e-11,1.074493818049674e-09,1.2269748508907252e-08
261,0.0,1.2275300894599717,0.07485379248958439,3.7927099509682884e-10,2.7021002680326698e-09,-2.3951130984481777e-08,3.8132996325127997e-10,2.7049150267445097e-09,2.3983169030951343e-08
262,0.24270950503300034,2.045883482433286,0.22456137746875315,3.1945395543716915e-10,-1.1101778538336169e-09,-6.004953580127256e-10,3.1947552052882754e-10,1.1112315505872509e-09,6.170900926408829e-10
263,0.3236126733773338,2.4550601789199433,0.22456137746875315,5.864241927699521e-10,-1.088797982098072e-09,1.0628596026579726e-08,5.865929241503986e-10,1.0898029549435916e-09,1.063493304704374e-08
264,0.08090316834433345,1.6367067859466289,0.0,-6.299471313188684e-10,5.299895641811213e-09,-1.1911061797775038e-08,6.3013059331663e-10,5.305149060648479e-09,1.1930542785962375e-08
265,0.4045158417216672,2.8642368754066005,0.22456137746875315,8.48216884000356e-10,-1.0191938301559696e-09,2.0778513141071545e-08,8.485677750628497e-10,1.020119755117537e-09,2.0795037296558024e-08
266,0.1618063366886669,2.045883482433286,0.0,-1.9476501840508788e-09,5.6349162178522586e-09,2.889828575318071e-10,1.947990181673157e-09,5.6402734027347805e-09,3.151124243065042e-10
267,0.4854190100660007,3.2734135718932578,0.22456137746875315,1.0894313780179574e-09,-9.174881856498824e-10,2.9424290650202646e-08,1.0899715173405391e-09,9.183252532431379e-10,2.9449865087633535e-08
268,0.3236126733773338,3.2734135718932578,0.0,-5.898770496594673e-09,5.05366320195259e-09,3.452574269955226e-08,5.901677951866181e-09,5.058315574370789e-09,3.455350108579355e-08
269,0.24270950503300034,2.4550601789199433,0.0,-3.314466005584956e-09,5.6464090768170675e-09,1.209783945473146e-08,3.315648145584339e-09,5.651627795262277e-09,1.2104622051268828e-08
270,0.4045158417216672,3.2734135718932578,0.07485379248958439,-3.50965172968925e-09,2.8986967196037406e-09,3.196305675702792e-08,3.5114384246450005e-09,2.901400180899302e-09,3.198974028827289e-08
271,0.5663221784103342,3.682590268379915,0.22456137746875315,1.2930576854214903e-09,-8.156341933601178e-10,3.6253289624187535e-08,1.2937912678816442e-09,8.163922706760218e-10,3.628662400856527e-08
272,0.728128515099001,4.500943661353229,0.37426896244792196,8.034039778599462e-09,-3.4978912795015663e-09,4.573665986986226e-08,8.039119722434995e-09,3.501393574924485e-09,4.578191037366117e-08
273,0.0,0.8183533929733144,0.37426896244792196,-1.6082485074279914e-09,-4.245966475282391e-09,-3.4663324196196556e-08,1.6119434643919335e-09,4.250500675770451e-09,3.470642957330638e-08
274,0.0,0.8183533929733144,0.22456137746875315,-3.2831493936951705e-10,-8.81150438977054e-10,-3.46990773713005e-08,3.290927138119779e-10,8.820859585130846e-10,3.4742205191494373e-08
275,0.08090316834433345,1.2275300894599717,0.14970758497916878,1.2396483367910512e-10,8.718964864508205e-10,-2.3757640929534444e-08,1.2460508597311812e-10,8.728072740552751e-10,2.378860134520359e-08
276,0.1618063366886669,1.6367067859466289,0.14970758497916878,-1.3172360728004425e-10,9.871139417805777e-10,-1.2250110770387266e-08,1.3174020167352619e-10,9.881047282225683e-10,1.2268796158222098e-08
277,0.0,1.2275300894599717,0.0,5.626441011769228e-10,4.685267426455167e-09,-2.388013036995053e-08,5.662430981363598e-10,4.690120564034704e-09,2.391211764896672e-08
278,0.24270950503300034,2.045883482433286,0.14970758497916878,-4.066628486509769e-10,1.053590101773206e-09,-6.001627648641027e-10,4.0675850446390746e-10,1.0546110355397946e-09,6.167457699553907e-10
279,0.3236126733773338,2.4550601789199433,0.14970758497916878,-6.839003711520478e-10,1.0631018144246182e-09,1.0629956106617293e-08,6.84179534339302e-10,1.0641065257804735e-09,1.0636297047697746e-08
280,0.4045158417216672,2.8642368754066005,0.14970758497916878,-9.470089949132236e-10,1.0147980842880443e-09,2.0780654411191236e-08,9.474731986246437e-10,1.0157530197584469e-09,2.0797183046624227e-08
281,0.4045158417216672,4.500943661353229,0.0,-8.128562786277485e-09,4.154107171878064e-09,6.066321369244427e-08,8.132954068085937e-09,4.158017921595428e-09,6.071639704840916e-08
282,0.4045158417216672,4.091766964866572,0.0,-7.745745630491646e-09,4.2047651142365e-09,5.1631247694332465e-08,7.749974916461756e-09,4.208718946036012e-09,5.167619533366391e-08
283,0.4854190100660007,4.500943661353229,0.07485379248958439,-4.900549055654095e-09,2.392044936141491e-09,5.6990312790692454e-08,4.903229420586679e-09,2.394369764500249e-09,5.704168149284268e-08
284,0.4854190100660007,4.091766964866572,0.07485379248958439,-4.662493066595485e-09,2.4225468921729543e-09,4.827944748637762e-08,4.66509464570513e-09,2.424867366411986e-09,4.832274770644432e-08
285,0.5663221784103342,4.500943661353229,0.14970758497916878,-1.6923444353259964e-09,7.500180625080766e-10,5.326197860748744e-08,1.6932278595851416e-09,7.507931162404191e-10,5.331144145315166e-08
286,0.5663221784103342,4.091766964866572,0.14970758497916878,-1.5940495868378363e-09,7.66810510209033e-10,4.491486246142761e-08,1.5949364297504263e-09,7.675712015668232e-10,4.4956442281523766e-08
287,0.6472253467546676,4.500943661353229,0.22456137746875315,1.509090681223814e-09,-7.510917560391533e-10,4.9504239888290094e-08,1.5101121716916098e-09,7.518070050627061e-10,4.955168747691007e-08
288,0.3236126733773338,2.8642368754066005,0.0,-4.633660308566089e-09,5.356930752359619e-09,2.2804231081319816e-08,4.6357375846630085e-09,5.361835828361143e-09,2.2821506924549666e-08
289,0.4854190100660007,3.2734135718932578,0.14970758497916878,-1.1869594133053972e-09,9.237338921841509e-10,2.9425814638037065e-08,1.1875947042194937e-09,9.246164537825091e-10,2.945139264277694e-08
290,0.6472253467546676,4.091766964866572,0.22456137746875315,1.4612060277522151e-09,-7.484572395697315e-10,4.1547721286630076e-08,1.462127743777103e-09,7.491667501206459e-10,4.1587495814546556e-08
291,0.728128515099001,4.500943661353229,0.29941516995833756,4.7338742431256676e-09,-2.100251299406026e-09,4.5731768952570626e-08,4.736918809124186e-09,2.102364645043615e-09,4.5777078597501764e-08
292,0.08090316834433345,0.8183533929733144,0.37426896244792196,-1.6132392369459996e-09,-4.251720563962385e-09,-3.396690621086997e-08,1.616936111049572e-09,4.256261266010291e-09,3.4008537347957513e-08
293,0.08090316834433345,0.8183533929733144,0.29941516995833756,-9.82648509721117e-10,-2.5465810142123328e-09,-3.4005073400491265e-08,9.848903285506047e-10,2.54929954512138e-09,3.40467328557865e-08
294,0.1618063366886669,1.2275300894599717,0.37426896244792196,-6.840004664504002e-10,-4.735266960577243e-09,-2.3441795435387743e-08,6.8757653458985e-10,4.7401750914076136e-09,2.347161018342895e-08
295,0.1618063366886669,1.2275300894599717,0.29941516995833756,-4.30012268659835e-10,-2.836768132011598e-09,-2.3488322243575612e-08,4.321598356151995e-10,2.839707086881633e-09,2.3518163451155504e-08
296,0.24270950503300034,1.6367067859466289,0.37426896244792196,4.5404811374210063e-10,-5.1024887619829696e-09,-1.2425443222672372e-08,4.5464488950016977e-10,5.107592689655811e-09,1.244331597349197e-08
297,0.0,0.8183533929733144,0.14970758497916878,3.4275428758395656e-10,7.272052182154428e-10,-3.46822698498145e-08,3.434526492926541e-10,7.28000434712606e-10,3.4725382203919884e-08
298,0.24270950503300034,1.6367067859466289,0.29941516995833756,2.487322535279236e-10,-3.057614296428416e-09,-1.2472423643286085e-08,2.4919122552603674e-10,3.0606697248575614e-09,1.2490308002345375e-08
299,0.3236126733773338,2.045883482433286,0.37426896244792196,1.7335043818289105e-09,-5.267523659935722e-09,-1.3460026695046158e-09,1.7337256908881473e-09,5.272608382956083e-09,1.3548655409666688e-09
300,0.3236126733773338,2.045883482433286,0.29941516995833756,1.0135805279253247e-09,-3.155084640821608e-09,-1.3856961772791555e-09,1.0136975474330379e-09,3.158126214422782e-09,1.3944105283407965e-09
301,0.4045158417216672,2.4550601789199433,0.37426896244792196,3.0755861690763513e-09,-5.181180807838508e-09,9.273914529700663e-09,3.076633099164981e-09,5.186062684329357e-09,9.279811668964717e-09
302,0.08090316834433345,1.2275300894599717,0.07485379248958439,3.779586422238333e-10,2.7589281563696484e-09,-2.373280341345814e-08,3.8002263591752636e-10,2.7617930295158536e-09,2.3763745093116957e-08
303,0.4045158417216672,2.4550601789199433,0.29941516995833756,1.8169185830726917e-09,-3.100323036975343e-09,9.245613394997555e-09,1.8175248666155408e-09,3.103240137720664e-09,9.25152049684387e-09
304,0.4854190100660007,2.8642368754066005,0.37426896244792196,4.385006861893782e-09,-4.865020114147964e-09,1.8833338442143823e-08,4.386994099671305e-09,4.86956093075631e-09,1.884904043063142e-08
305,0.1618063366886669,1.6367067859466289,0.07485379248958439,-3.4781900729811594e-10,3.0669070301184567e-09,-1.2229154653702486e-08,3.479572982775305e-10,3.0699675687744426e-09,1.2247829129841972e-08
306,0.4854190100660007,2.8642368754066005,0.29941516995833756,2.6014099056409056e-09,-2.9087575948302898e-09,1.8817493471184835e-08,2.6025815492812003e-09,2.911467645677301e-09,1.883322840539123e-08
307,0.5663221784103342,3.2734135718932578,0.37426896244792196,5.5975806307809095e-09,-4.389950304105679e-09,2.6929171863755235e-08,5.6005110262236525e-09,4.394084616732817e-09,2.6953529558209664e-08
308,0.24270950503300034,2.045883482433286,0.07485379248958439,-1.1423729465419243e-09,3.231142117434897e-09,-5.802001980943442e-10,1.1425777239028377e-09,3.234248765679307e-09,5.971902876214343e-10
309,0.5663221784103342,3.2734135718932578,0.29941516995833756,3.3280426155045882e-09,-2.6249351258984926e-09,2.6922538105810135e-08,3.3297848033971455e-09,2.6274007547912816e-09,2.6946946533687222e-08
310,0.6472253467546676,3.682590268379915,0.37426896244792196,6.652976553106494e-09,-3.8932832594037646e-09,3.330755352389568e-08,6.656833837314705e-09,3.89702099433119e-09,3.333927399546544e-08
311,0.3236126733773338,2.4550601789199433,0.07485379248958439,-1.960102164794079e-09,3.22456787082983e-09,1.0646025884350651e-08,1.960825935881703e-09,3.227589539101002e-09,1.0652369617990682e-08
312,0.6472253467546676,3.682590268379915,0.29941516995833756,3.959633549326475e-09,-2.331076611649535e-09,3.330440466590068e-08,3.961939318842724e-09,2.3333087068945004e-09,3.333618763080391e-08
313,0.728128515099001,4.091766964866572,0.37426896244792196,7.58811157285556e-09,-3.5164726001444596e-09,3.819222392247712e-08,7.592837678694936e-09,3.519928839035291e-09,3.8230033914066797e-08
314,0.4045158417216672,3.682590268379915,0.0,-6.894224538256231e-09,4.473303462981685e-09,4.219421018700634e-08,6.8978994264365776e-09,4.477512064049782e-09,4.223040981557447e-08
315,0.4854190100660007,3.682590268379915,0.07485379248958439,-4.122371540118208e-09,2.5719108474026627e-09,3.9218508616305405e-08,4.124634021711747e-09,2.5743576935474187e-09,3.9253304514234435e-08
316,0.4045158417216672,2.8642368754066005,0.07485379248958439,-2.74718188066491e-09,3.055182286763938e-09,2.0791050469805213e-08,2.7484585804137935e-09,3.0580226366742913e-09,2.0807571642571342e-08
317,0.5663221784103342,3.682590268379915,0.14970758497916878,-1.3975411378658087e-09,8.200523117725498e-10,3.625290181613881e-08,1.3983291189083884e-09,8.208498115062329e-10,3.628623730216768e-08
318,0.728128515099001,4.091766964866572,0.29941516995833756,4.509175179676171e-09,-2.1114883261943107e-09,3.818642900681408e-08,4.512008923574463e-09,2.1135624029747804e-09,3.8224304633438465e-08
319,0.0,0.4091766964866572,0.29941516995833756,-1.3469539168080722e-09,-2.2856156304152794e-09,-4.376699876871146e-08,1.3494670887140106e-09,2.288102736679662e-09,4.381988319009406e-08
320,0.08090316834433345,0.8183533929733144,0.22456137746875315,-3.2199058572486697e-10,-8.907138665846717e-10,-3.402001706391031e-08,3.227644609168667e-10,8.916579425896396e-10,3.4061686430907945e-08
321,0.1618063366886669,1.2275300894599717,0.22456137746875315,-1.558167086809691e-10,-9.772387904383148e-10,-2.3510060075373316e-08,1.565663677843296e-10,9.78247186551866e-10,2.3539912167205762e-08
322,0.0,0.8183533929733144,0.07485379248958439,9.942976303225563e-10,2.3623217220717962e-09,-3.463970318219871e-08,9.964591927997367e-10,2.3648728497357075e-09,3.468278002335119e-08
323,0.24270950503300034,1.6367067859466289,0.22456137746875315,5.81386995161108e-11,-1.042065374457325e-09,-1.2495727403479407e-08,5.850295244573747e-11,1.0431020127316197e-09,1.2513615789091634e-08
324,0.3236126733773338,2.045883482433286,0.22456137746875315,3.059043918223539e-10,-1.0661378467610684e-09,-1.4050190610157967e-09,3.059228896568106e-10,1.067158692973428e-09,1.413660254442573e-09
325,0.08090316834433345,1.2275300894599717,0.0,5.827107960414527e-10,4.7206251809587525e-09,-2.36830653030862e-08,5.862819605073899e-10,4.725512817492794e-09,2.371397170029971e-08
326,0.4045158417216672,2.4550601789199433,0.22456137746875315,5.707548219654197e-10,-1.0387728746285395e-09,9.232540023715999e-09,5.709215890237683e-10,1.0397429090320826e-09,9.238453724163478e-09
327,0.1618063366886669,1.6367067859466289,0.0,-5.911283171892885e-10,5.199593185078827e-09,-1.2178763633052683e-08,5.913624670300052e-10,5.2047707035990635e-09,1.219741574863957e-08
328,0.4854190100660007,2.8642368754066005,0.22456137746875315,8.322280431932407e-10,-9.682913999021115e-10,1.8810777558070146e-08,8.325822132265348e-10,9.691847416551696e-10,1.882653034194674e-08
329,0.24270950503300034,2.045883482433286,0.0,-1.894655822734944e-09,5.4463908845682245e-09,-5.35953714399757e-10,1.8949760018589106e-09,5.451614347152929e-09,5.539699565914838e-10
330,0.5663221784103342,3.2734135718932578,0.22456137746875315,1.0751825437882152e-09,-8.709403455800315e-10,2.691984714206173e-08,1.0757330173337475e-09,8.717485582114093e-10,2.6944281486498515e-08
331,0.4045158417216672,3.2734135718932578,0.0,-5.834473177232537e-09,4.845283134492626e-09,3.1965033518109595e-08,5.837409460928322e-09,4.8497833921409785e-09,3.1991681150031856e-08
332,0.3236126733773338,2.4550601789199433,0.0,-3.2492918651409586e-09,5.4127725241896964e-09,1.0678443631788513e-08,3.2504607985952846e-09,5.417832519775568e-09,1.0684789295299776e-08
333,0.4854190100660007,3.2734135718932578,0.07485379248958439,-3.4686425145757104e-09,2.7681616117058355e-09,2.9430070617939257e-08,3.470451153617345e-09,2.7707665474817926e-09,2.9455631126752228e-08
334,0.6472253467546676,3.682590268379915,0.22456137746875315,1.2838776301026083e-09,-7.743677762715017e-10,3.330236618287945e-08,1.2846290089163083e-09,7.751017986996728e-10,3.3334179270103335e-08
335,0.8090316834433344,4.500943661353229,0.37426896244792196,8.02158682651628e-09,-3.2945830105424154e-09,4.1957341654817676e-08,8.026827814507578e-09,3.297970913325095e-09,4.200038129526594e-08
336,0.0,0.4091766964866572,0.37426896244792196,-2.238210272078846e-09,-3.808153047447801e-09,-4.373715849005928e-08,2.242362514073258e-09,3.812300900741194e-09,4.379001742634761e-08
337,0.0,0.4091766964866572,0.22456137746875315,-4.1208343890463746e-10,-8.154516331317287e-10,-4.3780783034033486e-08,4.1292710805824484e-10,8.163278235549479e-10,4.38336787474671e-08
338,0.08090316834433345,0.8183533929733144,0.14970758497916878,3.4569943715970956e-10,7.48926772618834e-10,-3.401645248089325e-08,3.464001210534265e-10,7.497416316507982e-10,3.405811758854043e-08
339,0.1618063366886669,1.2275300894599717,0.14970758497916878,1.2128245771090118e-10,8.688505745503539e-10,-2.351071981653444e-08,1.2192582583980814e-10,8.6975967381096e-10,2.3540570024107273e-08
340,0.0,0.8183533929733144,0.0,1.5766506321148262e-09,4.093239325668959e-09,-3.457983154658975e-08,1.5802410364411028e-09,4.0976354778586995e-09,3.46228591342298e-08
341,0.24270950503300034,1.6367067859466289,0.14970758497916878,-1.3033473822798823e-10,9.631380919520755e-10,-1.2496688196250499e-08,1.3035189425488864e-10,9.641100763231293e-10,1.2514573409380587e-08
342,0.3236126733773338,2.045883482433286,0.14970758497916878,-3.9909522105837176e-10,1.014530259321742e-09,-1.4040555013452927e-09,3.99188766076015e-10,1.0155224996698124e-09,1.4126906178838595e-09
343,0.4045158417216672,2.4550601789199433,0.14970758497916878,-6.715511232804727e-10,1.015951675546647e-09,9.234975421543102e-09,6.718287094598989e-10,1.0169226557753554e-09,9.240893294613951e-09
344,0.4854190100660007,2.8642368754066005,0.14970758497916878,-9.319126606272817e-10,9.665143347114856e-10,1.8813702621189386e-08,9.323789281875069e-10,9.674327780033064e-10,1.8829459668616088e-08
345,0.4854190100660007,4.500943661353229,0.0,-8.177593094257067e-09,4.005632365072706e-09,5.69744474558859e-08,8.18210716179589e-09,4.009463438374558e-09,5.702575745613405e-08
346,0.4854190100660007,4.091766964866572,0.0,-7.75317923208394e-09,4.048041769975442e-09,4.826759550366819e-08,7.757510458278818e-09,4.0518845631098715e-09,4.8310838664596665e-08
347,0.5663221784103342,4.500943661353229,0.07485379248958439,-4.918926600872828e-09,2.2925370107538516e-09,5.3255936228623487e-08,4.921690057102112e-09,2.29480399176153e-09,5.330536682661991e-08
348,0.5663221784103342,4.091766964866572,0.07485379248958439,-4.6601464755904945e-09,2.321520719182005e-09,4.491005477886706e-08,4.662816711433993e-09,2.323764574731859e-09,4.495160422957152e-08
349,0.6472253467546676,4.500943661353229,0.14970758497916878,-1.6977753166137421e-09,7.16017862390828e-10,4.9500752165292605e-08,1.6986936249895988e-09,7.167643642009962e-10,4.954819489431654e-08
350,0.6472253467546676,4.091766964866572,0.14970758497916878,-1.5908914523149629e-09,7.324799324985361e-10,4.1545316717605255e-08,1.5918044393332376e-09,7.332069108173077e-10,4.1585088543142956e-08
351,0.728128515099001,4.500943661353229,0.22456137746875315,1.5058392351182532e-09,-7.09052237142869e-10,4.5727173979747177e-08,1.5068817134367949e-09,7.097547858385834e-10,4.5772508981187664e-08
352,0.4045158417216672,2.8642368754066005,0.0,-4.5609566903252125e-09,5.1144836962892444e-09,2.0809866153822175e-08,4.563042642963806e-09,5.119224186403242e-09,2.0826366744360393e-08
353,0.5663221784103342,3.2734135718932578,0.14970758497916878,-1.1718453717116823e-09,8.788595757638926e-10,2.692186211990948e-08,1.1724887194852875e-09,8.79704638648122e-10,2.694629954481424e-08
354,0.728128515099001,4.091766964866572,0.22456137746875315,1.457392419098392e-09,-7.073487140731108e-10,3.818232508180222e-08,1.458338624133769e-09,7.080398943647126e-10,3.8220229565575523e-08
355,0.8090316834433344,4.500943661353229,0.29941516995833756,4.723803865721074e-09,-1.975684083200526e-09,4.1948497080889194e-08,4.7269361436412925e-09,1.9777317514462667e-09,4.19915978327932e-08
356,0.08090316834433345,0.4091766964866572,0.37426896244792196,-2.253268656270426e-09,-3.79614639060587e-09,-4.2761835072178364e-08,2.2574315556849508e-09,3.800284052535263e-09,4.28129754292601e-08
357,0.08090316834433345,0.4091766964866572,0.29941516995833756,-1.3494021500686551e-09,-2.2933788931593477e-09,-4.279541862499129e-08,1.3519161532132377e-09,2.2958744759205933e-09,4.2846587871941933e-08
358,0.1618063366886669,0.8183533929733144,0.37426896244792196,-1.6319474522709335e-09,-4.167055827581122e-09,-3.327673495978162e-08,1.6356504591043375e-09,4.171520776569811e-09,3.331690273182089e-08
359,0.1618063366886669,0.8183533929733144,0.29941516995833756,-9.910283897437555e-10,-2.509562908175473e-09,-3.3324483211991673e-08,9.932718695689532e-10,2.5122481905298752e-09,3.336468661708192e-08
360,0.24270950503300034,1.2275300894599717,0.37426896244792196,-7.16652959680452e-10,-4.577436318595484e-09,-2.3163768758439588e-08,7.201786689310894e-10,4.5822094450691605e-09,2.3192462548393352e-08
361,0.0,0.4091766964866572,0.14970758497916878,5.345884324655215e-10,6.397237779242097e-10,-4.3775191842808044e-08,5.354328833855798e-10,6.404445829975021e-10,4.3828082331100395e-08
362,0.24270950503300034,1.2275300894599717,0.29941516995833756,-4.4979169585586145e-10,-2.7520534417336563e-09,-2.321786271853943e-08,4.5191086428069793e-10,2.7549193805871485e-09,2.3246587647233373e-08
363,0.3236126733773338,1.6367067859466289,0.37426896244792196,4.042803287461879e-10,-4.8868240879499814e-09,-1.2642398120245085e-08,4.050398335106129e-10,4.8917554286876335e-09,1.2659494450645622e-08
364,0.3236126733773338,1.6367067859466289,0.29941516995833756,2.1798055203394583e-10,-2.934356376490276e-09,-1.26944141291648e-08,2.185705710074846e-10,2.9373127196236198e-09,1.2711524984664752e-08
365,0.4045158417216672,2.045883482433286,0.37426896244792196,1.6673282919473086e-09,-5.013702912186626e-09,-2.117459939182875e-09,1.6675332316427727e-09,5.01859892787254e-09,2.1241043470606396e-09
366,0.08090316834433345,0.8183533929733144,0.07485379248958439,9.921427798014552e-10,2.406962437488532e-09,-3.3996793423505826e-08,9.9430365320522e-10,2.4095540051513606e-09,3.403844199313086e-08
367,0.4045158417216672,2.045883482433286,0.29941516995833756,9.732822171690382e-10,-3.006405238555474e-09,-2.160852499883557e-09,9.73389392946197e-10,3.009335675589668e-09,2.1674429950365944e-09
368,0.4854190100660007,2.4550601789199433,0.37426896244792196,2.9971650712034817e-09,-4.912612824651846e-09,7.915253973247482e-09,2.9982067807258897e-09,4.917303830922907e-09,7.920739755995657e-09
369,0.1618063366886669,1.2275300894599717,0.07485379248958439,3.821664891837771e-10,2.730393889449865e-09,-2.3489258659948035e-08,3.842234519874165e-10,2.7332356205535123e-09,2.3519093269855618e-08
370,0.4854190100660007,2.4550601789199433,0.29941516995833756,1.7696154710285288e-09,-2.9410878965486447e-09,7.883695252576758e-09,1.7702180347240463e-09,2.9438916998813285e-09,7.889192219109105e-09
371,0.5663221784103342,2.8642368754066005,0.37426896244792196,4.302590679469411e-09,-4.601907648745803e-09,1.690484157266661e-08,4.304599873651789e-09,4.606266348617505e-09,1.6919769333687817e-08
372,0.24270950503300034,1.6367067859466289,0.07485379248958439,-3.2878350715355503e-10,2.979977850181511e-09,-1.2473161521670457e-08,3.2894850691580194e-10,2.982969717674666e-09,1.2491034935126718e-08
373,0.5663221784103342,2.8642368754066005,0.29941516995833756,2.5519671235349318e-09,-2.7517905374224126e-09,1.6885278367095293e-08,2.5531510580160356e-09,2.7543925944748835e-09,1.6900240970357688e-08
374,0.6472253467546676,3.2734135718932578,0.37426896244792196,5.521119029910208e-09,-4.150641544258692e-09,2.4462226166412454e-08,5.524107264470084e-09,4.1546061265762915e-09,2.448542190058762e-08
375,0.3236126733773338,2.045883482433286,0.07485379248958439,-1.1102622207001977e-09,3.1041432090095517e-09,-1.3813197759865726e-09,1.1104571963941421e-09,3.107156536403698e-09,1.3900191876350818e-09
376,0.6472253467546676,3.2734135718932578,0.29941516995833756,3.2821898106464896e-09,-2.4817236002499317e-09,2.4451155763545682e-08,3.283965568108475e-09,2.484089101730186e-09,2.4474404313290373e-08
377,0.728128515099001,3.682590268379915,0.37426896244792196,6.597477994420969e-09,-3.680375182443899e-09,3.038171577114911e-08,6.601433547768056e-09,3.68395943811649e-09,3.041187569126007e-08
378,0.4045158417216672,2.4550601789199433,0.07485379248958439,-1.9183675817546695e-09,3.0775177920592134e-09,9.253634290740746e-09,1.919085898307599e-09,3.080435570250585e-09,9.25955438702009e-09
379,0.728128515099001,3.682590268379915,0.29941516995833756,3.9260930573635095e-09,-2.203139805050786e-09,3.037390736182017e-08,3.928456203005816e-09,2.2052820679117887e-09,3.040413157604992e-08
380,0.8090316834433344,4.091766964866572,0.37426896244792196,7.557008777380092e-09,-3.3126655388062823e-09,3.484153359506832e-08,7.561879194579027e-09,3.31598678936564e-09,3.487740833084679e-08
381,0.4854190100660007,3.682590268379915,0.0,-6.852626156193814e-09,4.290977894030672e-09,3.9212525682861596e-08,6.856369079441473e-09,4.295043674955663e-09,3.9247269049282326e-08
382,0.5663221784103342,3.682590268379915,0.07485379248958439,-4.093858383612286e-09,2.456480695135455e-09,3.6252364927225285e-08,4.096166488873155e-09,2.4588346350811704e-09,3.628567377829992e-08
383,0.4854190100660007,2.8642368754066005,0.07485379248958439,-2.700667131722819e-09,2.906277605398749e-09,1.8826508620459786e-08,2.701951757678997e-09,2.9090118616533947e-09,1.884225657396672e-08
384,0.6472253467546676,3.682590268379915,0.14970758497916878,-1.3859023493550513e-09,7.799597601593109e-10,3.330236818978664e-08,1.386706727953069e-09,7.807207522275932e-10,3.3334181797068486e-08
385,0.8090316834433344,4.091766964866572,0.29941516995833756,4.490094926305815e-09,-1.9881169839950927e-09,3.483112668573859e-08,4.49301159054168e-09,1.990112521032573e-09,3.486706866360537e-08
386,0.0,0.0,0.29941516995833756,-1.4040945761910994e-09,-2.196958093989364e-09,-5.1673351069091364e-08,1.4066760567632735e-09,2.199358305874821e-09,5.173490463548111e-08
387,0.08090316834433345,0.4091766964866572,0.22456137746875315,-4.110441127032197e-10,-8.128930305451979e-10,-4.281134724360543e-08,4.118864680033041e-10,8.137683790700563e-10,4.286252969205451e-08
388,0.1618063366886669,0.8183533929733144,0.22456137746875315,-3.2610473195371744e-10,-8.76072434663949e-10,-3.334811985850746e-08,3.268793378014872e-10,8.770034041861296e-10,3.3388340042901746e-08
389,0.0,0.4091766964866572,0.07485379248958439,1.4649684613729568e-09,2.1078816790749325e-09,-4.3749316364816037e-08,1.4674802401561837e-09,2.110211912632635e-09,4.380218424639883e-08
390,0.24270950503300034,1.2275300894599717,0.22456137746875315,-1.654028451733146e-10,-9.477320728599117e-10,-2.324519542447334e-08,1.6614087903577174e-10,9.48714530917469e-10,2.327393493870149e-08
391,0.3236126733773338,1.6367067859466289,0.22456137746875315,4.549421599950008e-11,-9.998113427401252e-10,-1.2720263534786027e-08,4.6016153569761413e-11,1.0008138845738982e-09,1.2737379975756301e-08
392,0.08090316834433345,0.8183533929733144,0.0,1.5908129212865688e-09,4.117227169252365e-09,-3.3954307362131926e-08,1.5944125317520045e-09,4.1216463349677065e-09,3.399592089923979e-08
393,0.4045158417216672,2.045883482433286,0.22456137746875315,2.9123834972376253e-10,-1.0156041692949088e-09,-2.1815307164899764e-09,2.91253900919435e-10,1.016587386044702e-09,2.188093262988125e-09
394,0.1618063366886669,1.2275300894599717,0.0,6.144180635287837e-10,4.632971912115197e-09,-2.343673907625592e-08,6.179369825564517e-10,4.637787051466632e-09,2.3466537435463465e-08
395,0.4854190100660007,2.4550601789199433,0.22456137746875315,5.546283542791158e-10,-9.849330400863508e-10,7.86945673761717e-09,5.547937323970216e-10,9.858655516777165e-10,7.874961052292612e-09
396,0.24270950503300034,1.6367067859466289,0.0,-5.4534849286174e-10,5.027662161934677e-09,-1.2420184118295277e-08,5.456512332573367e-10,5.032704580859416e-09,1.2438034402833724e-08
397,0.5663221784103342,2.8642368754066005,0.22456137746875315,8.16082101695708e-10,-9.15173638355774e-10,1.6876954396164666e-08,8.164405059978064e-10,9.160326151835199e-10,1.6891935771527612e-08
398,0.3236126733773338,2.045883482433286,0.0,-1.8344414565115658e-09,5.218129124261425e-09,-1.3345372009498548e-09,1.8347429338817529e-09,5.223186193962592e-09,1.3433859293298283e-09
399,0.6472253467546676,3.2734135718932578,0.22456137746875315,1.0606407891536428e-09,-8.227088033255899e-10,2.4446408386545653e-08,1.0612028057843883e-09,8.234864498874711e-10,2.4469683772739616e-08
400,0.4854190100660007,3.2734135718932578,0.0,-5.765938111025258e-09,4.623443261689405e-09,2.9436369930379767e-08,5.768914863547504e-09,4.627781103092101e-09,2.946188996896049e-08
401,0.4045158417216672,2.4550601789199433,0.0,-3.1772370432275435e-09,5.158489061449657e-09,9.289157593733578e-09,3.178397080263327e-09,5.163371047686653e-09,9.295077703320786e-09
402,0.5663221784103342,3.2734135718932578,0.07485379248958439,-3.4243656103010324e-09,2.6312923773495042e-09,2.6928540622083007e-08,3.4262015434496333e-09,2.633793386405113e-09,2.6952958497504437e-08
403,0.728128515099001,3.682590268379915,0.22456137746875315,1.2736416811800234e-09,-7.31288904124213e-10,3.0369758566482376e-08,1.2744122071352774e-09,7.31996696428562e-10,3.040001362790246e-08
404,0.889934851787668,4.500943661353229,0.37426896244792196,7.995969447589268e-09,-3.0837916520532015e-09,3.817718424188e-08,8.001375321549341e-09,3.0870494696541437e-09,3.821791981481329e-08
405,0.0,0.0,0.37426896244792196,-2.40548672296358e-09,-3.62520216138192e-09,-5.164680278381574e-08,2.4097976771674855e-09,3.629173208827846e-09,5.170833160902328e-08
406,0.0,0.0,0.22456137746875315,-3.64831455340243e-10,-7.885121309552941e-10,-5.168970425461632e-08,3.6566427467947457e-10,7.893601471423059e-10,5.175127260986543e-08
407,0.08090316834433345,0.4091766964866572,0.14970758497916878,5.372324691203121e-10,6.594947060363482e-10,-4.2813446431204056e-08,5.380791225190796e-10,6.602319885355074e-10,4.286463033781212e-08
408,0.1618063366886669,0.8183533929733144,0.14970758497916878,3.4379491355948134e-10,7.493300075671865e-10,-3.33514162524939e-08,3.4449403124160366e-10,7.501450150268001e-10,3.3391637841763925e-08
409,0.0,0.4091766964866572,0.0,2.3366689089779314e-09,3.6268340765807802e-09,-4.371122809239822e-08,2.340805931510992e-09,3.6308226913989194e-09,4.376406243299701e-08
410,0.24270950503300034,1.2275300894599717,0.14970758497916878,1.2239139782935664e-10,8.494614551910102e-10,-2.324753710234052e-08,1.230314661642616e-10,8.503546248214331e-10,2.327627605119306e-08
411,0.3236126733773338,1.6367067859466289,0.14970758497916878,-1.236750402989498e-10,9.286076900489479e-10,-1.2720572668993877e-08,1.236965634003449e-10,9.295518927319043e-10,1.2737685821794618e-08
412,0.4045158417216672,2.045883482433286,0.14970758497916878,-3.8727563527016786e-10,9.69544199857349e-10,-2.1796476904397146e-09,3.873658098494286e-10,9.705021035183416e-10,2.186205329480925e-09
413,0.4854190100660007,2.4550601789199433,0.14970758497916878,-6.560683392990267e-10,9.658934010554956e-10,7.87264071603489e-09,6.563443796412846e-10,9.668268073553405e-10,7.878149313022115e-09
414,0.5663221784103342,2.8642368754066005,0.14970758497916878,-9.145785961295925e-10,9.166653181841017e-10,1.6880245086287996e-08,9.150479315372795e-10,9.175446367739329e-10,1.6895230492537874e-08
415,0.5663221784103342,4.500943661353229,0.0,-8.212229355821094e-09,3.840271097819298e-09,5.3245479322623926e-08,8.216888095278978e-09,3.844011082299778e-09,5.329484330546943e-08
416,0.5663221784103342,4.091766964866572,0.0,-7.751086670837667e-09,3.877084470763904e-09,4.490238925692211e-08,7.755537169042001e-09,3.880807621071566e-09,4.4943875979324576e-08
417,0.6472253467546676,4.500943661353229,0.07485379248958439,-4.929099888315698e-09,2.185637485173e-09,4.949706266770152e-08,4.931957082719435e-09,2.1878387055647436e-09,4.954446973382652e-08
418,0.6472253467546676,4.091766964866572,0.07485379248958439,-4.65210817786986e-09,2.2134592665053048e-09,4.154281898537332e-08,4.65485527484668e-09,2.2156214233846224e-09,4.1582557917987796e-08
419,0.728128515099001,4.500943661353229,0.14970758497916878,-1.6996696131891757e-09,6.803978137652971e-10,4.5724267364740456e-08,1.7006261669823703e-09,6.81113440129927e-10,4.576959668178827e-08
420,0.728128515099001,4.091766964866572,0.14970758497916878,-1.5854662407384023e-09,6.961305719797999e-10,3.818034530496518e-08,1.5864076743744353e-09,6.96823011410051e-10,3.821824655338327e-08
421,0.8090316834433344,4.500943661353229,0.22456137746875315,1.5011388893933665e-09,-6.651268634426858e-10,4.194231835039384e-08,1.5022032411378029e-09,6.658127454826821e-10,4.198544516715268e-08
422,0.4854190100660007,2.8642368754066005,0.0,-4.483247061558228e-09,4.861020470515826e-09,1.884889465918001e-08,4.485348499680413e-09,4.865583827183481e-09,1.8864619020962456e-08
423,0.6472253467546676,3.2734135718932578,0.14970758497916878,-1.1549643811177867e-09,8.325852563676963e-10,2.4448566578233424e-08,1.1556173253412395e-09,8.333912365453965e-10,2.4471844686058113e-08
424,0.8090316834433344,4.091766964866572,0.22456137746875315,1.451632773554377e-09,-6.646678857532741e-10,3.4825084434204265e-08,1.4526045902732892e-09,6.653373938934868e-10,3.486105591998935e-08
425,0.889934851787668,4.500943661353229,0.29941516995833756,4.706435207100208e-09,-1.8466347972534267e-09,3.816413104111618e-08,4.709657663797638e-09,1.8486067606219738e-09,3.820492897357195e-08
426,0.08090316834433345,0.0,0.37426896244792196,-2.429729894146563e-09,-3.619273111522819e-09,-5.0549429709906736e-08,2.434060143368538e-09,3.6232400146630134e-09,5.060912781692743e-08
427,0.08090316834433345,0.0,0.29941516995833756,-1.4155375329645624e-09,-2.1968500539102725e-09,-5.058224531160865e-08,1.418126888212184e-09,2.199251900444967e-09,5.064197358986138e-08
428,0.1618063366886669,0.4091766964866572,0.37426896244792196,-2.2911150980715917e-09,-3.728668348365607e-09,-4.177639591422253e-08,2.295304611813352e-09,3.732742924671619e-09,4.1825810603604796e-08
429,0.1618063366886669,0.4091766964866572,0.29941516995833756,-1.3693254290724197e-09,-2.2580594721307096e-09,-4.1819119976531434e-08,1.3718523158673498e-09,2.2605224557654244e-09,4.186857110848328e-08
430,0.24270950503300034,0.8183533929733144,0.37426896244792196,-1.6738363871640763e-09,-4.035362339717977e-09,-3.257830621916611e-08,1.6775537290719815e-09,4.0397086832565135e-09,3.2617009691006414e-08
431,0.0,0.0,0.14970758497916878,6.897808436625577e-10,6.119923434030398e-10,-5.1693477908581685e-08,6.907462574326237e-10,6.126896926733089e-10,5.175504993020487e-08
432,0.24270950503300034,0.8183533929733144,0.29941516995833756,-1.0159744264053076e-09,-2.4360757833544336e-09,-3.263431456448526e-08,1.01822590060672e-09,2.438694830749268e-09,3.2673059621830994e-08
433,0.3236126733773338,1.2275300894599717,0.37426896244792196,-7.70184972329421e-10,-4.387848645722454e-09,-2.2868751669081156e-08,7.736402373950512e-10,4.392458865424671e-09,2.2896325589581283e-08
434,0.3236126733773338,1.2275300894599717,0.29941516995833756,-4.823670504510597e-10,-2.6423953073257473e-09,-2.2928546665577953e-08,4.844467065167739e-10,2.6451665892876116e-09,2.295615499211783e-08
435,0.4045158417216672,1.6367067859466289,0.37426896244792196,3.38149380472361e-10,-4.651958852077293e-09,-1.2834452318335465e-08,3.3920744185430456e-10,4.656700099579854e-09,1.2850797089227649e-08
436,0.08090316834433345,0.4091766964866572,0.07485379248958439,1.4673634878752067e-09,2.1399651420968816e-09,-4.280358528315665e-08,1.469876902156166e-09,2.142323030247219e-09,4.285476053735002e-08
437,0.4045158417216672,1.6367067859466289,0.29941516995833756,1.78011705126967e-10,-2.7958452311939228e-09,-1.2890370115776386e-08,1.7884460338079205e-10,2.7986891321298826e-09,1.2906731805316837e-08
438,0.4854190100660007,2.045883482433286,0.37426896244792196,1.5892692184146615e-09,-4.749108064911718e-09,-2.857178214903218e-09,1.58945546876219e-09,4.753803555521508e-09,2.862861115073918e-09
439,0.1618063366886669,0.8183533929733144,0.07485379248958439,9.980335651187868e-10,2.3853609178231353e-09,-3.333351921632473e-08,1.0001960464521701e-09,2.387932886239951e-09,3.337372599009917e-08
440,0.4854190100660007,2.045883482433286,0.29941516995833756,9.264481773424969e-10,-2.8490510099710945e-09,-2.9038661233176377e-09,9.265444419529535e-10,2.8518618302093435e-09,2.909525965128511e-09
441,0.5663221784103342,2.4550601789199433,0.37426896244792196,2.910301549581601e-09,-4.637816111032083e-09,6.5925903966581605e-09,2.9113385484742066e-09,4.642307301038813e-09,6.597685026412517e-09
442,0.24270950503300034,1.2275300894599717,0.07485379248958439,4.000169054511667e-10,2.6557853678737536e-09,-2.3223019737111187e-08,4.0204562103994677e-10,2.658564055465402e-09,2.3251741407459302e-08
443,0.5663221784103342,2.4550601789199433,0.29941516995833756,1.717636779209267e-09,-2.776916423665789e-09,6.5576338862988176e-09,1.71823611133272e-09,2.779600987671354e-09,6.562741413697279e-09
444,0.6472253467546676,2.8642368754066005,0.37426896244792196,4.213968920104131e-09,-4.334379633574307e-09,1.5012000483042603e-08,4.216003301036198e-09,4.338548241990915e-09,1.5026157333817685e-08
445,0.3236126733773338,1.6367067859466289,0.07485379248958439,-2.9935864395923375e-10,2.864427883218096e-09,-1.2693986928873916e-08,2.9957282785317667e-10,2.8673269583015206e-09,1.2711086944408023e-08
446,0.6472253467546676,2.8642368754066005,0.29941516995833756,2.4990249782454053e-09,-2.5915613255854463e-09,1.4988263019495644e-08,2.500223276844152e-09,2.594050417717241e-09,1.500245672632366e-08
447,0.728128515099001,3.2734135718932578,0.37426896244792196,5.438216740580687e-09,-3.905687440310823e-09,2.2029162142897284e-08,5.441267795073811e-09,3.9094749357050274e-09,2.205117807871412e-08
448,0.4045158417216672,2.045883482433286,0.07485379248958439,-1.07036193491027e-09,2.961008132971152e-09,-2.15446143424599e-09,1.0705456928924008e-09,2.9639135981137055e-09,2.161037261064507e-09
449,0.728128515099001,3.2734135718932578,0.29941516995833756,3.232794492387635e-09,-2.3347925681886197e-09,2.20131076440188e-08,3.2346068403894505e-09,2.3370534561186382e-09,2.2035178400318262e-08
450,0.8090316834433344,3.682590268379915,0.37426896244792196,6.5330141632822956e-09,-3.459874135225042e-09,2.747906613718188e-08,6.537073400321829e-09,3.463296699196974e-09,2.7507628772623576e-08
451,0.4854190100660007,2.4550601789199433,0.07485379248958439,-1.8708285061954572e-09,2.9220779177561052e-09,7.89350469307356e-09,1.871542396511244e-09,2.9248823320535493e-09,7.899014789507722e-09
452,0.8090316834433344,3.682590268379915,0.29941516995833756,3.887602507479675e-09,-2.070440210625269e-09,2.746611594848148e-08,3.890026227482209e-09,2.0724875708384272e-09,2.7494744371146306e-08
453,0.889934851787668,4.091766964866572,0.37426896244792196,7.513469274733004e-09,-3.1014806263595356e-09,3.1505010952239806e-08,7.51848775690397e-09,3.1046550332363246e-09,3.1538888732806894e-08
454,0.5663221784103342,3.682590268379915,0.0,-6.806739147239064e-09,4.0968012211524415e-09,3.6250686767509316e-08,6.810562482323436e-09,4.100716969639184e-09,3.628393872526005e-08
455,0.6472253467546676,3.682590268379915,0.07485379248958439,-4.061878935975583e-09,2.3349208847196442e-09,3.330429173680369e-08,4.064238593560038e-09,2.3371779348588482e-09,3.3336076636509776e-08
456,0.5663221784103342,2.8642368754066005,0.07485379248958439,-2.650000959004047e-09,2.752653831743551e-09,1.6895121785691806e-08,2.651296480631775e-09,2.7552753015601625e-09,1.6910096697051657e-08
457,0.728128515099001,3.682590268379915,0.14970758497916878,-1.3725979531381696e-09,7.383170132584928e-10,3.036997702900073e-08,1.3734204035383611e-09,7.390405431206851e-10,3.040023215592401e-08
458,0.889934851787668,4.091766964866572,0.29941516995833756,4.463917153453091e-09,-1.8602962499065357e-09,3.1489705610086864e-08,4.466919042877633e-09,1.8622057651371023e-09,3.152365165593187e-08
459,0.08090316834433345,0.0,0.22456137746875315,-3.688268262306175e-10,-7.813050216123184e-10,-5.059901714180849e-08,3.696613594907516e-10,7.821484134193541e-10,5.065876041872715e-08
460,0.1618063366886669,0.4091766964866572,0.22456137746875315,-4.192489795608246e-10,-7.948817745342532e-10,-4.1841821376956427e-08,4.20095889110886e-10,7.957413673746168e-10,4.189129132243992e-08
461,0.0,0.0,0.07485379248958439,1.7361071347574682e-09,2.0150664067557328e-09,-5.1684429980288835e-08,1.7388339321174153e-09,2.0173114068523323e-09,5.1745994497542895e-08
462,0.24270950503300034,0.8183533929733144,0.22456137746875315,-3.3717092734180226e-10,-8.478184178061859e-10,-3.2663555894263485e-08,3.3794892107630395e-10,8.487241051126178e-10,3.270232184728681e-08
463,0.3236126733773338,1.2275300894599717,0.22456137746875315,-1.786160599614969e-10,-9.088274980881916e-10,-2.2958802556431213e-08,1.7934049274512163e-10,9.097760231780307e-10,2.2986427116480343e-08
464,0.08090316834433345,0.4091766964866572,0.0,2.351948361374119e-09,3.643800629935462e-09,-4.27771513466358e-08,2.3560973293686383e-09,3.647802553368395e-09,4.2828303161008634e-08
465,0.4045158417216672,1.6367067859466289,0.22456137746875315,3.086451384274843e-11,-9.518141381193475e-10,-1.2917747237017668e-08,3.172717666737996e-11,9.527776794819166e-10,1.2934115496185719e-08
466,0.1618063366886669,0.8183533929733144,0.0,1.622154818551875e-09,4.0481209648923105e-09,-3.328625690438779e-08,1.6257689720475527e-09,4.052478322435386e-09,3.332642523555628e-08
467,0.4854190100660007,2.045883482433286,0.22456137746875315,2.752839397822955e-10,-9.617466387492186e-10,-2.9258169945685146e-09,2.752966094167714e-10,9.62689280795222e-10,2.931463635881656e-09
468,0.24270950503300034,1.2275300894599717,0.0,6.576597768081643e-10,4.485046021453468e-09,-2.3166722649000733e-08,6.611092778059372e-10,4.489735941506649e-09,2.31954063607951e-08
469,0.5663221784103342,2.4550601789199433,0.22456137746875315,5.37581957286168e-10,-9.291271272485097e-10,6.541942697051958e-09,5.377462659986084e-10,9.300202317513151e-10,6.547058502949096e-09
470,0.3236126733773338,1.6367067859466289,0.0,-4.893105125787276e-10,4.819554965238589e-09,-1.2637938497688898e-08,4.897167373928084e-10,4.824431069943688e-09,1.2655014048209821e-08
471,0.6472253467546676,2.8642368754066005,0.22456137746875315,7.992158692156675e-10,-8.607557168745086e-10,1.4977975529384483e-08,7.995792162719577e-10,8.615787749972958e-10,1.499218894309668e-08
472,0.4045158417216672,2.045883482433286,0.0,-1.7651078868427929e-09,4.9698021375097454e-09,-2.104856046143793e-09,1.7653900359200464e-09,4.974673723758519e-09,2.1114762219504956e-09
473,0.728128515099001,3.2734135718932578,0.22456137746875315,1.0452602295158832e-09,-7.729861460137442e-10,2.2006006188999574e-08,1.045834721619463e-09,7.73731751280787e-10,2.202810461456235e-08
474,0.5663221784103342,3.2734135718932578,0.0,-5.6934288974361805e-09,4.392903768154582e-09,2.693896947568353e-08,5.696454601475364e-09,4.397070807790573e-09,2.6963343531498475e-08
475,0.4854190100660007,2.4550601789199433,0.0,-3.097684834895337e-09,4.8937267538982975e-09,7.93217591785577e-09,3.0988382526588007e-09,4.898417752721189e-09,7.937684371701228e-09
476,0.6472253467546676,3.2734135718932578,0.07485379248958439,-3.3764669498161313e-09,2.490219873179108e-09,2.4457447128031434e-08,3.3783343521277037e-09,2.4926121781803556e-09,2.4480704097202273e-08
477,0.8090316834433344,3.682590268379915,0.22456137746875315,1.2619581303145013e-09,-6.863456722804171e-10,2.7459622101984905e-08,1.2627487626409346e-09,6.870253213409571e-10,2.7488281921418264e-08
478,0.9708380201320014,4.500943661353229,0.37426896244792196,7.956533888592703e-09,-2.866005826954127e-09,3.4402713052309656e-08,7.96210579861258e-09,2.869118909795867e-09,3.444105517829944e-08
479,0.08090316834433345,0.0,0.14970758497916878,6.906190720870566e-10,6.304943371425025e-10,-5.0604955281334097e-08,6.915852574804569e-10,6.312062596306387e-10,5.0664703991784934e-08
480,0.1618063366886669,0.4091766964866572,0.14970758497916878,5.384872816066371e-10,6.652109951062178e-10,-4.184837978334496e-08,5.393348161316049e-10,6.659517548066503e-10,4.189785497117962e-08
481,0.0,0.0,0.0,2.7414373631491107e-09,3.4335963812061636e-09,-5.166760539602051e-08,2.745897478963066e-09,3.4374040194192277e-09,5.1729155216961745e-08
482,0.24270950503300034,0.8183533929733144,0.14970758497916878,3.466294046694502e-10,7.369700773658106e-10,-3.2668231770936344e-08,3.4732895180514447e-10,7.377734945948926e-10,3.27070001328474e-08
483,0.3236126733773338,1.2275300894599717,0.14970758497916878,1.2932196506766807e-10,8.210006831401558e-10,-2.2960608935155476e-08,1.299509138370052e-10,8.21869819824178e-10,2.2988232490419545e-08
484,0.4045158417216672,1.6367067859466289,0.14970758497916878,-1.1237821008910323e-10,8.88316115947317e-10,-1.2917183086896148e-08,1.1240937650017096e-10,8.892274369086377e-10,1.2933547716301262e-08
485,0.4854190100660007,2.045883482433286,0.14970758497916878,-3.720385090242408e-10,9.213327539209739e-10,-2.9233404178383134e-09,3.721243321550158e-10,9.222528887200632e-10,2.9289822592191453e-09
486,0.5663221784103342,2.4550601789199433,0.14970758497916878,-6.380810180604996e-10,9.141980305884236e-10,6.545446662613007e-09,6.383555418334415e-10,9.150912720625602e-10,6.550566780523075e-09
487,0.6472253467546676,2.8642368754066005,0.14970758497916878,-8.953726127887184e-10,8.65839265632235e-10,1.4981272016849604e-08,8.958457795579485e-10,8.666774502364278e-10,1.4995489298009746e-08
488,0.6472253467546676,4.500943661353229,0.0,-8.231687543768337e-09,3.6620088234971327e-09,4.949190509320931e-08,8.236507965900025e-09,3.665644959552438e-09,4.953923943413849e-08
489,0.6472253467546676,4.091766964866572,0.0,-7.739425950247621e-09,3.6949205700880705e-09,4.153948855359425e-08,7.744008848557893e-09,3.6985148274963423e-09,4.157916054611565e-08
490,0.728128515099001,4.500943661353229,0.07485379248958439,-4.930723693744265e-09,2.0728276967036653e-09,4.572330295722695e-08,4.933682582894228e-09,2.0749549100293524e-09,4.5768593936913635e-08
491,0.728128515099001,4.091766964866572,0.07485379248958439,-4.637861628525257e-09,2.0996399601639735e-09,3.818037500013393e-08,4.640691690140659e-09,2.1017151361925405e-09,3.821824136486695e-08
492,0.8090316834433344,4.500943661353229,0.14970758497916878,-1.6979491553428767e-09,6.43086652306435e-10,4.194007027471999e-08,1.6989463271759363e-09,6.43769448848412e-10,4.19831907038623e-08
493,0.8090316834433344,4.091766964866572,0.14970758497916878,-1.577572781920229e-09,6.580250184936629e-10,3.48235269689486e-08,1.5785443227060068e-09,6.586820559116617e-10,3.485949475206463e-08
494,0.889934851787668,4.500943661353229,0.22456137746875315,1.4947017093084172e-09,-6.198581744388457e-10,3.8156209171550845e-08,1.4957884842727604e-09,6.20523243720588e-10,3.819703361343169e-08
495,0.5663221784103342,2.8642368754066005,0.0,-4.400070767690889e-09,4.601394604221305e-09,1.692105811719929e-08,4.402192420607996e-09,4.605770972207237e-09,1.6936007028696473e-08
496,0.728128515099001,3.2734135718932578,0.14970758497916878,-1.1363874178178468e-09,7.854401123788394e-10,2.2008071526979266e-08,1.1370511468600338e-09,7.862054689669302e-10,2.2030172441851744e-08
497,0.889934851787668,4.091766964866572,0.22456137746875315,1.4437193738672314e-09,-6.205388230547922e-10,3.148155896701441e-08,1.4447174411288016e-09,6.211834507559127e-10,3.151553493309243e-08
498,0.9708380201320014,4.500943661353229,0.29941516995833756,4.681296094032663e-09,-1.713470430185934e-09,3.438519517596845e-08,4.684609691441441e-09,1.7153572762398159e-09,3.442360040036226e-08
499,0.1618063366886669,0.0,0.37426896244792196,-2.4877533528768354e-09,-3.570174311827357e-09,-4.9410417100342985e-08,2.4921293005787294e-09,3.5740933843152463e-09,4.9468244036164345e-08
500,0.1618063366886669,0.0,0.29941516995833756,-1.4466621804480364e-09,-2.170289704748238e-09,-4.945349038362701e-08,1.449273978604239e-09,2.172666089472254e-09,4.951135619415562e-08
501,0.24270950503300034,0.4091766964866572,0.37426896244792196,-2.3581947985500305e-09,-3.62770063887399e-09,-4.076996512854658e-08,2.362430493562662e-09,3.6316796147596454e-09,4.0817637679561254e-08
502,0.24270950503300034,0.4091766964866572,0.29941516995833756,-1.4085477447306057e-09,-2.1978238792294036e-09,-4.082157191918784e-08,1.4111003025488978e-09,2.2002301866930905e-09,4.0869287997527596e-08
503,0.3236126733773338,0.8183533929733144,0.37426896244792196,-1.7403802717902956e-09,-3.877582947048992e-09,-3.185695849414554e-08,1.7441212965126156e-09,3.8817863939231956e-09,3.189418611006833e-08
504,0.3236126733773338,0.8183533929733144,0.29941516995833756,-1.055851822023655e-09,-2.34252765327934e-09,-3.1919514911158716e-08,1.0581169654285506e-09,2.3450620444968757e-09,3.1956788536532055e-08
505,0.4045158417216672,1.2275300894599717,0.37426896244792196,-8.433824578905857e-10,-4.180648071692299e-09,-2.254517424003171e-08,8.467607514344832e-10,4.185079164274634e-09,2.257162306668077e-08
506,0.08090316834433345,0.0,0.07485379248958439,1.7412891678683271e-09,2.0427791501250027e-09,-5.0602154186442535e-08,1.7440199590568859e-09,2.0450468684896567e-09,5.066190080574514e-08
507,0.4045158417216672,1.2275300894599717,0.29941516995833756,-5.261466000483944e-10,-2.519070559910616e-09,-2.260949232973192e-08,5.281835337046658e-10,2.521734910722637e-09,2.2635977911205286e-08
508,0.4854190100660007,1.6367067859466289,0.37426896244792196,2.569896766677127e-10,-4.406448671765864e-09,-1.2993871051152656e-08,2.586399514402403e-10,4.4109886002174115e-09,1.300948323624979e-08
509,0.1618063366886669,0.4091766964866572,0.07485379248958439,1.4821284155021991e-09,2.1286354572525703e-09,-4.1838301204366684e-08,1.4846523646627578e-09,2.1309803024202454e-09,4.188776761262591e-08
510,0.4854190100660007,1.6367067859466289,0.29941516995833756,1.295807258864874e-10,-2.64907333151813e-09,-1.3053200192771823e-08,1.3091777725045496e-10,2.6517966014061165e-09,1.306883136021186e-08
511,0.5663221784103342,2.045883482433286,0.37426896244792196,1.4999479190398997e-09,-4.4786073519962926e-09,-3.5602920994939782e-09,1.5001133844830588e-09,4.483093391888743e-09,3.5654575454639453e-09
512,0.24270950503300034,0.8183533929733144,0.07485379248958439,1.019982721126591e-09,2.3276859063818942e-09,-3.2646714179124905e-08,1.0221532842360827e-09,2.33020533664004e-09,3.268546497992433e-08
513,0.5663221784103342,2.045883482433286,0.29941516995833756,8.732001311786401e-10,-2.6871066723429755e-09,-3.610213966660018e-09,8.732844638557996e-10,2.6897918271508713e-09,3.6153705637455877e-09
514,0.6472253467546676,2.4550601789199433,0.37426896244792196,2.8146058018777715e-09,-4.3593596432821395e-09,5.309599954069045e-09,2.8156382417639503e-09,4.363643148281722e-09,5.314335339053553e-09
515,0.3236126733773338,1.2275300894599717,0.07485379248958439,4.3042046265335137e-10,2.556518642796397e-09,-2.2932757931904622e-08,4.3240755776566083e-10,2.5592124621923244e-09,2.2960362204914142e-08
516,0.6472253467546676,2.4550601789199433,0.29941516995833756,1.660606435695075e-09,-2.6100764291612593e-09,5.271008730764445e-09,1.661202729183868e-09,2.612636706130498e-09,5.2757599086829264e-09
517,0.728128515099001,2.8642368754066005,0.37426896244792196,4.117580959122212e-09,-4.063724053144082e-09,1.3158275793525146e-08,4.119643223001198e-09,4.067694805414029e-09,1.317166854320377e-08
518,0.4045158417216672,1.6367067859466289,0.07485379248958439,-2.604204144178841e-10,2.733619770164038e-09,-1.2887996098699882e-08,2.607205822016331e-10,2.7364124450561247e-09,1.290434632237619e-08
519,0.728128515099001,2.8642368754066005,0.29941516995833756,2.441730276486057e-09,-2.42926091595096e-09,1.313005932950665e-08,2.442944584820552e-09,2.431632241648961e-09,1.3143491244075887e-08
520,0.8090316834433344,3.2734135718932578,0.37426896244792196,5.346842212306417e-09,-3.6557935468006686e-09,1.9635148387590833e-08,5.3499602084692166e-09,3.6593965341083295e-09,1.965596632167865e-08
521,0.4854190100660007,2.045883482433286,0.07485379248958439,-1.0232734769613809e-09,2.809310242996899e-09,-2.896151594393302e-09,1.0234445572027132e-09,2.812098843326166e-09,2.901796738724318e-09
522,0.8090316834433344,3.2734135718932578,0.29941516995833756,3.1788518242485178e-09,-2.1847468049917986e-09,1.96139018546854e-08,3.1807031080608835e-09,2.186898566417217e-09,1.9634776471965717e-08
523,0.889934851787668,3.682590268379915,0.37426896244792196,6.457820331225325e-09,-3.2322485027126137e-09,2.460666225870665e-08,6.4619871804667555e-09,3.235501320039127e-09,2.4633589387252024e-08
524,0.5663221784103342,2.4550601789199433,0.07485379248958439,-1.8178091228896024e-09,2.7620351640696803e-09,6.568139757926159e-09,1.818519105265366e-09,2.764719552369863e-09,6.5732604360177325e-09
525,0.889934851787668,3.682590268379915,0.29941516995833756,3.843298698677394e-09,-1.9333508053021065e-09,2.4588373555134966e-08,3.845785151097754e-09,1.9352982777155926e-09,2.4615367609503968e-08
526,0.9708380201320014,4.091766964866572,0.37426896244792196,7.456609967463684e-09,-2.8831868854699924e-09,2.8189532790862228e-08,7.461777961739993e-09,2.8862034090412533e-09,2.822135328404966e-08
527,0.6472253467546676,3.682590268379915,0.0,-6.755868500803376e-09,3.893429720776291e-09,3.3307060124128365e-08,6.759781481031643e-09,3.897188231374361e-09,3.3338784895677397e-08
528,0.728128515099001,3.682590268379915,0.07485379248958439,-4.0255453023587855e-09,2.2086062889552842e-09,3.037438641346969e-08,4.0279610994174595e-09,2.2107622723920764e-09,3.040461122781601e-08
529,0.6472253467546676,2.8642368754066005,0.07485379248958439,-2.595036432591139e-09,2.596079699592212e-09,1.4997974911583407e-08,2.5963450557566958e-09,2.5985829698907445e-09,1.5012180463956805e-08
530,0.8090316834433344,3.682590268379915,0.14970758497916878,-1.3574032411231575e-09,6.956129589894366e-10,2.7459935719365913e-08,1.3582450446743285e-09,6.96297852578061e-10,2.7488595265198047e-08
531,0.9708380201320014,4.091766964866572,0.29941516995833756,4.430147372977551e-09,-1.728231508642819e-09,2.8169122143785287e-08,4.433235388421513e-09,1.7300480097208134e-09,2.8201011498141452e-08
532,0.1618063366886669,0.0,0.22456137746875315,-3.8190434820894546e-10,-7.653288377052222e-10,-4.9476343584483775e-08,3.827459597718139e-10,7.661581141708964e-10,4.953422948391044e-08
533,0.24270950503300034,0.4091766964866572,0.22456137746875315,-4.351133335673757e-10,-7.680979648750696e-10,-4.084962030245252e-08,4.359694557559946e-10,7.689331849442663e-10,4.0897359455673706e-08
534,0.3236126733773338,0.8183533929733144,0.22456137746875315,-3.526676866159527e-10,-8.121179524212676e-10,-3.195213058116869e-08,3.534505656800384e-10,8.129916622449997e-10,3.198942729995944e-08
535,0.08090316834433345,0.0,0.0,2.76102692575904e-09,3.456914680536818e-09,-5.058736128520857e-08,2.7655034630998103e-09,3.460740411665739e-09,5.064709484536701e-08
536,0.4045158417216672,1.2275300894599717,0.22456137746875315,-1.9456979654585183e-10,-8.647839363209811e-10,-2.2641676794985186e-08,1.9528068940430986e-10,8.656940837129908e-10,2.266817947658879e-08
537,0.1618063366886669,0.4091766964866572,0.0,2.3939078281299664e-09,3.6003002730280917e-09,-4.1804472185072854e-08,2.3980881712430195e-09,3.604258803832702e-09,4.1853908806682127e-08
538,0.4854190100660007,1.6367067859466289,0.22456137746875315,1.4175729418245155e-11,-9.007863666253407e-10,-1.3081943235266294e-08,1.6195320653931872e-11,9.017079476213556e-10,1.3097581824254057e-08
539,0.24270950503300034,0.8183533929733144,0.0,1.6710983930532591e-09,3.9318778295700625e-09,-3.259404484623652e-08,1.674732544312427e-09,3.936130048266769e-09,3.263275340047606e-08
540,0.5663221784103342,2.045883482433286,0.22456137746875315,2.576663182771943e-10,-9.062521798680617e-10,-3.6335877606562677e-09,2.576761110979567e-10,9.07152138087978e-10,3.6387379802057755e-09
541,0.3236126733773338,1.2275300894599717,0.0,7.155794958691383e-10,4.3057204329075055e-09,-2.287247443004894e-08,7.189481222429026e-10,4.310256999581916e-09,2.290003875133148e-08
542,0.6472253467546676,2.4550601789199433,0.22456137746875315,5.191318876020067e-10,-8.724229092341295e-10,5.253597885034831e-09,5.192952860647943e-10,8.732748889002274e-10,5.258358816104783e-09
543,0.4045158417216672,1.6367067859466289,0.0,-4.209500472165338e-10,4.592322848361071e-09,-1.2828720952270938e-08,4.2152634799045095e-10,4.597014792145704e-09,1.2845045049811878e-08
544,0.728128515099001,2.8642368754066005,0.22456137746875315,7.810693933235189e-10,-8.056645890883265e-10,1.3117583025059466e-08,7.814382633673304e-10,8.064500711448343e-10,1.313103569869422e-08
545,0.4854190100660007,2.045883482433286,0.0,-1.6857219718414496e-09,4.710848756035992e-09,-2.8436503271309553e-09,1.6859831460532406e-09,4.715522474523375e-09,2.8493078686252607e-09
546,0.8090316834433344,3.2734135718932578,0.22456137746875315,1.0285313252646845e-09,-7.220437329664139e-10,1.960429095008044e-08,1.02911903125901e-09,7.227557617405165e-10,1.9625194007825183e-08
547,0.6472253467546676,3.2734135718932578,0.0,-5.615653050826589e-09,4.156131078346426e-09,2.4472167541351753e-08,5.618734223237994e-09,4.160119650271159e-09,2.4495378023492188e-08
548,0.5663221784103342,2.4550601789199433,0.0,-3.010007854510965e-09,4.623075408637351e-09,6.6099863981850705e-09,3.011155660472386e-09,4.627565751268258e-09,6.615103540580531e-09
549,0.728128515099001,3.2734135718932578,0.07485379248958439,-3.3242672468447866e-09,2.3460317965408103e-09,2.2019072710203966e-08,3.3261693966172504e-09,2.348310872189402e-09,2.204115120902368e-08
550,0.889934851787668,3.682590268379915,0.22456137746875315,1.2484846364354918e-09,-6.396476234875126e-10,2.457935421894232e-08,1.2492959979735113e-09,6.402972865220666e-10,2.4606380121296485e-08
551,1.0517411884763348,4.500943661353229,0.37426896244792196,7.90271878650185e-09,-2.6413868179185166e-09,3.0640768025686335e-08,7.90845548588485e-09,2.644341985747786e-09,3.067663383326352e-08
552,0.1618063366886669,0.0,0.14970758497916878,6.921117421717132e-10,6.401392176473593e-10,-4.948459854584622e-08,6.930792294224975e-10,6.408577085589468e-10,4.954249178702662e-08
553,0.24270950503300034,0.4091766964866572,0.14970758497916878,5.450674604537266e-10,6.612033642388812e-10,-4.085712226005194e-08,5.459198982093215e-10,6.619386078063546e-10,4.090486733990453e-08
554,0.3236126733773338,0.8183533929733144,0.14970758497916878,3.5579180865046095e-10,7.171812600046481e-10,-3.195639481734068e-08,3.5649486651562214e-10,7.179660503532788e-10,3.1993693413098207e-08
555,0.4045158417216672,1.2275300894599717,0.14970758497916878,1.4143211287925026e-10,7.874998401324301e-10,-2.2642769609522826e-08,1.4204606167242304e-10,7.883401586453907e-10,2.2669270637210498e-08
556,0.4854190100660007,1.6367067859466289,0.14970758497916878,-9.725336116917159e-11,8.447631000491287e-10,-1.3080821349085719e-08,9.73029284300625e-11,8.456384468393645e-10,1.3096456044338919e-08
557,0.5663221784103342,2.045883482433286,0.14970758497916878,-3.540498285340952e-10,8.71185632457885e-10,-3.6308885773579474e-09,3.541304846586022e-10,8.720657543628095e-10,3.636034013916434e-09
558,0.6472253467546676,2.4550601789199433,0.14970758497916878,-6.180716349222092e-10,8.613243847958614e-10,5.257083095311124e-09,6.183445743684522e-10,8.621756584021437e-10,5.261848365391213e-09
559,0.728128515099001,2.8642368754066005,0.14970758497916878,-8.745685574911932e-10,8.141436460015538e-10,1.3120663445071545e-08,8.750460468145266e-10,8.149391743555372e-10,1.31341198936884e-08
560,0.728128515099001,4.500943661353229,0.0,-8.236536553840765e-09,3.4736816287816928e-09,4.572345879378142e-08,8.241530904520676e-09,3.477200241916839e-09,4.576867265717722e-08
561,0.728128515099001,4.091766964866572,0.0,-7.717583057509639e-09,3.5036760903665918e-09,3.818174727767029e-08,7.722307847193238e-09,3.5071315631955066e-09,3.821954355375834e-08
562,0.8090316834433344,4.500943661353229,0.07485379248958439,-4.923567080153496e-09,1.954846313673044e-09,4.194205268196156e-08,4.926633110724911e-09,1.9568914730087607e-09,4.1985132751476716e-08
563,0.8090316834433344,4.091766964866572,0.07485379248958439,-4.61671107766963e-09,1.9808634386608874e-09,3.4826278714183386e-08,4.619628413380479e-09,1.9828462883357443e-09,3.486221005977271e-08
564,0.889934851787668,4.500943661353229,0.14970758497916878,-1.6925846803330255e-09,6.039570473470089e-10,3.8154597503457114e-08,1.693623946805251e-09,6.046054467630313e-10,3.819541501772966e-08
565,0.889934851787668,4.091766964866572,0.14970758497916878,-1.5670012891730345e-09,6.18356869339464e-10,3.148036764069042e-08,1.5680040288660966e-09,6.189776074191165e-10,3.1514339550460235e-08
566,0.9708380201320014,4.500943661353229,0.22456137746875315,1.486262946239595e-09,-5.734436695646468e-10,3.437533346634722e-08,1.487372396981197e-09,5.74083930919673e-10,3.441376551490343e-08
567,0.6472253467546676,2.8642368754066005,0.0,-4.31010172732589e-09,4.337645761206604e-09,1.5027648498750662e-08,4.3122471490919734e-09,4.3418267612234565e-09,1.504182577291011e-08
568,0.8090316834433344,3.2734135718932578,0.14970758497916878,-1.116174622946249e-09,7.375705563232469e-10,1.9606141674833332e-08,1.1168499710094554e-09,7.382938921389683e-10,1.9627047073693907e-08
569,0.9708380201320014,4.091766964866572,0.22456137746875315,1.4334564151694794e-09,-5.749892456428872e-10,2.815867734217481e-08,1.4344809564923118e-09,5.756060307280743e-10,2.8190596939895936e-08
570,1.0517411884763348,4.500943661353229,0.29941516995833756,4.647983599389128e-09,-1.5762892234560261e-09,3.061856243423533e-08,4.651387964689415e-09,1.578082491676198e-09,3.065449178135827e-08
571,0.24270950503300034,0.0,0.37426896244792196,-2.5811577574607075e-09,-3.4932853439881694e-09,-4.8217796116713454e-08,2.5856057907947793e-09,3.497127968114481e-09,4.827370083053711e-08
572,0.24270950503300034,0.0,0.29941516995833756,-1.4995031676268063e-09,-2.1249019303953056e-09,-4.827101705575218e-08,1.5021531640054946e-09,2.127233397726576e-09,4.8326968971833276e-08
573,0.3236126733773338,0.4091766964866572,0.37426896244792196,-2.4542279897431352e-09,-3.505028359232096e-09,-3.972748449726271e-08,2.4585287517965625e-09,3.508890066751551e-09,3.9773386291492266e-08
574,0.3236126733773338,0.4091766964866572,0.29941516995833756,-1.4654107823430896e-09,-2.1222798465830474e-09,-3.978658801039695e-08,1.4680004218819988e-09,2.1246143306628395e-09,3.9832539041847754e-08
575,0.4045158417216672,0.8183533929733144,0.37426896244792196,-1.8299097117519449e-09,-3.704171688216943e-09,-3.1100078365009406e-08,1.8336839236552376e-09,3.708216851693473e-09,3.113580991166596e-08
576,0.4045158417216672,0.8183533929733144,0.29941516995833756,-1.1090427451442872e-09,-2.237395924649811e-09,-3.116788894958207e-08,1.1113269410209691e-09,2.2398345497887173e-09,3.1203669797880753e-08
577,0.4854190100660007,1.2275300894599717,0.37426896244792196,-9.344555575184275e-10,-3.962943625288641e-09,-2.218368493175321e-08,9.377619031488438e-10,3.967184889635867e-09,2.220899888644755e-08
578,0.1618063366886669,0.0,0.07485379248958439,1.7608548690728895e-09,2.042848382993141e-09,-4.9479275825851036e-08,1.7636013122415087e-09,2.045112264621523e-09,4.9537164733528826e-08
579,0.4854190100660007,1.2275300894599717,0.29941516995833756,-5.801165371217993e-10,-2.387884077557127e-09,-2.2251813798221796e-08,5.82113512554719e-10,2.390433849906999e-09,2.227716631704381e-08
580,0.5663221784103342,1.6367067859466289,0.37426896244792196,1.6187803401623262e-10,-4.154461689628528e-09,-1.3113811758441805e-08,1.6500087175568627e-10,4.158792044990385e-09,1.312870564881821e-08
581,0.24270950503300034,0.4091766964866572,0.07485379248958439,1.5153691034332026e-09,2.0909702982199863e-09,-4.0842837866637976e-08,1.517916797543129e-09,2.0932772296509855e-09,4.089057060501807e-08
582,0.5663221784103342,1.6367067859466289,0.29941516995833756,7.315676378039522e-11,-2.4975171844163414e-09,-1.3176276843257667e-08,7.592102372447877e-11,2.500114184249552e-09,1.3191191563881528e-08
583,0.6472253467546676,2.045883482433286,0.37426896244792196,1.3996531364910772e-09,-4.204445510466481e-09,-4.221797144401588e-09,1.3997959305024346e-09,4.208714525530949e-09,4.2266481162747396e-09
584,0.3236126733773338,0.8183533929733144,0.07485379248958439,1.0568818870462478e-09,2.249928846118749e-09,-3.193115766652507e-08,1.0590667091199286e-09,2.252376917908628e-09,3.196843586723315e-08
585,0.6472253467546676,2.045883482433286,0.29941516995833756,8.135998514711605e-10,-2.522503856962421e-09,-4.274903970679985e-09,8.136713082101034e-10,2.5250584932725454e-09,4.279754154533971e-09
586,0.728128515099001,2.4550601789199433,0.37426896244792196,2.7096587557324087e-09,-4.0784517659932545e-09,4.070936009122437e-09,2.710686468777224e-09,4.082520093570473e-09,4.075367901980894e-09
587,0.4045158417216672,1.2275300894599717,0.07485379248958439,4.723964650766033e-10,2.4437033945848907e-09,-2.2612142802489926e-08,4.743376761777043e-10,2.446299723441374e-09,2.2638622842890308e-08
588,0.728128515099001,2.4550601789199433,0.29941516995833756,1.598249590707368e-09,-2.441643851853976e-09,4.028642580424095e-09,1.5988427884781947e-09,2.44407515951067e-09,4.033095766930266e-09
589,0.8090316834433344,2.8642368754066005,0.37426896244792196,4.012477973598336e-09,-3.790723565181563e-09,1.1348908069200441e-08,4.014570188995519e-09,3.794488523936024e-09,1.136154854426953e-08
590,0.4854190100660007,1.6367067859466289,0.07485379248958439,-2.1260716235240537e-10,2.5943320727196966e-09,-1.3049551794023879e-08,2.1306376152141235e-10,2.597010006422584e-09,1.3065170948811837e-08
591,0.8090316834433344,2.8642368754066005,0.29941516995833756,2.3795228792532057e-09,-2.265565531270308e-09,1.1316235551526458e-08,2.3807544200663352e-09,2.2678142002986287e-09,1.1328917882226409e-08
592,0.889934851787668,3.2734135718932578,0.37426896244792196,5.246247191064915e-09,-3.4017573249452357e-09,1.7286541334117464e-08,5.249434967049082e-09,3.405167959944511e-09,1.7306143625359993e-08
593,0.5663221784103342,2.045883482433286,0.07485379248958439,-9.694254840709162e-10,2.6527260246127303e-09,-3.602074306049341e-09,9.69582382220892e-10,2.6553915673317954e-09,3.6072162827463855e-09
594,0.889934851787668,3.2734135718932578,0.29941516995833756,3.1197987188134847e-09,-2.032179110801883e-09,1.7260250300849573e-08,3.1216905355113116e-09,2.034216956848693e-09,1.72799108947351e-08
595,0.9708380201320014,3.682590268379915,0.37426896244792196,6.371462996395065e-09,-2.9982680991685375e-09,2.177199284498615e-08,6.3757394157715954e-09,3.001342986762278e-09,2.179724651296809e-08
596,0.6472253467546676,2.4550601789199433,0.07485379248958439,-1.759457820057367e-09,2.599041114199947e-09,5.281336050464615e-09,1.7601639992938842e-09,2.6016003472890623e-09,5.286100446136463e-09
597,0.9708380201320014,3.682590268379915,0.29941516995833756,3.792709178594873e-09,-1.7924090980028691e-09,2.174838709532731e-08,3.795259437539821e-09,1.7942515926764954e-09,2.17737084912957e-08
598,1.0517411884763348,4.091766964866572,0.37426896244792196,7.386111943625708e-09,-2.658185699661101e-09,2.4902071362021365e-08,7.3914285638107224e-09,2.6610340752004138e-09,2.493177839430789e-08
599,0.728128515099001,3.682590268379915,0.0,-6.69786915055727e-09,3.6824978759002742e-09,3.038208758709324e-08,6.701879005111337e-09,3.686091696655717e-09,3.041224962638431e-08
600,0.8090316834433344,3.682590268379915,0.07485379248958439,-3.983799206794526e-09,2.0783616495923252e-09,2.746690798920262e-08,3.986274662941749e-09,2.0804122265409198e-09,2.749553595392011e-08
601,0.728128515099001,2.8642368754066005,0.07485379248958439,-2.535493762763257e-09,2.4372266051069486e-09,1.3139087258140253e-08,2.5368170837562765e-09,2.4396070286948006e-09,1.3152530740434575e-08
602,0.889934851787668,3.682590268379915,0.14970758497916878,-1.3401655263358871e-09,6.520463007889996e-10,2.4579655912784735e-08,1.341027570687407e-09,6.526913417258684e-10,2.4606681329445306e-08
603,1.0517411884763348,4.091766964866572,0.29941516995833756,4.3884402001692675e-09,-1.592162512891231e-09,2.4876415674242928e-08,4.391613951175726e-09,1.593879513657262e-09,2.490619194352336e-08
604,0.24270950503300034,0.0,0.22456137746875315,-4.038865521111028e-10,-7.433508250822169e-10,-4.829945464556631e-08,4.047407867685324e-10,7.441594224782832e-10,4.835543122870535e-08
605,0.3236126733773338,0.4091766964866572,0.22456137746875315,-4.5680946962242334e-10,-7.363101436321896e-10,-3.981840502081127e-08,4.576782754041475e-10,7.371159593847677e-10,3.9864381951850784e-08
606,0.4045158417216672,0.8183533929733144,0.22456137746875315,-3.718210459452778e-10,-7.722744123757365e-10,-3.120288508072755e-08,3.726100498331763e-10,7.731123130843802e-10,3.1238690366038075e-08
607,0.1618063366886669,0.0,0.0,2.8121206396300885e-09,3.4361834348211376e-09,-4.9455517468817157e-08,2.8166394689789248e-09,3.4399845664839884e-09,4.951338536930446e-08
608,0.4854190100660007,1.2275300894599717,0.22456137746875315,-2.1321495472024013e-10,-8.178410836638006e-10,-2.2285636055111674e-08,2.139134150059837e-10,8.187102344202898e-10,2.2311006312974193e-08
609,0.24270950503300034,0.4091766964866572,0.0,2.4613595145266458e-09,3.521649824558828e-09,-4.080121824026687e-08,2.4655888710719207e-09,3.525531406466815e-09,4.0848914750125916e-08
610,0.5663221784103342,1.6367067859466289,0.22456137746875315,-4.7416073205618926e-12,-8.480631170405305e-10,-1.3206407044869575e-08,9.618178760464237e-12,8.489408030609322e-10,1.322133001635527e-08
611,0.3236126733773338,0.8183533929733144,0.0,1.7398881583193565e-09,3.789589514389358e-09,-3.187324425201958e-08,1.743549539218391e-09,3.79371192176205e-09,3.1910476595947744e-08
612,0.6472253467546676,2.045883482433286,0.22456137746875315,2.3812964388109104e-10,-8.498950986452406e-10,-4.299814929664184e-09,2.3813658012086575e-10,8.507507172712434e-10,4.304662670135864e-09
613,0.4045158417216672,1.2275300894599717,0.0,7.897864926599088e-10,4.1089652245425326e-09,-2.254797456136959e-08,7.93072213469498e-10,4.11333188866267e-09,2.2574412631720788e-08
614,0.728128515099001,2.4550601789199433,0.22456137746875315,4.989577163851052e-10,-8.153318384177338e-10,4.009366760801531e-09,4.991202567613681e-10,8.161410230164082e-10,4.013832490207893e-09
615,0.4854190100660007,1.6367067859466289,0.0,-3.3934514454225056e-10,4.3542639821131484e-09,-1.2987107704646515e-08,3.4022749173299313e-10,4.3587603557942315e-09,1.3002698992079707e-08
616,0.8090316834433344,2.8642368754066005,0.22456137746875315,7.612508516429757e-10,-7.502866250478803e-10,1.1301487112768123e-08,7.61625722855023e-10,7.510326999196327e-10,1.1314191485724497e-08
617,0.5663221784103342,2.045883482433286,0.0,-1.5957544383717757e-09,4.445692929453135e-09,-3.5466856452243974e-09,1.5959925238338045e-09,4.4501597105759986e-09,3.5518259571969896e-09
618,0.889934851787668,3.2734135718932578,0.22456137746875315,1.0100754426688447e-09,-6.702186864855616e-10,1.7248072722881584e-08,1.010676923437922e-09,6.70895380363619e-10,1.7267762526621e-08
619,0.728128515099001,3.2734135718932578,0.0,-5.530443001807276e-09,3.91429705228624e-09,2.2038466867943138e-08,5.5335850453482615e-09,3.9180998073753494e-09,2.206049645156461e-08
620,0.6472253467546676,2.4550601789199433,0.0,-2.913470263339161e-09,4.34847110029978e-09,5.32642064444561e-09,2.9146127494216657e-09,4.3527528582726655e-09,5.3311785938485785e-09
621,0.8090316834433344,3.2734135718932578,0.07485379248958439,-3.267181355102596e-09,2.199203555746759e-09,1.961927259898364e-08,3.269120723481273e-09,2.2013650591558652e-09,1.964015446225162e-08
622,0.9708380201320014,3.682590268379915,0.22456137746875315,1.2329322467778611e-09,-5.91462995198875e-10,2.173669556436708e-08,1.2337646706207341e-09,5.920807421558271e-10,2.1762049271252368e-08
623,1.1326443568206683,4.500943661353229,0.37426896244792196,7.834089091801111e-09,-2.4102394222414515e-09,2.6898616111482445e-08,7.839987195225368e-09,2.413024940099225e-09,2.6931932488368622e-08
624,0.24270950503300034,0.0,0.14970758497916878,6.979227702233377e-10,6.415635233530228e-10,-4.830838373999275e-08,6.988951014918951e-10,6.422809800070829e-10,4.836436813632677e-08
625,0.3236126733773338,0.4091766964866572,0.14970758497916878,5.578553302509486e-10,6.505149298020948e-10,-3.9825592997447884e-08,5.5871733566758e-10,6.512383129687035e-10,3.987157544118864e-08
626,0.4045158417216672,0.8183533929733144,0.14970758497916878,3.7054059349321106e-10,6.928651114917273e-10,-3.1206551808564246e-08,3.7125003312218145e-10,6.936267340157375e-10,3.124235827293458e-08
627,0.4854190100660007,1.2275300894599717,0.14970758497916878,1.578900490610359e-10,7.510651132790076e-10,-2.2286274539444096e-08,1.5848922565298723e-10,7.518734673438917e-10,2.231164264231363e-08
628,0.5663221784103342,1.6367067859466289,0.14970758497916878,-7.891830174446575e-11,7.992748883539894e-10,-1.3205049456073949e-08,7.900322748952102e-11,8.001120801986796e-10,1.3219968380086735e-08
629,0.6472253467546676,2.045883482433286,0.14970758497916878,-3.3375662085385065e-10,8.197916140744854e-10,-4.297158600739667e-09,3.3383138702819345e-10,8.206300000955992e-10,4.302001637752137e-09
630,0.728128515099001,2.4550601789199433,0.14970758497916878,-5.963484782585372e-10,8.074845035506541e-10,4.0126254321580325e-09,5.966196543577518e-10,8.082924020373654e-10,4.0170955581713206e-09
631,0.8090316834433344,2.8642368754066005,0.14970758497916878,-8.523539626768399e-10,7.615547839354423e-10,1.1304248924657829e-08,8.528360073795726e-10,7.623064552420301e-10,1.1316957021404047e-08
632,0.8090316834433344,4.500943661353229,0.0,-8.226975766302014e-09,3.2768338708235623e-09,4.194769903486903e-08,8.232152007430847e-09,3.280221218045129e-09,4.1990698953329274e-08
633,0.8090316834433344,4.091766964866572,0.0,-7.684283098776792e-09,3.304551427603419e-09,3.483284488421289e-08,7.689156361397764e-09,3.30785810082813e-09,3.48687037109196e-08
634,0.889934851787668,4.500943661353229,0.07485379248958439,-4.907332377885261e-09,1.8319509568648314e-09,3.8159664863756194e-08,4.910508783715647e-09,1.8339066220663306e-09,3.8200440567813485e-08
635,0.889934851787668,4.091766964866572,0.07485379248958439,-4.587946786493346e-09,1.8575726864228304e-09,3.148595767901261e-08,4.5909541351856665e-09,1.8594580098184203e-09,3.1519891993739565e-08
636,0.9708380201320014,4.500943661353229,0.14970758497916878,-1.683566105538223e-09,5.62982980429569e-10,3.437426228857722e-08,1.6846481273485072e-09,5.635956854584011e-10,3.44126870828744e-08
637,0.9708380201320014,4.091766964866572,0.14970758497916878,-1.5536226484698518e-09,5.772921896613784e-10,2.815773600810229e-08,1.5546571269513782e-09,5.778756946733887e-10,2.8189651374630997e-08
638,1.0517411884763348,4.500943661353229,0.22456137746875315,1.4755881657235085e-09,-5.258595705399464e-10,3.060656636143332e-08,1.4767202878081013e-09,5.264714446821515e-10,3.0642522837786377e-08
639,0.728128515099001,2.8642368754066005,0.0,-4.211951885683263e-09,4.070541386774622e-09,1.3172729613244308e-08,4.214123888566615e-09,4.074519449513105e-09,1.3186142295203839e-08
640,0.889934851787668,3.2734135718932578,0.14970758497916878,-1.094439952528599e-09,6.889217567527412e-10,1.7249648649957788e-08,1.0951273787230017e-09,6.896018865928134e-10,1.726934070873157e-08
641,1.0517411884763348,4.091766964866572,0.22456137746875315,1.4206504730389345e-09,-5.280527062345558e-10,2.4863495377647328e-08,1.421701371694262e-09,5.286389633897409e-10,2.489330225523077e-08
642,1.1326443568206683,4.500943661353229,0.29941516995833756,4.606189399874872e-09,-1.4352315265382882e-09,2.6871572928321296e-08,4.609682969252555e-09,1.4369237556064023e-09,2.6904953207737858e-08
643,0.3236126733773338,0.0,0.37426896244792196,-2.7071422192503223e-09,-3.395609602610616e-09,-4.6957705930763065e-08,2.711685930078704e-09,3.399354127514163e-09,4.7011626048774676e-08
644,0.3236126733773338,0.0,0.29941516995833756,-1.572320689695473e-09,-2.0657993440566538e-09,-4.7019717637351284e-08,1.5750232416001196e-09,2.068071610254202e-09,4.7073691856529185e-08
645,0.4045158417216672,0.4091766964866572,0.37426896244792196,-2.5763650162055745e-09,-3.366934622601795e-09,-3.8635316729077306e-08,2.580747623560947e-09,3.370663095150958e-09,3.867940880895999e-08
646,0.4045158417216672,0.4091766964866572,0.29941516995833756,-1.5378121294567033e-09,-2.036533465435065e-09,-3.8700611872655444e-08,1.5404487958006853e-09,2.0387856652995976e-09,3.874475764329981e-08
647,0.4854190100660007,0.8183533929733144,0.37426896244792196,-1.939973180324236e-09,-3.5204173272307263e-09,-3.029736591767794e-08,1.943790040899468e-09,3.524293002359492e-09,3.033157450195722e-08
648,0.4854190100660007,0.8183533929733144,0.29941516995833756,-1.1741810183674852e-09,-2.1250578584988724e-09,-3.036949232250065e-08,1.1764896056707683e-09,2.1273931607343524e-09,3.040375271339604e-08
649,0.5663221784103342,1.2275300894599717,0.37426896244792196,-1.0416018492816813e-09,-3.7383352471825156e-09,-2.1776429719892088e-08,1.0448487618149828e-09,3.742378442429474e-09,2.18005954721041e-08
650,0.24270950503300034,0.0,0.07485379248958439,1.7985691213130364e-09,2.021240511913083e-09,-4.829847625748808e-08,1.8013455109462225e-09,2.0234794895430316e-09,4.8354452341027306e-08
651,0.5663221784103342,1.2275300894599717,0.29941516995833756,-6.434107194531651e-10,-2.2518108409797e-09,-2.1847808482196825e-08,6.453744185924995e-10,2.2542405806467204e-09,2.187201426842538e-08
652,0.6472253467546676,1.6367067859466289,0.37426896244792196,5.388289926266727e-11,-3.897985804331668e-09,-1.318783732822154e-08,6.429184695895339e-11,3.902099669941023e-09,1.3202023177892363e-08
653,0.3236126733773338,0.4091766964866572,0.07485379248958439,1.5655235672277285e-09,2.036370479112108e-09,-3.9807090453752164e-08,1.5681067605063296e-09,2.0386230677902416e-09,3.9853057064478154e-08
654,0.6472253467546676,1.6367067859466289,0.29941516995833756,9.254464627146152e-12,-2.3428366781152386e-09,-1.3253140671422769e-08,2.39926707799783e-11,2.345303022680975e-09,1.3267349068769168e-08
655,0.728128515099001,2.045883482433286,0.37426896244792196,1.288861689268356e-09,-3.927552231535071e-09,-4.836481313946118e-09,1.288980176161604e-09,3.931597296707758e-09,4.841123661680101e-09
656,0.4045158417216672,0.8183533929733144,0.07485379248958439,1.107362613197368e-09,2.160227733320865e-09,-3.1178188052756365e-08,1.109567753379445e-09,2.1625926339921697e-09,3.1213971792602304e-08
657,0.728128515099001,2.045883482433286,0.29941516995833756,7.478786811750894e-10,-2.3560309031740443e-09,-4.892599396237176e-09,7.479364704565085e-10,2.3584508263102004e-09,4.897246287105269e-09
658,0.8090316834433344,2.4550601789199433,0.37426896244792196,2.595633220620567e-09,-3.795574028482796e-09,2.8815289625986106e-09,2.5966556075924764e-09,3.7994198376661014e-09,2.8857729164821004e-09
659,0.4854190100660007,1.2275300894599717,0.07485379248958439,5.250347024290949e-10,2.322993668685781e-09,-2.2253440698577597e-08,5.269331768805386e-10,2.325484343822451e-09,2.2278786454579066e-08
660,0.8090316834433344,2.4550601789199433,0.29941516995833756,1.530607895784188e-09,-2.271996559496011e-09,2.8356753884868015e-09,1.5311976717392674e-09,2.2742944582632376e-09,2.8399530525347755e-09
661,0.889934851787668,2.8642368754066005,0.37426896244792196,3.89879302989696e-09,-3.5158026228384834e-09,9.589029315699036e-09,3.900916295126174e-09,3.5193536721427777e-09,9.60093930000614e-09
662,0.5663221784103342,1.6367067859466289,0.07485379248958439,-1.5648419576023436e-10,2.4500109940242725e-09,-1.3172119792246946e-08,1.5726088572694824e-10,2.4525683073467136e-09,1.3187022180460248e-08
663,0.889934851787668,2.8642368754066005,0.29941516995833756,2.312291742043942e-09,-2.100768789156203e-09,9.552136617875589e-09,2.3135412255369e-09,2.1028898650210494e-09,9.564091860804862e-09
664,0.9708380201320014,3.2734135718932578,0.37426896244792196,5.136902727541769e-09,-3.1443515637175165e-09,1.4988199160915894e-08,5.1401613418624695e-09,3.147561539156506e-09,1.5006573174745107e-08
665,0.6472253467546676,2.045883482433286,0.07485379248958439,-9.091487818712613e-10,2.4930849070394006e-09,-4.266991571928307e-09,9.092900013287054e-10,2.495622484112159e-09,4.271827451653839e-09
666,0.9708380201320014,3.2734135718932578,0.29941516995833756,3.055503246248365e-09,-1.877598689240895e-09,1.4957132776286206e-08,3.057436343357502e-09,1.879517549258609e-09,1.4975566644208164e-08
667,1.0517411884763348,3.682590268379915,0.37426896244792196,6.274354804208581e-09,-2.7589443216771916e-09,1.8980688658419316e-08,6.278740484778012e-09,2.761832790538895e-09,1.90042361683908e-08
668,0.728128515099001,2.4550601789199433,0.07485379248958439,-1.6958682740966387e-09,2.4338650739237926e-09,4.038275781996552e-09,1.6965704309069745e-09,2.436294746993018e-09,4.0427423447677004e-09
669,1.0517411884763348,3.682590268379915,0.29941516995833756,3.735639259449508e-09,-1.6482622027505893e-09,1.8951840167986435e-08,3.738253312909064e-09,1.6499944367909035e-09,1.8975456120747997e-08
670,1.1326443568206683,4.091766964866572,0.37426896244792196,7.301903448958683e-09,-2.427203746752116e-09,2.164895247250476e-08,7.307365615421221e-09,2.4298742504241788e-09,2.1676498615065403e-08
671,0.8090316834433344,3.682590268379915,0.0,-6.6302843532015034e-09,3.4648711995456874e-09,2.7480038956491452e-08,6.634396886447212e-09,3.468292818802018e-09,2.7508601832697573e-08
672,0.889934851787668,3.682590268379915,0.07485379248958439,-3.935887248743988e-09,1.9446200354166034e-09,2.4589223150279356e-08,3.9384248286607106e-09,1.9465608640500538e-09,2.4616216000620805e-08
673,0.8090316834433344,2.8642368754066005,0.07485379248958439,-2.4712335067282654e-09,2.2763615139883366e-09,1.1324366666829257e-08,2.472572551285849e-09,2.2786148509496837e-09,1.1337060346758194e-08
674,0.9708380201320014,3.682590268379915,0.14970758497916878,-1.3208901695413826e-09,6.076265128895375e-10,2.173687441116903e-08,1.3217728939636244e-09,6.082305807190785e-10,2.1762227574115424e-08
675,1.1326443568206683,4.091766964866572,0.29941516995833756,4.338561850278354e-09,-1.4525028350647728e-09,2.1617975928101753e-08,4.34181978101171e-09,1.4541142395819602e-09,2.164559175308303e-08
676,0.3236126733773338,0.0,0.22456137746875315,-4.334066497373738e-10,-7.173745764726643e-10,-4.7052596967167e-08,4.3427862010831716e-10,7.18158144666732e-10,4.71065993513656e-08
677,0.4045158417216672,0.4091766964866572,0.22456137746875315,-4.834456349904728e-10,-7.014967214917721e-10,-3.873529903015943e-08,4.84330102037988e-10,7.022699896306401e-10,3.87794726965213e-08
678,0.4854190100660007,0.8183533929733144,0.22456137746875315,-3.944445130526677e-10,-7.30050340177948e-10,-3.040642848561038e-08,3.9524096407848795e-10,7.308500194851082e-10,3.044071429409002e-08
679,0.24270950503300034,0.0,0.0,2.8928895388463402e-09,3.38437331650917e-09,-4.82658692072773e-08,2.8974738171338965e-09,3.3881191971356487e-09,4.832181673033303e-08
680,0.5663221784103342,1.2275300894599717,0.22456137746875315,-2.3455851707503247e-10,-7.691674220551334e-10,-2.188311843699272e-08,2.3524642661571223e-10,7.699938707753738e-10,2.1907342529516637e-08
681,0.3236126733773338,0.4091766964866572,0.0,2.554021968458591e-09,3.41984568533103e-09,-3.975827325560038e-08,2.558317241683715e-09,3.4236275010994874e-09,3.98041979406769e-08
682,0.6472253467546676,1.6367067859466289,0.22456137746875315,-2.592111109022847e-11,-7.942345591399418e-10,-1.3284634237657715e-08,2.742593509474978e-11,7.950670022734257e-10,1.3298851710456914e-08
683,0.4045158417216672,0.8183533929733144,0.0,1.8289411503584623e-09,3.6313715195472636e-09,-3.111542978620592e-08,1.8326382429438043e-09,3.635348081509938e-09,3.115116444932887e-08
684,0.728128515099001,2.045883482433286,0.22456137746875315,2.1660725833073141e-10,-7.92909300521815e-10,-4.919062941928447e-09,2.1661146634907316e-10,7.937192698910267e-10,4.923710037418372e-09
685,0.4854190100660007,1.2275300894599717,0.0,8.804710733351262e-10,3.90167015959049e-09,-2.2185692840894197e-08,8.836812053624267e-10,3.905855732445457e-09,2.22109947718433e-08
686,0.8090316834433344,2.4550601789199433,0.22456137746875315,4.769555827988835e-10,-7.579578453968099e-10,2.8144998090683795e-09,4.771172189974263e-10,7.587226948398027e-10,2.8187964107948757e-09
687,0.5663221784103342,1.6367067859466289,0.0,-2.443745837625688e-10,4.109467670133159e-09,-1.3106704481144815e-08,2.458951278376192e-10,4.1137599873037455e-09,1.3121577334581612e-08
688,0.889934851787668,2.8642368754066005,0.22456137746875315,7.395820472947378e-10,-6.947506910115352e-10,9.535110966940109e-09,7.399632720325093e-10,6.954554709896006e-10,9.54709001128549e-09
689,0.6472253467546676,2.045883482433286,0.0,-1.4950234798723576e-09,4.176451215447704e-09,-4.208795856223992e-09,1.4952362282751262e-09,4.180703458004942e-09,4.213622456382687e-09
690,0.9708380201320014,3.2734135718932578,0.22456137746875315,9.896599874925097e-10,-6.178002427955293e-10,1.494236960341214e-08,9.902756174405348e-10,6.184396282516012e-10,1.4960833600642032e-08
691,0.8090316834433344,3.2734135718932578,0.0,-5.4361895003264144e-09,3.6679558976332913e-09,1.964359634198716e-08,5.4393967766464785e-09,3.6715656493509703e-09,1.9664426962102764e-08
692,0.728128515099001,2.4550601789199433,0.0,-2.807687163120516e-09,4.0708132747703616e-09,4.086594910560286e-09,2.8088241235747234e-09,4.074879258785679e-09,4.091049575554517e-09
693,0.889934851787668,3.2734135718932578,0.07485379248958439,-3.2050487497671927e-09,2.049932806744007e-09,1.7264910963223405e-08,3.2070268979427978e-09,2.0519725572425464e-09,1.7284578424943873e-08
694,1.0517411884763348,3.682590268379915,0.22456137746875315,1.2150737049151915e-09,-5.421324627619606e-10,1.893738266460841e-08,1.2159272711097372e-09,5.42716211127686e-10,1.8961031528928156e-08
695,1.2135475251650016,4.500943661353229,0.37426896244792196,7.750320745199612e-09,-2.1732592407853575e-09,2.318407917465673e-08,7.756374987167982e-09,2.175864524295657e-09,2.3214787319562897e-08
696,0.3236126733773338,0.0,0.14970758497916878,7.086717685152197e-10,6.363030470206153e-10,-4.7061466488890156e-08,7.096528564551955e-10,6.37012978383159e-10,4.711547652738705e-08
697,0.4045158417216672,0.4091766964866572,0.14970758497916878,5.760706634128945e-10,6.349671892996215e-10,-3.874198523026623e-08,5.769462006780458e-10,6.356738835591461e-10,3.878616384584144e-08
698,0.4854190100660007,0.8183533929733144,0.14970758497916878,3.89946124374245e-10,6.654724299261444e-10,-3.040965962505892e-08,3.906645148865195e-10,6.662075893495682e-10,3.0443946068173904e-08
699,0.5663221784103342,1.2275300894599717,0.14970758497916878,1.7800918718637498e-10,7.127622228820041e-10,-2.1883540636432798e-08,1.785963681617564e-10,7.135362042805747e-10,2.190776225713586e-08
700,0.6472253467546676,1.6367067859466289,0.14970758497916878,-5.781236545941761e-11,7.526021562257836e-10,-1.3283250275170195e-08,5.797220945267133e-11,7.533993166580505e-10,1.3297463645756153e-08
701,0.728128515099001,2.045883482433286,0.14970758497916878,-3.114366538990433e-10,7.676224282188188e-10,-4.916599860641094e-09,3.1150487098761657e-10,7.684174473389759e-10,4.921242401661132e-09
702,0.8090316834433344,2.4550601789199433,0.14970758497916878,-5.73082891504692e-10,7.529155320893874e-10,2.817424259430115e-09,5.733520380862765e-10,7.536787047894187e-10,2.8217253374306735e-09
703,0.889934851787668,2.8642368754066005,0.14970758497916878,-8.288575642473811e-10,7.08131034823407e-10,9.537510731988115e-09,8.293441687636472e-10,7.088377523663952e-10,9.549493481362982e-09
704,0.889934851787668,4.500943661353229,0.0,-8.20268716653853e-09,3.072094863075786e-09,3.817105851562405e-08,8.208049627851592e-09,3.0753379348679984e-09,3.821175206574778e-08
705,0.889934851787668,4.091766964866572,0.0,-7.638170731622667e-09,3.0980748849515433e-09,3.149808578659252e-08,7.643196569012895e-09,3.1012231440439968e-09,3.153194574741987e-08
706,0.9708380201320014,4.500943661353229,0.07485379248958439,-4.8817158642458616e-09,1.7042555937116798e-09,3.438245524198202e-08,4.8850039177087474e-09,1.7061150752389826e-09,3.4420837298776173e-08
707,0.9708380201320014,4.091766964866572,0.07485379248958439,-4.5510767536417646e-09,1.7300693411936741e-09,2.816616076139847e-08,4.554175361714677e-09,1.7318521830524724e-09,2.819803777541113e-08
708,1.0517411884763348,4.500943661353229,0.14970758497916878,-1.6709133488776234e-09,5.203153005899188e-10,3.0605906453828023e-08,1.6720380326643848e-09,5.208910971696477e-10,3.0641855587642455e-08
709,1.0517411884763348,4.091766964866572,0.14970758497916878,-1.5374161351550295e-09,5.350082855648316e-10,2.4862675597883925e-08,1.538482331458567e-09,5.355535665982073e-10,2.4892478272219312e-08
710,1.1326443568206683,4.500943661353229,0.22456137746875315,1.4625043339382802e-09,-4.770288975268417e-10,2.685731899770684e-08,1.4636588830098917e-09,4.776093427420961e-10,2.6890726773913918e-08
711,0.8090316834433344,2.8642368754066005,0.0,-4.105086548339015e-09,3.800460837917189e-09,1.1362033811570232e-08,4.1072871007617015e-09,3.804228710822389e-09,1.137469368149367e-08
712,0.9708380201320014,3.2734135718932578,0.14970758497916878,-1.071345834224688e-09,6.394222088541099e-10,1.494363218486644e-08,1.0720454093838039e-09,6.400581217653024e-10,1.496209841702573e-08
713,1.1326443568206683,4.091766964866572,0.22456137746875315,1.405150081640077e-09,-4.79840788882679e-10,2.160249796170788e-08,1.4062269266910805e-09,4.80394068059584e-10,2.1630144881664497e-08
714,1.2135475251650016,4.500943661353229,0.29941516995833756,4.555741184756481e-09,-1.2906793457695785e-09,2.3152172474124604e-08,4.559321305501417e-09,1.2922639066427002e-09,2.3182945054745657e-08
715,0.4045158417216672,0.0,0.37426896244792196,-2.8611763769741905e-09,-3.2809730278599747e-09,-4.5618046014032107e-08,2.865835698761835e-09,3.2846016523950073e-09,4.566991006651999e-08
716,0.4045158417216672,0.0,0.29941516995833756,-1.6624804834604595e-09,-1.995938676484388e-09,-4.5687389056160116e-08,1.6652480247531646e-09,1.9981404922621034e-09,4.573931266506373e-08
717,0.4854190100660007,0.4091766964866572,0.37426896244792196,-2.7211031506133348e-09,-3.2168281201002674e-09,-3.748216671044345e-08,2.7255820636019266e-09,3.220410359481131e-09,3.7524402107637706e-08
718,0.4854190100660007,0.4091766964866572,0.29941516995833756,-1.6237175603464006e-09,-1.9433311400982797e-09,-3.7552557442549615e-08,1.626409896795844e-09,1.945493010370075e-09,3.759484994510588e-08
719,0.5663221784103342,0.8183533929733144,0.37426896244792196,-2.068039323632486e-09,-3.329024437130355e-09,-2.9440315974801126e-08,2.071908096656758e-09,3.3327213040228945e-09,2.947296942168279e-08
720,0.5663221784103342,0.8183533929733144,0.29941516995833756,-1.249960336868211e-09,-2.0077908498741424e-09,-2.9515981153369928e-08,1.2522985972880068e-09,2.010016938209926e-09,2.954868829348189e-08
721,0.6472253467546676,1.2275300894599717,0.37426896244792196,-1.1630124121977017e-09,-3.5086705947752417e-09,-2.1316708270033747e-08,1.1662162066673154e-09,3.5125084552055835e-09,2.1339709319811094e-08
722,0.3236126733773338,0.0,0.07485379248958439,1.8531100555090676e-09,1.9831312526415925e-09,-4.7047184646462107e-08,1.85592915676101e-09,1.9853287948456765e-09,4.7101182690098836e-08
723,0.6472253467546676,1.2275300894599717,0.29941516995833756,-7.15117247008965e-10,-2.1123859258672153e-09,-2.1390785139097306e-08,7.170564583537722e-10,2.114691152651794e-09,2.141382743705178e-08
724,0.728128515099001,1.6367067859466289,0.37426896244792196,-6.575316382207056e-11,-3.637995852733389e-09,-1.3210114060199064e-08,7.619782633526975e-11,3.6418868171840378e-09,1.3223598162168068e-08
725,0.4045158417216672,0.4091766964866572,0.07485379248958439,1.6306246943603915e-09,1.9698212442669846e-09,-3.871983751133407e-08,1.633253495674017e-09,1.972007403110933e-09,3.8763997389126616e-08
726,0.728128515099001,1.6367067859466289,0.29941516995833756,-6.148405355780631e-11,-2.185826229842684e-09,-1.327788193292002e-08,6.605821444253613e-11,2.188158111562902e-09,1.3291390210673191e-08
727,0.8090316834433344,2.045883482433286,0.37426896244792196,1.1684018076247873e-09,-3.6482851199166853e-09,-5.399487647775282e-09,1.1684947334913215e-09,3.6520996080499477e-09,5.403979883037594e-09
728,0.4854190100660007,0.8183533929733144,0.07485379248958439,1.1700173305848475e-09,2.062635834443417e-09,-3.037874849938156e-08,1.1722487711401558e-09,2.0649091292921788e-09,3.041301040749475e-08
729,0.8090316834433344,2.045883482433286,0.29941516995833756,6.76457806283313e-10,-2.1879612488830857e-09,-5.458342145350752e-09,6.765014130276793e-10,2.190242642461843e-09,5.4628428605873694e-09
730,0.889934851787668,2.4550601789199433,0.37426896244792196,2.473249980856761e-09,-3.5108299974921774e-09,1.7455567299640394e-09,2.474265917517673e-09,3.514446096677205e-09,1.7499342236693132e-09
731,0.5663221784103342,1.2275300894599717,0.07485379248958439,5.873846238537798e-10,2.197241088060227e-09,-2.184895331542516e-08,5.892482701005992e-10,2.199619970624235e-09,2.1873151545422046e-08
732,0.889934851787668,2.4550601789199433,0.29941516995833756,1.4579815560400429e-09,-2.101153779203572e-09,1.6963664682933812e-09,1.4585673026923306e-09,2.1033140805244497e-09,1.7008172264542452e-09
733,0.9708380201320014,2.8642368754066005,0.37426896244792196,3.7772549101971516e-09,-3.2390465206599496e-09,7.88224848727761e-09,3.779409190027152e-09,3.2423756181747785e-09,7.893470706650098e-09
734,0.6472253467546676,1.6367067859466289,0.07485379248958439,-9.264791458285195e-11,2.3024584696050026e-09,-1.324898151521092e-08,9.428523395025269e-11,2.3048902721092134e-09,1.326317750307513e-08
735,0.9708380201320014,2.8642368754066005,0.29941516995833756,2.2402013836145705e-09,-1.9348708597876727e-09,7.841345700059994e-09,2.241468974048183e-09,1.9368595454608416e-09,7.852618298316161e-09
736,1.0517411884763348,3.2734135718932578,0.37426896244792196,5.019553435560162e-09,-2.8841169856086365e-09,1.274244344995151e-08,5.022882142349659e-09,2.88711780749802e-09,1.2759589606406586e-08
737,0.728128515099001,2.045883482433286,0.07485379248958439,-8.427852643807745e-10,2.3314011701965593e-09,-4.8852747561572946e-09,8.429093733470453e-10,2.3338062913525016e-09,4.889907869042019e-09
738,1.0517411884763348,3.2734135718932578,0.29941516995833756,2.9860064301739306e-09,-1.721333606773089e-09,1.270675178317845e-08,2.987980727134263e-09,1.7231283140838899e-09,1.2723959908061266e-08
739,1.1326443568206683,3.682590268379915,0.37426896244792196,6.166870930176681e-09,-2.5153086196861537e-09,1.6236219786091416e-08,6.171363525576675e-09,2.5180019358801564e-09,1.625804121056411e-08
740,0.8090316834433344,2.4550601789199433,0.07485379248958439,-1.6272168665260294e-09,2.267015076481943e-09,2.8443625346932886e-09,1.6279145038266045e-09,2.2693109579016376e-09,2.8486537705513967e-09
741,1.1326443568206683,3.682590268379915,0.29941516995833756,3.6719915510586426e-09,-1.501546735516679e-09,1.6202162688250573e-08,3.6746683998873516e-09,1.5031632860372597e-09,1.6224053696879156e-08
742,1.2135475251650016,4.091766964866572,0.37426896244792196,7.203879090124893e-09,-2.191238418926244e-09,1.8436041373101318e-08,7.209481856814055e-09,2.193721672561214e-09,1.846139452439208e-08
743,0.889934851787668,3.682590268379915,0.0,-6.551612531915913e-09,3.241016562146462e-09,2.4607964303608653e-08,6.5558319522885295e-09,3.244258590968727e-09,2.463489015457037e-08
744,0.9708380201320014,3.682590268379915,0.07485379248958439,-3.881584867304802e-09,1.8076362825758803e-09,2.1748977494646867e-08,3.88418582946837e-09,1.8094631209027844e-09,2.177429737308765e-08
745,0.889934851787668,2.8642368754066005,0.07485379248958439,-2.4023711807478086e-09,2.1137113410321447e-09,9.559291674946468e-09,2.4037263764609383e-09,2.115833462281049e-09,9.571258086943306e-09
746,1.0517411884763348,3.682590268379915,0.14970758497916878,-1.299691778227752e-09,5.623064477668555e-10,1.8937359874524644e-08,1.3005951388300278e-09,5.628685581424716e-10,1.8961008277653972e-08
747,1.2135475251650016,4.091766964866572,0.29941516995833756,4.280393327780001e-09,-1.3098443873821357e-09,1.8399770005205493e-08,4.2837328303277406e-09,1.3113443606360602e-09,1.842519374996881e-08
748,0.4045158417216672,0.0,0.22456137746875315,-4.693116091235456e-10,-6.884289776066458e-10,-4.572384298541556e-08,4.702060294262124e-10,6.891843835422956e-10,4.577579742328307e-08
749,0.4854190100660007,0.4091766964866572,0.22456137746875315,-5.144775590840528e-10,-6.647140929919442e-10,-3.758957954255109e-08,5.153804352480575e-10,6.65452614683814e-10,3.763190143122463e-08
750,0.5663221784103342,0.8183533929733144,0.22456137746875315,-4.203662892820434e-10,-6.864082607215698e-10,-2.955455322643834e-08,4.2117162650100613e-10,6.871679756675574e-10,2.9587286542159717e-08
751,0.3236126733773338,0.0,0.0,3.0009375613369977e-09,3.30868930704085e-09,-4.700674085700997e-08,3.0056076184834356e-09,3.3123557331890916e-09,4.7060703943082296e-08
752,0.6472253467546676,1.2275300894599717,0.22456137746875315,-2.584931813176613e-10,-7.193871030371058e-10,-2.1427398339641857e-08,2.5917295364356594e-10,7.20169578941388e-10,2.1450459464171482e-08
753,0.4045158417216672,0.4091766964866572,0.0,2.670289454330425e-09,3.3009835882834153e-09,-3.866460634576573e-08,2.6746661206074876e-09,3.3046481178313575e-09,3.870871946955414e-08
754,0.728128515099001,1.6367067859466289,0.22456137746875315,-4.926134042351128e-11,-7.395554964320404e-10,-1.3310633415135216e-08,5.018906734378338e-11,7.403416781498272e-10,1.3324151582715718e-08
755,0.4854190100660007,0.8183533929733144,0.0,1.9372663759942586e-09,3.46214167634186e-09,-3.031168902676445e-08,1.9410083353431962e-09,3.4659603324722327e-09,3.034589914555688e-08
756,0.8090316834433344,2.045883482433286,0.22456137746875315,1.9317539624983812e-10,-7.352949959458979e-10,-5.486295682430547e-09,1.9317723509817125e-10,7.360582813282209e-10,5.490798584703123e-09
757,0.5663221784103342,1.2275300894599717,0.0,9.868457337949785e-10,3.687272234799982e-09,-2.1778052527281466e-08,9.899943881972098e-10,3.691267821941243e-09,2.180220534673814e-08
758,0.889934851787668,2.4550601789199433,0.22456137746875315,4.5317939635431374e-10,-7.001764749937547e-10,1.6733151581718716e-09,4.5333998298964417e-10,7.008956743154196e-10,1.6778055844711163e-09
759,0.6472253467546676,1.6367067859466289,0.0,-1.3656853192530505e-10,3.860033976158458e-09,-1.3180901403101991e-08,1.399256141095386e-10,3.864114846833714e-09,1.3195066324766338e-08
760,0.9708380201320014,2.8642368754066005,0.22456137746875315,7.160442691484287e-10,-6.38964718278969e-10,7.822056700978843e-09,7.164320507946354e-10,6.396264408284306e-10,7.833355866410408e-09
761,0.728128515099001,2.045883482433286,0.0,-1.3838391424252083e-09,3.904269384144564e-09,-4.82445689793164e-09,1.384024350403457e-09,3.90829990530931e-09,4.82907597130792e-09
762,1.0517411884763348,3.2734135718932578,0.22456137746875315,9.671780943471124e-10,-5.649403701298616e-10,1.2689407684604827e-08,9.67808049350253e-10,5.655403955906528e-10,1.2706647271173208e-08
763,0.889934851787668,3.2734135718932578,0.0,-5.332697850792971e-09,3.41749259457386e-09,1.7294091236465356e-08,5.3359731800296766e-09,3.4209021855018287e-09,1.7313705290497596e-08
764,0.8090316834433344,2.4550601789199433,0.0,-2.6929373982660346e-09,3.790719822321574e-09,2.8957678873329614e-09,2.6940681139796495e-09,3.794562918205441e-09,2.900034829724324e-09
765,0.9708380201320014,3.2734135718932578,0.07485379248958439,-3.1380980337680516e-09,1.8983719122426057e-09,1.4960976641800533e-08,3.1401154946949234e-09,1.900285832985936e-09,1.4979417171720467e-08
766,1.1326443568206683,3.682590268379915,0.22456137746875315,1.1947812734315916e-09,-4.919732995114221e-10,1.618494927866212e-08,1.195655813919629e-09,4.925208499883833e-10,1.6206874071360422e-08
767,1.2944506935093352,4.500943661353229,0.37426896244792196,7.65127897029856e-09,-1.931518377043558e-09,1.9505576313937456e-08,7.657482393826179e-09,1.933933693709576e-09,1.953363940387778e-08
768,0.4045158417216672,0.0,0.14970758497916878,7.239119955904544e-10,6.256729568805253e-10,-4.573249324788684e-08,7.249052166750617e-10,6.26369842430247e-10,4.578445505227124e-08
769,0.4854190100660007,0.4091766964866572,0.14970758497916878,5.98800289878946e-10,6.155568135297584e-10,-3.7595840737617575e-08,5.996925184054616e-10,6.162428398720604e-10,3.763816709569644e-08
770,0.5663221784103342,0.8183533929733144,0.14970758497916878,4.132086091362729e-10,6.356791593054903e-10,-2.9557502194119294e-08,4.1393823439792435e-10,6.363851737384628e-10,2.959023577440483e-08
771,0.6472253467546676,1.2275300894599717,0.14970758497916878,2.0123964284140272e-10,6.731014149251581e-10,-2.1427735846302623e-08,2.0181868415681987e-10,6.738389219235493e-10,2.1450794339264798e-08
772,0.728128515099001,1.6367067859466289,0.14970758497916878,-3.42740298735342e-11,7.051654704483387e-10,-1.330932758409004e-08,3.463873974959851e-11,7.059207638681265e-10,1.3322841682528773e-08
773,0.8090316834433344,2.045883482433286,0.14970758497916878,-2.872808728132949e-10,7.150239249930033e-10,-5.4840957406434156e-09,2.8734193842141976e-10,7.157738428133806e-10,5.488594289432211e-09
774,0.889934851787668,2.4550601789199433,0.14970758497916878,-5.483720921873641e-10,6.97913814256983e-10,1.675852809587648e-09,5.486388864909783e-10,6.986307536611769e-10,1.6803475813933294e-09
775,0.9708380201320014,2.8642368754066005,0.14970758497916878,-8.041537387685422e-10,6.540672710392541e-10,7.824071749427862e-09,8.046447250135405e-10,6.547278453596354e-10,7.835374649240375e-09
776,0.9708380201320014,4.500943661353229,0.0,-8.163126262249148e-09,2.8596898727485505e-09,3.439978314363092e-08,8.168676156766316e-09,2.8627768198568967e-09,3.443808187814286e-08
777,0.9708380201320014,4.091766964866572,0.0,-7.57835927653277e-09,2.884551158558011e-09,2.818395134559799e-08,7.583539392832828e-09,2.887532007715225e-09,2.821575279056554e-08
778,1.0517411884763348,4.500943661353229,0.07485379248958439,-4.846490543299827e-09,1.5720080200231932e-09,3.061718138951178e-08,4.8498897428842996e-09,1.573765267269315e-09,3.065308732209335e-08
779,1.0517411884763348,4.091766964866572,0.07485379248958439,-4.505884811065825e-09,1.5987090238843706e-09,2.4873850909106063e-08,4.50907445206161e-09,1.6003846274566632e-09,2.4903614831159065e-08
780,1.1326443568206683,4.500943661353229,0.14970758497916878,-1.6546475180295594e-09,4.762595827340299e-10,2.6856977354431437e-08,1.6558140908022154e-09,4.767971741203997e-10,2.689037789082346e-08
781,1.1326443568206683,4.091766964866572,0.14970758497916878,-1.5184050768361152e-09,4.916953221357624e-10,2.1601741589879324e-08,1.5195024344464174e-09,4.922013185798809e-10,2.162938446636158e-08
782,1.2135475251650016,4.500943661353229,0.22456137746875315,1.4469487554419343e-09,-4.269703646131111e-10,2.3135669616188368e-08,1.4481252210134082e-09,4.2751684394375105e-10,2.316647015715272e-08
783,0.889934851787668,2.8642368754066005,0.0,-3.9899808857935735e-09,3.5277722501248786e-09,9.600812262587187e-09,3.992210818345673e-09,3.531322647652396e-09,9.612741031335097e-09
784,1.0517411884763348,3.2734135718932578,0.14970758497916878,-1.0470121951607998e-09,5.890939762013329e-10,1.2690349394742245e-08,1.047723647974051e-09,5.896847253379334e-10,1.2707591248082139e-08
785,1.2135475251650016,4.091766964866572,0.22456137746875315,1.3869126018891863e-09,-4.3056623479701037e-10,1.838180371832654e-08,1.388014677852805e-09,4.3108424684936726e-10,1.8407259232356993e-08
786,1.2944506935093352,4.500943661353229,0.29941516995833756,4.49665262318069e-09,-1.1432861911905142e-09,1.9468933645944333e-08,4.50031560114919e-09,1.1447570744381322e-09,1.9497062256671165e-08
787,0.4854190100660007,0.0,0.37426896244792196,-3.038531597807197e-09,-3.1517386349879835e-09,-4.418915992888591e-08,3.0433229073913976e-09,3.1552358295927114e-09,4.423888975357164e-08
788,0.4854190100660007,0.0,0.29941516995833756,-1.7672508165044588e-09,-1.91709000286251e-09,-4.4264498254596245e-08,1.770093815342874e-09,1.919211847781732e-09,4.431429181108342e-08
789,0.5663221784103342,0.4091766964866572,0.37426896244792196,-2.884939275122515e-09,-3.0566524125476166e-09,-3.6258856690848656e-08,2.889526681651631e-09,3.0600769745000693e-09,3.629918228054068e-08
790,0.5663221784103342,0.4091766964866572,0.29941516995833756,-1.721160471223241e-09,-1.8442055063996652e-09,-3.633338422270655e-08,1.7239158650906218e-09,1.8462702335481272e-09,3.6373769423515416e-08
791,0.6472253467546676,0.8183533929733144,0.37426896244792196,-2.21165205549101e-09,-3.131379833873343e-09,-2.8521797289344837e-08,2.215581491864436e-09,3.1348894181767397e-09,2.8552859143759423e-08
792,0.6472253467546676,0.8183533929733144,0.29941516995833756,-1.3350538577274884e-09,-1.886778874515181e-09,-2.8600291861703698e-08,1.3374268400395338e-09,1.8888906354291542e-09,2.8631408735245113e-08
793,0.728128515099001,1.2275300894599717,0.37426896244792196,-1.2968788832576076e-09,-3.2749143649465047e-09,-2.079888918421251e-08,1.3000568761997775e-09,3.2785399411618193e-09,2.082070599192467e-08
794,0.4045158417216672,0.0,0.07485379248958439,1.9224636901881427e-09,1.9318584551192937e-09,-4.571444277353451e-08,1.925336286771641e-09,1.9340008983581768e-09,4.576638953805291e-08
795,0.728128515099001,1.2275300894599717,0.29941516995833756,-7.942648578833863e-10,-1.9704226569932963e-09,-2.0875108863173856e-08,7.961890381823228e-10,1.9725992776903985e-09,2.089696788505277e-08
796,0.8090316834433344,1.6367067859466289,0.37426896244792196,-1.9566999798011178e-10,-3.3750554584726658e-09,-1.3175722370674063e-08,2.001717852992027e-10,3.3787171818307814e-09,1.3188506877262782e-08
797,0.4854190100660007,0.4091766964866572,0.07485379248958439,1.7087072993375187e-09,1.8939706878458407e-09,-3.7570641252043634e-08,1.7113902571215597e-09,1.8960806130501e-09,3.7612946562620205e-08
798,0.8090316834433344,1.6367067859466289,0.29941516995833756,-1.3834009695886569e-10,-2.0269426117645254e-09,-1.3245548178500782e-08,1.408242683965578e-10,2.029136401993017e-09,1.3258358376426035e-08
799,0.889934851787668,2.045883482433286,0.37426896244792196,1.0392539344836693e-09,-3.366848263855241e-09,-5.906746693616173e-09,1.0393207060180526e-09,3.370425627255528e-09,5.91112086649473e-09
800,0.5663221784103342,0.8183533929733144,0.07485379248958439,1.2434030214288539e-09,1.9591319112700883e-09,-2.9524521758050344e-08,1.2456665447305762e-09,1.9613067661038817e-09,2.955722944997758e-08
801,0.889934851787668,2.045883482433286,0.29941516995833756,5.998332881749131e-10,-2.0184490874440914e-09,-5.9680500666635744e-09,5.998626860043367e-10,2.0205882857763136e-09,5.972435819502684e-09
802,0.9708380201320014,2.4550601789199433,0.37426896244792196,2.343292426149676e-09,-3.224194524322375e-09,6.661157513117167e-10,2.3443003445207246e-09,3.227573910974911e-09,6.72418829925633e-10
803,0.6472253467546676,1.2275300894599717,0.07485379248958439,6.584263453368932e-10,2.0678581052560054e-09,-2.1391745151179107e-08,6.602653911864095e-10,2.0701199031064386e-09,2.1414779498701645e-08
804,0.9708380201320014,2.4550601789199433,0.29941516995833756,1.3807235508481485e-09,-1.9290512075994585e-09,6.137611871109312e-10,1.3813044321967587e-09,1.931069946323606e-09,6.204723687667898e-10
805,1.0517411884763348,2.8642368754066005,0.37426896244792196,3.6483787119666157e-09,-2.96030444847505e-09,6.23084654520232e-09,3.650563081089125e-09,2.9634039263747605e-09,6.241467164045125e-09
806,0.728128515099001,1.6367067859466289,0.07485379248958439,-2.1782600195406966e-11,2.1526271415833344e-09,-1.32739710680933e-08,2.928528000475696e-11,2.1549288389590523e-09,1.3287467093589967e-08
807,1.0517411884763348,2.8642368754066005,0.29941516995833756,2.16342545839914e-09,-1.7677269303746982e-09,6.1859889470561566e-09,2.1647108667973564e-09,1.7695787299087886e-09,6.196669136112447e-09
808,1.1326443568206683,3.2734135718932578,0.37426896244792196,4.8943444922660594e-09,-2.6212863370175287e-09,1.0550282629830174e-08,4.897741274052958e-09,2.6240697494431874e-09,1.0566226252562895e-08
809,0.8090316834433344,2.045883482433286,0.07485379248958439,-7.707601332824854e-10,2.168291142161228e-09,-5.4517693931465595e-09,7.708658253409879e-10,2.170559320557899e-09,5.456257000024954e-09
810,1.1326443568206683,3.2734135718932578,0.29941516995833756,2.9113021642192773e-09,-1.5635241417873303e-09,1.0509949382810788e-08,2.913316906154996e-09,1.5651896844935442e-09,1.0525958804998128e-08
811,1.2135475251650016,3.682590268379915,0.37426896244792196,6.048868698267576e-09,-2.268202757737289e-09,1.3541367705594906e-08,6.053464422257314e-09,2.2706922357439603e-09,1.3561465968460984e-08
812,0.889934851787668,2.4550601789199433,0.07485379248958439,-1.5537874782986082e-09,2.0989328229903444e-09,1.7039759114204541e-09,1.5544798556599095e-09,2.101090548493063e-09,1.708439802757161e-09
813,1.2135475251650016,3.682590268379915,0.29941516995833756,3.6016993522088922e-09,-1.3527867349877834e-09,1.3502138269779102e-08,3.604437152368326e-09,1.3542822131566671e-09,1.352230847719518e-08
814,1.2944506935093352,4.091766964866572,0.37426896244792196,7.09193806464261e-09,-1.9513552499650672e-09,1.5269349855688646e-08,7.0976749282794885e-09,1.9536422332574378e-09,1.5292503825832702e-08
815,0.9708380201320014,3.682590268379915,0.0,-6.46170524798553e-09,3.0113682012187683e-09,2.177314693262911e-08,6.466033648982988e-09,3.014423373931137e-09,2.1798398441755444e-08
816,1.0517411884763348,3.682590268379915,0.07485379248958439,-3.821031588876553e-09,1.6676619017149075e-09,1.8951901650305914e-08,3.823695893730886e-09,1.6693706107201402e-09,1.8975516217770025e-08
817,0.9708380201320014,2.8642368754066005,0.07485379248958439,-2.3291451725895267e-09,1.9495692972081766e-09,7.847453483652805e-09,2.330516375443055e-09,1.951555988666122e-09,7.858737191778771e-09
818,1.1326443568206683,3.682590268379915,0.14970758497916878,-1.2766524624150704e-09,5.160747180996432e-10,1.618474054188521e-08,1.277575986692289e-09,5.16593987928539e-10,1.6206664999326708e-08
819,1.2944506935093352,4.091766964866572,0.29941516995833756,4.213986387893337e-09,-1.1648551309814319e-09,1.5227950837751104e-08,4.217403859809766e-09,1.1662380723591489e-09,1.5251177431459706e-08
820,0.4854190100660007,0.0,0.22456137746875315,-5.106004476806646e-10,-6.570751441613817e-10,-4.4303867220356447e-08,5.115215646309442e-10,6.5779985576876e-10,4.435369361990283e-08
821,0.5663221784103342,0.4091766964866572,0.22456137746875315,-5.493795006326856e-10,-6.26558595161557e-10,-3.637232030768971e-08,5.503032971038228e-10,6.27260614245032e-10,3.6412735982046176e-08
822,0.6472253467546676,0.8183533929733144,0.22456137746875315,-4.4931182010914045e-10,-6.418747123945429e-10,-2.864019913411442e-08,4.5012753082461675e-10,6.425930313785054e-10,2.867134273784689e-08
823,0.4045158417216672,0.0,0.0,3.1332062252448275e-09,3.2134476975863854e-09,-4.566723958853225e-08,3.1379793880602167e-09,3.217014251621673e-09,4.5719146153219546e-08
824,0.728128515099001,1.2275300894599717,0.22456137746875315,-2.848088971880296e-10,-6.688641315223806e-10,-2.0912790391943962e-08,2.85483195918272e-10,6.696015387310285e-10,2.0934668699063728e-08
825,0.4854190100660007,0.4091766964866572,0.0,2.80766791146757e-09,3.1683006275551825e-09,-3.7509862938691936e-08,2.812139583684064e-09,3.1718331144433787e-09,3.75521175522987e-08
826,0.8090316834433344,1.6367067859466289,0.22456137746875315,-7.458801806160994e-11,-6.842064346952083e-10,-1.3279396294601445e-08,7.529599459603496e-11,6.849454491312789e-10,1.3292217168126576e-08
827,0.5663221784103342,0.8183533929733144,0.0,2.06306271225269e-09,3.2842888437995415e-09,-2.9453779744959435e-08,2.066858829376995e-09,3.287939325153395e-09,2.9486433499540876e-08
828,0.889934851787668,2.045883482433286,0.22456137746875315,1.679669675552041e-10,-6.770615900878607e-10,-5.9973879773011824e-09,1.6796722800302564e-10,6.777772892676388e-10,6.001777506923298e-09
829,0.6472253467546676,1.2275300894599717,0.0,1.1075058701601813e-09,3.467488344259716e-09,-2.1318181870102e-08,1.1106107894790985e-09,3.4712858950586437e-09,2.134116954420661e-08
830,0.9708380201320014,2.4550601789199433,0.22456137746875315,4.2774129301668165e-10,-6.418390328835066e-10,5.888876531102762e-10,4.279005991182656e-10,6.425114808808758e-10,5.958257127964148e-10
831,0.728128515099001,1.6367067859466289,0.0,-1.698019097703406e-11,3.607087546191933e-09,-1.320361245258886e-08,3.795871636337708e-11,3.610949811003118e-09,1.3217076037608241e-08
832,1.0517411884763348,2.8642368754066005,0.22456137746875315,6.907032579822436e-10,-5.82738171281251e-10,6.164467349073499e-09,6.910976487150572e-10,5.83355315547448e-10,6.175179010462419e-09
833,0.8090316834433344,2.045883482433286,0.0,-1.2629756822555634e-09,3.6298498980635125e-09,-5.388609379712219e-09,1.2631313267707999e-09,3.6336514357273362e-09,5.393079632312737e-09
834,1.1326443568206683,3.2734135718932578,0.22456137746875315,9.426394951062864e-10,-5.116555847146955e-10,1.0490085906002149e-08,9.432837324999972e-10,5.122142875589607e-10,1.0506128960756098e-08
835,0.9708380201320014,3.2734135718932578,0.0,-5.220853065704826e-09,3.1633253076790235e-09,1.4994708319268005e-08,5.224197274988247e-09,3.166527500367237e-09,1.5013093380514176e-08
836,0.889934851787668,2.4550601789199433,0.0,-2.5699667988573345e-09,3.508721431766403e-09,1.7582134729296864e-09,2.5710900179329734e-09,3.512334284716722e-09,1.7626131702928063e-09
837,1.0517411884763348,3.2734135718932578,0.07485379248958439,-3.0666111841130637e-09,1.7447303502922309e-09,1.2709716731751066e-08,3.0686675210427137e-09,1.746514399464086e-09,1.2726931494202981e-08
838,1.2135475251650016,3.682590268379915,0.22456137746875315,1.1720748414345015e-09,-4.4122186492553347e-10,1.3482313821709675e-08,1.1729698983202777e-09,4.417310066881091e-10,1.3502519177975579e-08
839,1.3753538618536687,4.500943661353229,0.37426896244792196,7.537161799109554e-09,-1.6862500350343157e-09,1.5871809378427447e-08,7.543505807714466e-09,1.6884664632227426e-09,1.5897228273903062e-08
840,0.4854190100660007,0.0,0.14970758497916878,7.430127303474736e-10,6.105442698709049e-10,-4.431230659391506e-08,7.440208016927923e-10,6.112233181000946e-10,4.4362140080905314e-08
841,0.5663221784103342,0.4091766964866572,0.14970758497916878,6.252436706527687e-10,5.928126344859828e-10,-3.637824921903218e-08,6.261550423803909e-10,5.934745286691868e-10,3.641866897986127e-08
842,0.6472253467546676,0.8183533929733144,0.14970758497916878,4.396675053479729e-10,6.037856372026925e-10,-2.8642949202931036e-08,4.404103546228491e-10,6.044601285776043e-10,2.8674092835337257e-08
843,0.728128515099001,1.2275300894599717,0.14970758497916878,2.271194182869773e-10,6.322836926994303e-10,-2.0913090305676326e-08,2.2769432840190215e-10,6.329827676738083e-10,2.093496594584623e-08
844,0.8090316834433344,1.6367067859466289,0.14970758497916878,-8.604895748987113e-12,6.571298684077359e-10,-1.3278205525448219e-08,1.0369327031701723e-11,6.578414788318789e-10,1.3291022439871477e-08
845,0.889934851787668,2.045883482433286,0.14970758497916878,-2.614606644168488e-10,6.621721573236603e-10,-5.995472261060546e-09,2.615140351149779e-10,6.628751596207066e-10,5.9998576760535035e-09
846,0.9708380201320014,2.4550601789199433,0.14970758497916878,-5.222841080725843e-10,6.427337612217553e-10,5.910231107265976e-10,5.225481995866921e-10,6.434027729823945e-10,5.979579282576359e-10
847,1.0517411884763348,2.8642368754066005,0.14970758497916878,-7.782398068708868e-10,5.996196521975244e-10,6.166104772220663e-09,7.787348868938731e-10,6.002327125757196e-10,6.176820244757945e-09
848,1.0517411884763348,4.500943661353229,0.0,-8.107756411782763e-09,2.6399220559300826e-09,3.064051409074264e-08,8.113492211877039e-09,2.642842176502513e-09,3.067633619721121e-08
849,1.0517411884763348,4.091766964866572,0.0,-7.504497562893194e-09,2.6644485612981297e-09,2.4897204665358545e-08,7.509831254805617e-09,2.6672535132024744e-09,2.4926892370551812e-08
850,1.1326443568206683,4.500943661353229,0.07485379248958439,-4.801489416147441e-09,1.4357182964493084e-09,2.6871273253185305e-08,4.8049976733613465e-09,1.437367650581672e-09,2.6904630435859924e-08
851,1.1326443568206683,4.091766964866572,0.07485379248958439,-4.452303085655327e-09,1.463976414404905e-09,2.1615601769322007e-08,4.455582143823155e-09,1.465540116684241e-09,2.164320566386717e-08
852,1.2135475251650016,4.500943661353229,0.14970758497916878,-1.6347379369302463e-09,4.3117970337161926e-10,2.313565300221831e-08,1.6359450586024221e-09,4.316776417177264e-10,2.316644646014728e-08
853,1.2135475251650016,4.091766964866572,0.14970758497916878,-1.4965650566961675e-09,4.475222613069329e-10,1.838117799222829e-08,1.4976925736216082e-09,4.4798786972082214e-10,1.840662959137326e-08
854,1.2944506935093352,4.500943661353229,0.22456137746875315,1.4289942476628563e-09,-3.758692563481846e-10,1.9450328301133276e-08,1.4301917952295065e-09,3.763796164309982e-10,1.9478485519031227e-08
855,0.9708380201320014,2.8642368754066005,0.0,-3.867465398701269e-09,3.2528637877502284e-09,7.892570695359401e-09,3.869724360228058e-09,3.2561892620421213e-09,7.903811218934254e-09
856,1.1326443568206683,3.2734135718932578,0.14970758497916878,-1.0214127044409182e-09,5.380581637809972e-10,1.0490766282708522e-08,1.0221355474912348e-09,5.386027662264906e-10,1.0506811613381521e-08
857,1.2944506935093352,4.091766964866572,0.22456137746875315,1.366042350339715e-09,-3.805102938640922e-10,1.5207699359799432e-08,1.3671685820315519e-09,3.8099086338769085e-10,1.5230958785695823e-08
858,1.3753538618536687,4.500943661353229,0.29941516995833756,4.429139439065998e-09,-9.938479104233655e-10,1.5830680897985693e-08,4.432880550843408e-09,9.9519967179175e-10,1.5856167772232e-08
859,0.5663221784103342,0.0,0.37426896244792196,-3.2348040436615297e-09,-3.009578557448733e-09,-4.266359608968563e-08,3.2397404090399814e-09,3.012930197562585e-09,4.271110867289873e-08
860,0.5663221784103342,0.0,0.29941516995833756,-1.884025232941244e-09,-1.8304494036076548e-09,-4.2743730853505214e-08,1.8869522056627807e-09,1.8324827543799612e-09,4.2791310197358977e-08
861,0.6472253467546676,0.4091766964866572,0.37426896244792196,-3.0645753216530936e-09,-2.8875989927109663e-09,-3.4957986868681816e-08,3.069281120786673e-09,2.8908553155706814e-09,3.4996344831173025e-08
862,0.6472253467546676,0.4091766964866572,0.29941516995833756,-1.8282443307945251e-09,-1.7400491198229782e-09,-3.503577743851601e-08,1.8310688674934545e-09,1.7420105572077115e-09,3.5074196678525586e-08
863,0.728128515099001,0.8183533929733144,0.37426896244792196,-2.3684764939397136e-09,-2.9281753219616675e-09,-2.7535769976878825e-08,2.3724744224713936e-09,2.931489610263355e-09,2.7565200418395455e-08
864,0.728128515099001,0.8183533929733144,0.29941516995833756,-1.428123789954198e-09,-1.762613398572829e-09,-2.7616426242820375e-08,1.430536085310355e-09,1.7646061374119034e-09,2.764591248102131e-08
865,0.8090316834433344,1.2275300894599717,0.37426896244792196,-1.4414624199793653e-09,-3.0375743892664304e-09,-2.0218280382664587e-08,1.4446310249579622e-09,3.040980827390336e-09,2.0238890596324296e-08
866,0.4854190100660007,0.0,0.07485379248958439,2.004524540135018e-09,1.869500028420637e-09,-4.429110155947119e-08,2.0074594816921875e-09,1.8715755580376057e-09,4.434091758328654e-08
867,0.8090316834433344,1.2275300894599717,0.29941516995833756,-8.798653066809364e-10,-1.8263732167078603e-09,-2.0296111486501242e-08,8.817835731768459e-10,1.8284172722811578e-09,2.0316764595289614e-08
868,0.889934851787668,1.6367067859466289,0.37426896244792196,-3.3455889944467037e-10,-3.1095884025011743e-09,-1.3080670180371112e-08,3.3772888171966533e-10,3.1130144165526764e-09,1.3092753095700437e-08
869,0.5663221784103342,0.4091766964866572,0.07485379248958439,1.7978570153926094e-09,1.8102568631765597e-09,-3.635052978254937e-08,1.8006011926639102e-09,1.8122820292986532e-09,3.639092671274305e-08
870,0.889934851787668,1.6367067859466289,0.29941516995833756,-2.2059709302256302e-10,-1.8665542082309604e-09,-1.3152165688517746e-08,2.224508084385498e-10,1.8686062167161243e-09,1.3164275635994802e-08
871,0.9708380201320014,2.045883482433286,0.37426896244792196,9.022754094154975e-10,-3.0834949131065713e-09,-6.354883048517215e-09,9.023166077029438e-10,3.086828532733191e-09,6.35915495751473e-09
872,0.6472253467546676,0.8183533929733144,0.07485379248958439,1.3260750513824493e-09,1.8506704900302753e-09,-2.8608295823131704e-08,1.3283760311334724e-09,1.8527408334473384e-09,2.8639412614658962e-08
873,0.9708380201320014,2.045883482433286,0.29941516995833756,5.184632643065792e-10,-1.847727618735769e-09,-6.418382211291212e-09,5.18479293578002e-10,1.8497208990096065e-09,6.422668216763433e-09
874,1.0517411884763348,2.4550601789199433,0.37426896244792196,2.206219119697017e-09,-2.935722609684414e-09,-3.5421478239269846e-10,2.2072172591547095e-09,2.9388584397425686e-09,3.5942941909654757e-10
875,0.728128515099001,1.2275300894599717,0.07485379248958439,7.370946661022285e-10,1.9354977421650738e-09,-2.0875980393008294e-08,7.389198554285546e-10,1.9376375143758733e-09,2.0897831401457977e-08
876,1.0517411884763348,2.4550601789199433,0.29941516995833756,1.2990979154289497e-09,-1.755740928533115e-09,-4.096205195474004e-10,1.2996729777889538e-09,1.757614246433812e-09,4.1399970613544497e-10
877,1.1326443568206683,2.8642368754066005,0.37426896244792196,3.5121070747457074e-09,-2.679423744524582e-09,4.637157005105636e-09,3.514320213683374e-09,2.682286450344407e-09,4.647359223410721e-09
878,0.8090316834433344,1.6367067859466289,0.07485379248958439,5.534690103715555e-11,2.0009626613955004e-09,-1.324197375476223e-08,5.949510850721342e-11,2.0031297411585475e-09,1.3254772066335758e-08
879,1.1326443568206683,2.8642368754066005,0.29941516995833756,2.082038906575989e-09,-1.5992412485154304e-09,4.588324710100349e-09,2.0833415528569677e-09,1.60095199207675e-09,4.598605567334143e-09
880,1.2135475251650016,3.2734135718932578,0.37426896244792196,4.760737308602944e-09,-2.3559130555199426e-09,8.413601288127262e-09,4.764199564230922e-09,2.3584713821208294e-09,8.428412833611004e-09
881,0.889934851787668,2.045883482433286,0.07485379248958439,-6.935708322963054e-10,2.0040820337137813e-09,-5.962284855249635e-09,6.93657010941826e-10,2.0062087148537115e-09,5.966658261571267e-09
882,1.2135475251650016,3.2734135718932578,0.29941516995833756,2.831333878930015e-09,-1.4042213335025138e-09,8.368592200565495e-09,2.8333878069933985e-09,1.4057530398316771e-09,8.383477086714405e-09
883,1.2944506935093352,3.682590268379915,0.37426896244792196,5.919913047068296e-09,-2.0182042825626522e-09,1.0899933896421247e-08,5.924607183281535e-09,2.0204816875285203e-09,1.0918351793424245e-08
884,0.9708380201320014,2.4550601789199433,0.07485379248958439,-1.4758842320403416e-09,1.9299622101969376e-09,6.202318244887976e-10,1.4765704339489332e-09,1.9319772327170878e-09,6.269357004608019e-10
885,1.2944506935093352,3.682590268379915,0.29941516995833756,3.524799300526588e-09,-1.202356856688936e-09,1.0855670175189575e-08,3.527595451534937e-09,1.2037261419515233e-09,1.0874164960322052e-08
886,1.3753538618536687,4.091766964866572,0.37426896244792196,6.966238497319718e-09,-1.708481242573651e-09,1.2155293005764846e-08,6.972101505210563e-09,1.7105635599019922e-09,1.21762893125642e-08
887,1.0517411884763348,3.682590268379915,0.0,-6.361168688258755e-09,2.776520457033479e-09,1.898118623998682e-08,6.3656057834494425e-09,2.779381517773121e-09,1.9004731477647865e-08
888,1.1326443568206683,3.682590268379915,0.07485379248958439,-3.754372085628195e-09,1.525013952372835e-09,1.620168634580181e-08,3.757098517961684e-09,1.5266004626468275e-09,1.622357628701759e-08
889,1.0517411884763348,2.8642368754066005,0.07485379248958439,-2.2516874490287644e-09,1.784243181265214e-09,6.1910279787184085e-09,2.2530740963632963e-09,1.786090100014526e-09,6.20171937760304e-09
890,1.2135475251650016,3.682590268379915,0.14970758497916878,-1.2517084220880526e-09,4.689820059090933e-10,1.3482054500192024e-08,1.252651354108391e-09,4.694575996084702e-10,1.3502259522172559e-08
891,1.3753538618536687,4.091766964866572,0.29941516995833756,4.1396024773984975e-09,-1.0181414132372741e-09,1.2109053110630874e-08,4.143093326470335e-09,1.0194020977953394e-09,1.2130126620684542e-08
892,0.5663221784103342,0.0,0.22456137746875315,-5.563279710879857e-10,-6.237039421657483e-10,-4.278544650189202e-08,5.572794274669155e-10,6.243956957517123e-10,4.2833060136501824e-08
893,0.6472253467546676,0.4091766964866572,0.22456137746875315,-5.875849012412389e-10,-5.873696980623919e-10,-3.507622935262654e-08,5.885318089288022e-10,5.880336693588276e-10,3.511467977894142e-08
894,0.728128515099001,0.8183533929733144,0.22456137746875315,-4.809178068218759e-10,-5.967133546548244e-10,-2.7657351771006003e-08,4.817453378431424e-10,5.973890217166449e-10,2.7686865081032752e-08
895,0.4854190100660007,0.0,0.0,3.286315360969007e-09,3.1013770560549672e-09,-4.4238186805367054e-08,3.291205982960289e-09,3.104825759499716e-09,4.4287958451662286e-08
896,0.8090316834433344,1.2275300894599717,0.22456137746875315,-3.1323386651059704e-10,-6.178413407948382e-10,-2.033460202110162e-08,3.1390535687718263e-10,6.185326199410927e-10,2.0355274784790293e-08
897,0.5663221784103342,0.4091766964866572,0.0,2.9632659815138527e-09,3.0236127915069778e-09,-3.6285094189954617e-08,2.967844188520962e-09,3.0270000444587928e-09,3.63254373426122e-08
898,0.889934851787668,1.6367067859466289,0.22456137746875315,-1.0170410766934963e-10,-6.284122879014282e-10,-1.318692229899447e-08,1.0230179680245369e-10,6.291031549428428e-10,1.3199043656645231e-08
899,0.6472253467546676,0.8183533929733144,0.0,2.204165345862605e-09,3.098972738667901e-09,-2.8534513391085763e-08,2.2080244954629166e-09,3.102445589703567e-09,2.856557468639331e-08
900,0.9708380201320014,2.045883482433286,0.22456137746875315,1.4111418476225645e-10,-6.183551454763301e-10,-6.448968865330871e-09,1.411144825786039e-10,6.190222958131974e-10,6.4532599840016695e-09
901,0.728128515099001,1.2275300894599717,0.0,1.2407412366068337e-09,3.243133953206609e-09,-2.080026473017894e-08,1.2438210253694779e-09,3.246725685537522e-09,2.0822068158201404e-08
902,1.0517411884763348,2.4550601789199433,0.22456137746875315,4.0075199364618196e-10,-5.829333614627533e-10,-4.362194122999222e-10,4.0090972986888815e-10,5.835580385096115e-10,4.4027881030004377e-10
903,0.8090316834433344,1.6367067859466289,0.0,1.130476360264555e-10,3.3511892909555783e-09,-1.3169754524828674e-08,1.1917371255042502e-10,3.3548257569264254e-09,1.3182519209192875e-08
904,1.1326443568206683,2.8642368754066005,0.22456137746875315,6.636740430708578e-10,-5.259403105879104e-10,4.564660723514977e-09,6.640749509813034e-10,5.265115786163259e-10,4.5749829516103775e-09
905,0.889934851787668,2.045883482433286,0.0,-1.1334028417535413e-09,3.35357785039828e-09,-5.8970919299286686e-09,1.1335272668250303e-09,3.357142995331836e-09,5.901445509230302e-09
906,1.2135475251650016,3.2734135718932578,0.22456137746875315,9.161734673230223e-10,-4.5790661800659984e-10,8.34635960722369e-09,9.168316888224657e-10,4.584222305993987e-10,8.36128197823218e-09
907,1.0517411884763348,3.2734135718932578,0.0,-5.1015386451111816e-09,2.905900496253211e-09,1.2747733342216066e-08,5.1049506830833285e-09,2.9088879740756042e-09,1.276489016222111e-08
908,0.9708380201320014,2.4550601789199433,0.0,-2.439489627221385e-09,3.225199923154141e-09,6.770579540218933e-10,2.440603708974061e-09,3.2285749606112955e-09,6.83355886902013e-10
909,1.1326443568206683,3.2734135718932578,0.07485379248958439,-2.9905987484067e-09,1.5892666380346327e-09,1.0512155918235083e-08,2.992692831632401e-09,1.5909167893556229e-09,1.0528171942421005e-08
910,1.2944506935093352,3.682590268379915,0.22456137746875315,1.1471299002922528e-09,-3.9002361991412496e-10,1.0833480103722448e-08,1.1480446575971973e-09,3.904922632776843e-10,1.0852012457456075e-08
911,1.456257030198002,4.500943661353229,0.37426896244792196,7.408541263249495e-09,-1.438574761346896e-09,1.229112552768086e-08,7.415015597048954e-09,1.4405845870926615e-09,1.2313976456502627e-08
912,0.5663221784103342,0.0,0.14970758497916878,7.6536791770174e-10,5.914450620051283e-10,-4.2793698646618304e-08,7.66392956662838e-10,5.921020519140657e-10,4.284131910697161e-08
913,0.6472253467546676,0.4091766964866572,0.14970758497916878,6.547201575141512e-10,5.670414396266676e-10,-3.508188074621205e-08,6.556525198451658e-10,5.676760707406556e-10,3.512033494280591e-08
914,0.728128515099001,0.8183533929733144,0.14970758497916878,4.687696969329474e-10,5.699423625395812e-10,-2.7659932117791087e-08,4.695274324894749e-10,5.705830962535589e-10,2.7689445314192724e-08
915,0.8090316834433344,1.2275300894599717,0.14970758497916878,2.552440806558536e-10,5.903380114695131e-10,-2.033486692682299e-08,2.5581853152779997e-10,5.909968101029217e-10,2.035553708163804e-08
916,0.889934851787668,1.6367067859466289,0.14970758497916878,1.8905421877891905e-11,6.08454234488445e-10,-1.3185846206736448e-08,2.0028064212715822e-11,6.091204641177909e-10,1.3197963782375433e-08
917,0.9708380201320014,2.045883482433286,0.14970758497916878,-2.341517484823901e-10,6.090390643325729e-10,-6.447320700929887e-09,2.341969513820795e-10,6.096934137616304e-10,6.4516079797852e-09
918,1.0517411884763348,2.4550601789199433,0.14970758497916878,-4.948711694279951e-10,5.874763782124007e-10,-4.3445257669893626e-10,4.951322124478035e-10,5.880957130401047e-10,4.385461557550545e-10
919,1.1326443568206683,2.8642368754066005,0.14970758497916878,-7.510258543097155e-10,5.449824883483194e-10,4.56598644885336e-09,7.515247233044927e-10,5.455465362606639e-10,4.5763125392088154e-09
920,1.1326443568206683,4.500943661353229,0.0,-8.036075512218769e-09,2.4134548515631936e-09,2.690062978948875e-08,8.04199330638909e-09,2.4161982864337556e-09,2.6933903016194033e-08
921,1.1326443568206683,4.091766964866572,0.0,-7.416469528193615e-09,2.438539870576911e-09,2.1644402915210336e-08,7.421953834312342e-09,2.441160703847767e-09,2.1671930194457888e-08
922,1.2135475251650016,4.500943661353229,0.07485379248958439,-4.7465516368450006e-09,1.296115976453108e-09,2.315296378759223e-08,4.750165496348008e-09,1.2976519557361172e-09,2.318371375129191e-08
923,1.2135475251650016,4.091766964866572,0.07485379248958439,-4.390262672489951e-09,1.3264287367494634e-09,1.8397751457983346e-08,4.393628325495894e-09,1.3278759251145047e-09,1.842316363967489e-08
924,1.2944506935093352,4.500943661353229,0.14970758497916878,-1.6110897115911667e-09,3.8538032847519556e-10,1.9450750244668947e-08,1.6123356071037023e-09,3.858370751418221e-10,1.9478900402273324e-08
925,1.2944506935093352,4.091766964866572,0.14970758497916878,-1.4717932577615773e-09,4.0260149313638253e-10,1.520737315345103e-08,1.4729496109952814e-09,4.0302563421805996e-10,1.5230628573740834e-08
926,1.3753538618536687,4.500943661353229,0.22456137746875315,1.4088150576220743e-09,-3.2404662745637455e-10,1.5810190697668023e-08,1.4100324843356354e-09,3.245190096850625e-10,1.5835707349223223e-08
927,1.0517411884763348,2.8642368754066005,0.0,-3.737927710164909e-09,2.9760425031996016e-09,6.239580602557507e-09,3.740214547292263e-09,2.979135543118866e-09,6.250219320873396e-09
928,1.2135475251650016,3.2734135718932578,0.14970758497916878,-9.943551518689819e-10,4.864701096305032e-10,8.346914470287718e-09,9.95088844571685e-10,4.869675167506184e-10,8.3618389691287e-09
929,1.3753538618536687,4.091766964866572,0.22456137746875315,1.3427572669827304e-09,-3.299521524501464e-10,1.2086762881624288e-08,1.3439061713367605e-09,3.30393256208301e-10,1.2107871324519708e-08
930,1.456257030198002,4.500943661353229,0.29941516995833756,4.3535648975229215e-09,-8.431054364611907e-10,1.2245795559165768e-08,4.357378424117542e-09,8.443334693331425e-10,1.2268720369949879e-08
931,0.6472253467546676,0.0,0.37426896244792196,-3.4460581224765203e-09,-2.8558030582116727e-09,-4.1035743061368614e-08,3.4511494415284226e-09,2.8589959806749203e-09,4.1080952002047815e-08
932,0.6472253467546676,0.0,0.29941516995833756,-2.0104032223198622e-09,-1.7369110876953442e-09,-4.1119593679634646e-08,2.01342074127677e-09,1.7388480535953116e-09,4.1164871358569614e-08
933,0.728128515099001,0.4091766964866572,0.37426896244792196,-3.2569755237314808e-09,-2.710450253895573e-09,-3.3573625253468174e-08,3.2618072591462087e-09,2.713528404468829e-09,3.360995439412557e-08
934,0.728128515099001,0.4091766964866572,0.29941516995833756,-1.943165402884304e-09,-1.6313905028391984e-09,-3.365385938034454e-08,1.9460638068348302e-09,1.6332429556613868e-09,3.369025068159126e-08
935,0.8090316834433344,0.8183533929733144,0.37426896244792196,-2.536298798631722e-09,-2.7197414606172553e-09,-2.647706849124866e-08,2.5403717803715154e-09,2.7228528227646917e-09,2.6504825312816254e-08
936,0.8090316834433344,0.8183533929733144,0.29941516995833756,-1.5278417314015935e-09,-1.6355622634148584e-09,-2.655924741868636e-08,1.5302972846199124e-09,1.6374316028701665e-09,2.6587060276164767e-08
937,0.889934851787668,1.2275300894599717,0.37426896244792196,-1.5951333147168265e-09,-2.7969208536748964e-09,-1.95708835767572e-08,1.598306963864378e-09,2.80010139282038e-09,1.959026254109438e-08
938,0.5663221784103342,0.0,0.07485379248958439,2.0972479628558257e-09,1.7973809328444963e-09,-4.2769891120501356e-08,2.1002522946557974e-09,1.7993790242762527e-09,4.2817492240323996e-08
939,0.889934851787668,1.2275300894599717,0.29941516995833756,-9.70941220944748e-10,-1.6805012203332785e-09,-1.9649829702674332e-08,9.728617640241814e-10,1.6824088166696628e-09,1.966925191706686e-08
940,0.9708380201320014,1.6367067859466289,0.37426896244792196,-4.812511528712524e-10,-2.8419577459315474e-09,-1.292160027076287e-08,4.83874908872512e-10,2.8451414312895943e-09,1.2932975851212245e-08
941,0.6472253467546676,0.4091766964866572,0.07485379248958439,1.8962447081905364e-09,1.7195264610025244e-09,-3.50521117685822e-08,1.8990557298244794e-09,1.7214591222542307e-09,3.509054181387124e-08
942,0.9708380201320014,1.6367067859466289,0.29941516995833756,-3.0756861139644043e-10,-1.704998284047194e-09,-1.2994401995383662e-08,3.091374383363252e-10,1.706904668420681e-09,1.3005805723838227e-08
943,1.0517411884763348,2.045883482433286,0.37426896244792196,7.581384053135754e-10,-2.7985718112170976e-09,-6.740783769162966e-09,7.581567570516781e-10,2.801654931067588e-09,6.7449586946905115e-09
944,0.728128515099001,0.8183533929733144,0.07485379248958439,1.4166302485438933e-09,1.7377315027415648e-09,-2.7623951374880058e-08,1.4189734199087835e-09,1.7396916455044017e-09,2.765343713563549e-08
945,1.0517411884763348,2.045883482433286,0.29941516995833756,4.327617206465971e-10,-1.6761317313698906e-09,-6.806227883161328e-09,4.3276683342242405e-10,1.67797518678212e-09,6.810418991296442e-09
946,1.1326443568206683,2.4550601789199433,0.37426896244792196,2.0622268158292405e-09,-2.645681955235421e-09,-1.3125877581963933e-09,2.0632134882530727e-09,2.6485674340811024e-09,1.3129596367806942e-09
947,0.8090316834433344,1.2275300894599717,0.07485379248958439,8.223295364652002e-10,1.8004081287374783e-09,-2.0296888706543663e-08,8.241509687001932e-10,1.8024211356342904e-09,2.0317533992162888e-08
948,1.1326443568206683,2.4550601789199433,0.29941516995833756,1.213315065275674e-09,-1.5814724496427604e-09,-1.3708852120938844e-09,1.2138833472836056e-09,1.5831964402593889e-09,1.3712177040580025e-09
949,1.2135475251650016,2.8642368754066005,0.37426896244792196,3.368155031998836e-09,-2.396502088927498e-09,3.1047118021849263e-09,3.3703955979165224e-09,2.3991212924744492e-09,3.1149481423653406e-09
950,0.889934851787668,1.6367067859466289,0.07485379248958439,1.3795229417192498e-10,1.8475803308784929e-09,-1.3148928778218182e-08,1.400638116827812e-10,1.8496083988854871e-09,1.3161027385032736e-08
951,1.2135475251650016,2.8642368754066005,0.29941516995833756,1.9961253803980462e-09,-1.4295192177587755e-09,3.05199842853382e-09,1.9974445093431385e-09,1.431084948822685e-09,3.0623618924342835e-09
952,1.2944506935093352,3.2734135718932578,0.37426896244792196,4.6181528420191235e-09,-2.0881093641263295e-09,6.3364026468360455e-09,4.621677720462992e-09,2.0904356264366154e-09,6.350245803077762e-09
953,0.9708380201320014,2.045883482433286,0.07485379248958439,-6.117245883834425e-10,1.8388455953373373e-09,-6.413391528380398e-09,6.117905020691329e-10,1.840826292359123e-09,6.417666033047347e-09
954,1.2944506935093352,3.2734135718932578,0.29941516995833756,2.7461533986035536e-09,-1.243521749625426e-09,6.2868454126525446e-09,2.7482448193187952e-09,1.2449153498913883e-09,6.300777623355028e-09
955,1.3753538618536687,3.682590268379915,0.37426896244792196,5.779858110309054e-09,-1.7657019074495224e-09,8.317262400337642e-09,5.7846451119980194e-09,1.7677598203521169e-09,8.334123105663322e-09
956,1.0517411884763348,2.4550601789199433,0.07485379248958439,-1.3937441201076947e-09,1.7602754085719304e-09,-4.0422505441071333e-10,1.3944231671866867e-09,1.7621431438359947e-09,4.0871996837470826e-10
957,1.3753538618536687,3.682590268379915,0.29941516995833756,3.4415230060365805e-09,-1.050513432693156e-09,8.268240256065976e-09,3.444374155874996e-09,1.0517519031598804e-09,8.285188558002128e-09
958,1.456257030198002,4.091766964866572,0.37426896244792196,6.827344993343966e-09,-1.4633084293362711e-09,9.100340109253916e-09,6.833324693624651e-09,1.4651787758818812e-09,9.119324347049576e-09
959,1.1326443568206683,3.682590268379915,0.0,-6.2504415605471755e-09,2.5372005944951995e-09,1.6235918385120206e-08,6.254984978710807e-09,2.539860237632488e-09,1.6257737849046776e-08
960,1.2135475251650016,3.682590268379915,0.07485379248958439,-3.681521377863185e-09,1.380048487677881e-09,1.3501482354102485e-08,3.684307848126177e-09,1.3815088054101245e-09,1.3521651496707297e-08
961,1.1326443568206683,2.8642368754066005,0.07485379248958439,-2.169925787934127e-09,1.617965626330135e-09,4.592439576791945e-09,2.171327131067174e-09,1.6196684001184686e-09,4.602731706919476e-09
962,1.2944506935093352,3.682590268379915,0.14970758497916878,-1.2246604857691783e-09,4.2112302688107594e-10,1.083337404126095e-08,1.2256219477547187e-09,4.2155412324793456e-10,1.0851905767125948e-08
963,1.456257030198002,4.091766964866572,0.29941516995833756,4.057663534828556e-09,-8.701574469698848e-10,9.049575022835363e-09,4.06122219782272e-09,8.712913310529137e-10,9.068647431790596e-09
964,0.6472253467546676,0.0,0.22456137746875315,-6.055975018725943e-10,-5.886229874836641e-10,-4.116312724111186e-08,6.065822246942469e-10,5.892796407548256e-10,4.120844014088416e-08
965,0.728128515099001,0.4091766964866572,0.22456137746875315,-6.285049974616397e-10,-5.47313911262522e-10,-3.369542898492731e-08,6.294768081768095e-10,5.479384350320578e-10,3.3731851828709556e-08
966,0.8090316834433344,0.8183533929733144,0.22456137746875315,-5.147650242153627e-10,-5.510209324157226e-10,-2.660086690102428e-08,5.156057073452716e-10,5.516528427704885e-10,2.6628706949507386e-08
967,0.5663221784103342,0.0,0.0,3.4568558698416834e-09,2.97431394328976e-09,-4.271225726401417e-08,3.461875432643986e-09,2.9776285451328272e-09,4.2759810799503374e-08
968,0.889934851787668,1.2275300894599717,0.22456137746875315,-3.4346033832245723e-10,-5.664894857604845e-10,-1.9688868187759563e-08,3.4413152336509897e-10,5.671335623986352e-10,1.970831031027855e-08
969,0.6472253467546676,0.4091766964866572,0.0,3.134131568765366e-09,2.868053242079567e-09,-3.4982887145777107e-08,3.1388256136952864e-09,2.871283057231579e-09,3.502126116289197e-08
970,0.9708380201320014,1.6367067859466289,0.22456137746875315,-1.3040008181979945e-10,-5.724299580932096e-10,-1.3029864528449184e-08,1.3093496404512092e-10,5.730715233181365e-10,1.3041280334334374e-08
971,0.728128515099001,0.8183533929733144,0.0,2.3583364621380397e-09,2.9067790757490843e-09,-2.754776315978662e-08,2.3622665624796016e-09,2.9100652573797197e-09,2.757719246164281e-08
972,1.0517411884763348,2.045883482433286,0.22456137746875315,1.1275183587387874e-10,-5.594446930329453e-10,-6.837890398587734e-09,1.1275552756691394e-10,5.600621227908108e-10,6.8420877882429494e-09
973,0.8090316834433344,1.2275300894599717,0.0,1.384796248788604e-09,3.0145315315454545e-09,-2.0219520308871412e-08,1.3878683629378356e-09,3.017909809449776e-09,2.0240117490820106e-08
974,1.1326443568206683,2.4550601789199433,0.22456137746875315,3.723282220069318e-10,-5.236354989153493e-10,-1.3990418322689362e-09,3.7248406475497835e-10,5.242112898679988e-10,1.399357689417909e-09
975,0.889934851787668,1.6367067859466289,0.0,2.521538946460857e-10,3.0925283385092687e-09,-1.3075247893924392e-08,2.5558451785230964e-10,3.0959318468608507e-09,1.3087311926939562e-08
976,1.2135475251650016,2.8642368754066005,0.22456137746875315,6.351232105949427e-10,-4.686086189299574e-10,3.0263719766309917e-09,6.355303987449212e-10,4.691328068865907e-10,3.036801713257517e-09
977,0.9708380201320014,2.045883482433286,0.0,-9.959974551268672e-10,3.0755570524582997e-09,-6.346435896394685e-09,9.96089668496674e-10,3.0788784370391505e-09,6.35068868311431e-09
978,1.2944506935093352,3.2734135718932578,0.22456137746875315,8.880082387955108e-10,-4.036918726972861e-10,6.262464750368556e-09,8.886798499649043e-10,4.0416283900718977e-10,6.276442165709857e-09
979,1.1326443568206683,3.2734135718932578,0.0,-4.974792520830336e-09,2.6456041010793335e-09,1.055441730271397e-08,4.978270144733718e-09,2.648369610022427e-09,1.057037130442703e-08
980,1.0517411884763348,2.4550601789199433,0.0,-2.3018732549414358e-09,2.940327399224774e-09,-3.449650130330208e-10,2.302976455706586e-09,2.9434570647096796e-09,3.5043198165381185e-10
981,1.2135475251650016,3.2734135718932578,0.07485379248958439,-2.90975904220389e-09,1.4322354313990452e-09,8.37040065107565e-09,2.9118893991894935e-09,1.4337477275288547e-09,8.3852916917498e-09
982,1.3753538618536687,3.682590268379915,0.22456137746875315,1.120213981019951e-09,-3.3845576486149046e-10,8.243938914171127e-09,1.1211472234931895e-09,3.3888207211517723e-10,8.260929852676298e-09
983,1.5371601985423355,4.500943661353229,0.37426896244792196,7.266201572398421e-09,-1.1893340805035163e-09,8.77100144889737e-09,7.27279437901594e-09,1.1911317386130711e-09,8.791545593068577e-09
984,0.6472253467546676,0.0,0.14970758497916878,7.904304539072322e-10,5.687098276557473e-10,-4.1171191423232066e-08,7.914740604384539e-10,5.693409937793633e-10,4.1216510889341065e-08
985,0.728128515099001,0.4091766964866572,0.14970758497916878,6.866409542570635e-10,5.384790788381481e-10,-3.370082024742254e-08,6.875956284784923e-10,5.390835263694027e-10,3.3737246587182984e-08
986,0.8090316834433344,0.8183533929733144,0.14970758497916878,5.000411969463734e-10,5.342655512773971e-10,-2.660327891316611e-08,5.008151188992631e-10,5.348703466893065e-10,2.6631118768085324e-08
987,0.889934851787668,1.2275300894599717,0.14970758497916878,2.852560854012241e-10,5.472225722875628e-10,-1.968908611676311e-08,2.858331862605086e-10,5.478393652318417e-10,1.970852575390667e-08
988,0.9708380201320014,1.6367067859466289,0.14970758497916878,4.798758101812905e-11,5.589890656295628e-10,-1.3028881535047197e-08,4.856703917751485e-11,5.596084199304194e-10,1.3040293796220081e-08
989,1.0517411884763348,2.045883482433286,0.14970758497916878,-2.0552126890925088e-10,5.554470207820796e-10,-6.836455884425528e-09,2.0555792697404867e-10,5.560512115870925e-10,6.8406497517178555e-09
990,1.1326443568206683,2.4550601789199433,0.14970758497916878,-4.661711416968545e-10,5.320610347105204e-10,-1.3975510063427787e-09,4.664288340414821e-10,5.326290821058232e-10,1.3978697450084071e-09
991,1.2135475251650016,2.8642368754066005,0.14970758497916878,-7.223766623633936e-10,4.902086038496437e-10,3.0275124211918387e-09,7.228790795197879e-10,4.907221624381416e-10,3.0379457819695022e-09
992,1.2135475251650016,4.500943661353229,0.0,-7.947626988662333e-09,2.181324316143707e-09,2.318837451066729e-08,7.953720831767147e-09,2.1838817100287583e-09,2.321904028113985e-08
993,1.2135475251650016,4.091766964866572,0.0,-7.314144078461407e-09,2.207790119177353e-09,1.843198594593426e-08,7.319774095597499e-09,2.2102187434626004e-09,1.8457320729794178e-08
994,1.2944506935093352,4.500943661353229,0.07485379248958439,-4.681546315387184e-09,1.1539837378292406e-09,1.947113631939295e-08,4.68526115994396e-09,1.15540100128764e-09,1.94992423957473e-08
995,1.2944506935093352,4.091766964866572,0.07485379248958439,-4.3196740430522034e-09,1.1865803267311893e-09,1.5226766873635787e-08,4.323122467999616e-09,1.1879065210236477e-09,1.5249981661639572e-08
996,1.3753538618536687,4.500943661353229,0.14970758497916878,-1.5836049662724832e-09,3.3902851207244415e-10,1.5811205741657007e-08,1.5848875230336642e-09,3.3944259869227845e-10,1.5836715047620397e-08
997,1.3753538618536687,4.091766964866572,0.14970758497916878,-1.443969356658116e-09,3.5698709372330283e-10,1.2086911597067136e-08,1.4451529943879802e-09,3.5736878576877654e-10,1.2108015585649338e-08
998,1.456257030198002,4.500943661353229,0.22456137746875315,1.386602726363964e-09,-2.71857783990598e-10,1.2223610529945304e-08,1.3878384781950407e-09,2.722907007795781e-10,1.2246567813249035e-08
999,1.1326443568206683,2.8642368754066005,0.0,-3.601087601162913e-09,2.6974835746446014e-09,4.6444108883559816e-09,3.6034009356060904e-09,2.700336826086759e-09,4.654631014065729e-09
1000,1.2944506935093352,3.2734135718932578,0.14970758497916878,-9.65580799448289e-10,4.344505345340021e-10,6.263058956781877e-09,9.663248646740647e-10,4.348996750592628e-10,6.277038029929713e-09
1001,1.456257030198002,4.091766964866572,0.22456137746875315,1.3172956336576663e-09,-2.7910222765086016e-10,9.025431512434528e-09,1.3184653353404457e-09,2.7950215114290023e-10,9.044543871551402e-09
1002,1.5371601985423355,4.500943661353229,0.29941516995833756,4.270332759666953e-09,-6.916085841815579e-10,8.721699269815548e-09,4.274212097514619e-09,6.927098435260788e-10,8.742332788377052e-09
1003,0.728128515099001,0.0,0.37426896244792196,-3.668820959586194e-09,-2.691473406090347e-09,-3.930146773498386e-08,3.6740740388542772e-09,2.694495245737641e-09,3.9344284608021316e-08
1004,0.728128515099001,0.0,0.29941516995833756,-2.1442103722461996e-09,-1.637158691949819e-09,-3.938804245261343e-08,2.1473230955801574e-09,1.6389918885856821e-09,3.943092907841279e-08
1005,0.8090316834433344,0.4091766964866572,0.37426896244792196,-3.459338126061656e-09,-2.525763044552965e-09,-3.2101061044861956e-08,3.4643009790812682e-09,2.5286536672438337e-09,3.2135298078237256e-08
1006,0.8090316834433344,0.4091766964866572,0.29941516995833756,-2.0642193980923577e-09,-1.518548353951284e-09,-3.2182949114043243e-08,2.0671950148562892e-09,1.5202865321993593e-09,3.221724847424585e-08
1007,0.889934851787668,0.8183533929733144,0.37426896244792196,-2.7129756149217234e-09,-2.506267917261921e-09,-2.5341294889914198e-08,2.7171287772234893e-09,2.509169119773587e-09,2.536733448808095e-08
1008,0.889934851787668,0.8183533929733144,0.29941516995833756,-1.6328935729478388e-09,-1.505745737573503e-09,-2.542436923583527e-08,1.6353955710200567e-09,1.507487602606241e-09,2.5450464598751744e-08
1009,0.9708380201320014,1.2275300894599717,0.37426896244792196,-1.75632877008788e-09,-2.553118391280678e-09,-1.8853178154101916e-08,1.7595195303477074e-09,2.5560664456894596e-09,1.8871299642626192e-08
1010,0.6472253467546676,0.0,0.07485379248958439,2.198709940884715e-09,1.7164158837453011e-09,-4.11452672816594e-08,2.2017890299687224e-09,1.718326982682675e-09,4.11905660061904e-08
1011,0.9708380201320014,1.2275300894599717,0.29941516995833756,-1.0665215283322874e-09,-1.5329641027257476e-09,-1.8932761153424052e-08,1.0684513668853402e-09,1.5347314409314806e-09,1.8950925906765315e-08
1012,1.0517411884763348,1.6367067859466289,0.37426896244792196,-6.346466704321501e-10,-2.572453385725531e-09,-1.2695477608643163e-08,6.369952764090414e-10,2.575388094798494e-09,1.2706137073919628e-08
1013,0.728128515099001,0.4091766964866572,0.07485379248958439,2.002149561672343e-09,1.6223707400007842e-09,-3.3669421743896807e-08,2.005031650090052e-09,1.6242036674159707e-09,3.370582302666108e-08
1014,1.0517411884763348,1.6367067859466289,0.29941516995833756,-3.985623372668623e-10,-1.5425353013130283e-09,-1.2769214400290629e-08,3.9998061626414694e-10,1.544292134172562e-09,1.2779902895441644e-08
1015,1.1326443568206683,2.045883482433286,0.37426896244792196,6.075212869065472e-10,-2.5124571543672723e-09,-7.06131836821293e-09,6.075238231887739e-10,2.515282943954856e-09,7.065394570643251e-09
1016,0.8090316834433344,0.8183533929733144,0.07485379248958439,1.5137326648423819e-09,1.6206050575853435e-09,-2.6566289327795676e-08,1.516121934334959e-09,1.6224495278673467e-09,2.6594101475112846e-08
1017,1.1326443568206683,2.045883482433286,0.29941516995833756,3.4318884961615364e-10,-1.504004176983609e-09,-7.128396587272774e-09,3.431888507679406e-10,1.5056937391785465e-09,7.132490749424773e-09
1018,1.2135475251650016,2.4550601789199433,0.37426896244792196,1.91164845963678e-09,-2.354550023163263e-09,-2.2056929651177354e-09,1.9126221739157732e-09,2.3571783145883217e-09,2.205694592846076e-09
1019,0.889934851787668,1.2275300894599717,0.07485379248958439,9.131181546920431e-10,1.6626523527151781e-09,-1.965047816704713e-08,9.149446433009519e-10,1.664534038122312e-09,1.966989292633327e-08
1020,1.2135475251650016,2.4550601789199433,0.29941516995833756,1.1236770877567706e-09,-1.4066403783936711e-09,-2.2665782557435783e-09,1.1242376799811465e-09,1.408210998217522e-09,2.2665787677652536e-09
1021,1.2944506935093352,2.8642368754066005,0.37426896244792196,3.2166518868452097e-09,-2.1119940554004847e-09,1.6380784815216778e-09,3.2189185091587818e-09,2.1143632360548316e-09,1.6499696983612757e-09
1022,0.9708380201320014,1.6367067859466289,0.07485379248958439,2.252795773724154e-10,1.6924270300818488e-09,-1.2991450189596501e-08,2.2686318298018087e-10,1.6943119018220565e-09,1.3002843285731552e-08
1023,1.2944506935093352,2.8642368754066005,0.29941516995833756,1.9059494668887127e-09,-1.258895637778178e-09,1.5818024566302536e-09,1.907284157513655e-09,1.2603124659032302e-09,1.5940206599090348e-09
1024,1.3753538618536687,3.2734135718932578,0.37426896244792196,4.466678285478306e-09,-1.8182256743880939e-09,4.324197959997272e-09,4.470262499134704e-09,1.8203135257999994e-09,4.337485744670578e-09
1025,1.0517411884763348,2.045883482433286,0.07485379248958439,-5.256964898056708e-10,1.6724849988921303e-09,-6.801874446511246e-09,5.257419589445649e-10,1.6743154665058848e-09,6.8060550081770195e-09
1026,1.3753538618536687,3.2734135718932578,0.29941516995833756,2.656047223710373e-09,-1.08165222648368e-09,4.270428098890535e-09,2.6581739710010654e-09,1.082903830786859e-09,4.2838434332415245e-09
1027,1.456257030198002,3.682590268379915,0.37426896244792196,5.629196911666459e-09,-1.5110475537632033e-09,5.799374594137901e-09,5.634070173724634e-09,1.5128796289890776e-09,5.8150083790832465e-09
1028,1.1326443568206683,2.4550601789199433,0.07485379248958439,-1.307551048576412e-09,1.5898728381539904e-09,-1.3663237375249013e-09,1.3082220154829745e-09,1.5915888796514797e-09,1.3666653018558297e-09
1029,1.456257030198002,3.682590268379915,0.29941516995833756,3.352282448599355e-09,-8.974667820918306e-10,5.745937763345892e-09,3.355184484560092e-09,8.98570508355101e-10,5.761685703410489e-09
1030,1.5371601985423355,4.091766964866572,0.37426896244792196,6.676084926786025e-09,-1.216345815718202e-09,6.1104745170357745e-09,6.682170389611719e-09,1.217998580086672e-09,6.127884969219718e-09
1031,1.2135475251650016,3.682590268379915,0.0,-6.129342908829491e-09,2.294120905108962e-09,1.3540727129974846e-08,6.1339888528749434e-09,2.2965718759813624e-09,1.3560823378963061e-08
1032,1.2944506935093352,3.682590268379915,0.07485379248958439,-3.6022226659121132e-09,1.2331042965918e-09,1.0855421190837988e-08,3.605066508417622e-09,1.2344345739051455e-09,1.087391407581285e-08
1033,1.2135475251650016,2.8642368754066005,0.07485379248958439,-2.0837141899562313e-09,1.4508573260591974e-09,3.0555287052956782e-09,2.0851294786542023e-09,1.4524117223327004e-09,3.0659026869675837e-09
1034,1.3753538618536687,3.682590268379915,0.14970758497916878,-1.195301820429864e-09,3.726108015618852e-10,8.244154734377296e-09,1.1962808976182042e-09,3.7299658720243465e-10,8.261144340332387e-09
1035,1.5371601985423355,4.091766964866572,0.29941516995833756,3.9686267257546406e-09,-7.212136508362418e-10,6.055434182658733e-09,3.9722467771042925e-09,7.222173106944689e-10,6.072963420640565e-09
1036,0.728128515099001,0.0,0.22456137746875315,-6.575761022037687e-10,-5.520555684421173e-10,-3.9432887538164514e-08,6.585962470860802e-10,5.526750789490807e-10,3.9475809842509114e-08
1037,0.8090316834433344,0.4091766964866572,0.22456137746875315,-6.715542040160262e-10,-5.064409904608496e-10,-3.2225238304021706e-08,6.72552261372129e-10,5.070248215024822e-10,3.2259569228906926e-08
1038,0.889934851787668,0.8183533929733144,0.22456137746875315,-5.5040527539019e-10,-5.048050907788513e-10,-2.546636133020189e-08,5.512602737699298e-10,5.053922951386883e-10,2.549248377726611e-08
1039,0.6472253467546676,0.0,0.0,3.6415776110241406e-09,2.8336092830025554e-09,-4.1083836403305056e-08,3.64673481713485e-09,2.8367748610331946e-09,4.1129085228497296e-08
1040,0.9708380201320014,1.2275300894599717,0.22456137746875315,-3.751551864906213e-10,-5.149111605752787e-10,-1.897209423447047e-08,3.758283257607114e-10,5.155069635370341e-10,1.8990279013073778e-08
1041,0.728128515099001,0.4091766964866572,0.0,3.317429188587637e-09,2.702459863837127e-09,-3.35972309219763e-08,3.3222460657871702e-09,2.7055207373823158e-09,3.363357472060679e-08
1042,1.0517411884763348,1.6367067859466289,0.22456137746875315,-1.6043647832119561e-10,-5.164591122981264e-10,-1.2805168478589912e-08,1.6093342072536904e-10,5.170500819196247e-10,1.2815869643080688e-08
1043,0.8090316834433344,0.8183533929733144,0.0,2.5234033933090754e-09,2.7080619995403958e-09,-2.648831495524895e-08,2.5274109892909467e-09,2.7111527560005627e-09,2.6516070265285564e-08
1044,1.1326443568206683,2.045883482433286,0.22456137746875315,8.305748093788959e-11,-5.006071283358055e-10,-7.160923868554008e-09,8.307230569315553e-11,5.011734411925938e-10,7.165025365668501e-09
1045,0.889934851787668,1.2275300894599717,0.0,1.5380165358031396e-09,2.781769200350545e-09,-1.9571938158197182e-08,1.5410961120681575e-09,2.784926583226486e-09,1.9591304689960297e-08
1046,1.2135475251650016,2.4550601789199433,0.22456137746875315,3.426293892889255e-10,-4.642405230651848e-10,-2.2960586557327273e-09,3.4278299128849124e-10,4.6476610517524954e-10,2.2960588745077035e-09
1047,0.9708380201320014,1.6367067859466289,0.0,3.991127922763385e-10,2.831099434146406e-09,-1.2916667797900977e-08,4.017510068613445e-10,2.8342630152078548e-09,1.2928025664032412e-08
1048,1.2944506935093352,2.8642368754066005,0.22456137746875315,6.052642158259368e-10,-4.109499208243991e-10,1.5544576662082824e-09,6.056772963735444e-10,4.1142577709962365e-10,1.5668468701456836e-09
1049,1.0517411884763348,2.045883482433286,0.0,-8.5147580475077e-10,2.7957195321641006e-09,-6.7333760086981885e-09,8.515359595613541e-10,2.798790060480939e-09,6.737533415790579e-09
1050,1.3753538618536687,3.2734135718932578,0.22456137746875315,8.584034709938978e-10,-3.4909501497615433e-10,4.244124191330074e-09,8.590875750586714e-10,3.495199575359564e-10,4.257603816104551e-09
1051,1.2135475251650016,3.2734135718932578,0.0,-4.839853004853833e-09,2.382720187418241e-09,8.41704218817711e-09,4.843393562528875e-09,2.385256749876374e-09,8.431863305717605e-09
1052,1.1326443568206683,2.4550601789199433,0.0,-2.157278222922558e-09,2.6541255815912696e-09,-1.3047251531705628e-09,2.1583689556866123e-09,2.6570025901272563e-09,1.3051137101672425e-09
1053,1.2944506935093352,3.2734135718932578,0.07485379248958439,-2.8237363857717206e-09,1.2738556537959854e-09,6.288726129712138e-09,2.8259014161232403e-09,1.275226303872594e-09,6.302663131248908e-09
1054,1.456257030198002,3.682590268379915,0.22456137746875315,1.091576373741989e-09,-2.8656495949126687e-10,5.719698859413247e-09,1.0925265233349684e-09,2.869474670446507e-10,5.735502318646025e-09
1055,1.6180633668866689,4.500943661353229,0.37426896244792196,7.110880212762874e-09,-9.391258505099159e-10,5.318095330194901e-09,7.117578332175245e-09,9.407097030491261e-10,5.337228954796816e-09
1056,0.728128515099001,0.0,0.14970758497916878,8.177036338442318e-10,5.425987648628377e-10,-3.944073774013334e-08,8.187669620239578e-10,5.432006930675699e-10,3.948366634332764e-08
1057,0.8090316834433344,0.4091766964866572,0.14970758497916878,7.204807438150166e-10,5.073566731610971e-10,-3.223036249436422e-08,7.214585868421601e-10,5.07928144608987e-10,3.226469666786006e-08
1058,0.889934851787668,0.8183533929733144,0.14970758497916878,5.330616303003817e-10,4.968776393110039e-10,-2.5468598492258887e-08,5.338526601965807e-10,4.974443299433239e-10,2.5494720704095894e-08
1059,0.9708380201320014,1.2275300894599717,0.14970758497916878,3.168372779506079e-10,5.029098316602531e-10,-1.897225513960372e-08,3.17419502665578e-10,5.034829822087218e-10,1.899043759760807e-08
1060,1.0517411884763348,1.6367067859466289,0.14970758497916878,7.840742274092996e-11,5.086121700563886e-10,-1.280424673735792e-08,7.885434005127984e-11,5.091833407398094e-10,1.2814944647387154e-08
1061,1.1326443568206683,2.045883482433286,0.14970758497916878,-1.757095489157502e-10,5.012013288266874e-10,-7.159624190468993e-09,1.7573742388830784e-10,5.017541289986765e-10,7.163722527636517e-09
1062,1.2135475251650016,2.4550601789199433,0.14970758497916878,-4.3622243398013367e-10,4.763019913468581e-10,-2.2947154306565116e-09,4.3647655437494866e-10,4.768174138583395e-10,2.2947156990371084e-09
1063,1.2944506935093352,2.8642368754066005,0.14970758497916878,-6.922004882896025e-10,4.352220457190483e-10,1.5555535923850394e-09,6.927063076662031e-10,4.3568380922360177e-10,1.5679441691019948e-09
1064,1.2944506935093352,4.500943661353229,0.0,-7.842175230377902e-09,1.944731636735304e-09,1.951261428545457e-08,7.848437359707704e-09,1.947094012920973e-09,1.9540635127923454e-08
1065,1.2944506935093352,4.091766964866572,0.0,-7.1974288344484065e-09,1.9731324505696435e-09,1.5266481838512316e-08,7.203198005467365e-09,1.975361007020783e-09,1.5289617095317048e-08
1066,1.3753538618536687,4.500943661353229,0.07485379248958439,-4.606487468360739e-09,1.009968273721313e-09,1.5834728235447566e-08,4.610297631934087e-09,1.0112618269546067e-09,1.586019174266802e-08
1067,1.3753538618536687,4.091766964866572,0.07485379248958439,-4.24053749841635e-09,1.044823520826692e-09,1.2109213171037359e-08,4.24406399964245e-09,1.0460245557283484e-09,1.2130273616229808e-08
1068,1.456257030198002,4.500943661353229,0.14970758497916878,-1.5522789851335664e-09,2.921527125363761e-10,1.2225316056272157e-08,1.5535957749671032e-09,2.925229299563168e-10,1.2248265248384208e-08
1069,1.456257030198002,4.091766964866572,0.14970758497916878,-1.4130571786499183e-09,3.1071136439250066e-10,9.026135072898052e-09,1.4142663352351718e-09,3.110497636768847e-10,9.045242064161896e-09
1070,1.5371601985423355,4.500943661353229,0.22456137746875315,1.362484892152031e-09,-2.1959037717164922e-10,8.697916772804041e-09,1.3637371529503957e-09,2.1998308605871484e-10,8.718589971336653e-09
1071,1.2135475251650016,2.8642368754066005,0.0,-3.4564877501791326e-09,2.417295299509496e-09,3.1109287032078446e-09,3.4588263434822467e-09,2.419901758140257e-09,3.121181536257342e-09
1072,1.3753538618536687,3.2734135718932578,0.14970758497916878,-9.34923152991403e-10,3.8206086346342335e-10,4.244871686998349e-09,9.35677185992148e-10,3.824607154449478e-10,4.2583519216215215e-09
1073,1.5371601985423355,4.091766964866572,0.22456137746875315,1.2898240641940267e-09,-2.2808236221245776e-10,6.029514765378393e-09,1.291012391057777e-09,2.284399869229232e-10,6.047098307865751e-09
1074,1.6180633668866689,4.500943661353229,0.29941516995833756,4.179799316278616e-09,-5.397250978737253e-10,5.2649718325905295e-09,4.183737167814794e-09,5.406995746671361e-10,5.284246531941801e-09
1075,0.8090316834433344,0.0,0.37426896244792196,-3.899989855502245e-09,-2.517450814842869e-09,-3.745782889177244e-08,3.905408548194213e-09,2.5202900003283342e-09,3.7498164604837014e-08
1076,0.8090316834433344,0.0,0.29941516995833756,-2.283477257650019e-09,-1.531708488089036e-09,-3.754619424066613e-08,2.2866880083413086e-09,1.5334310383249636e-09,3.758659985420295e-08
1077,0.889934851787668,0.4091766964866572,0.37426896244792196,-3.669021742643422e-09,-2.334001920197403e-09,-3.053668965937095e-08,3.6741186439128983e-09,2.3366962415170064e-09,3.056877039404672e-08
1078,0.889934851787668,0.4091766964866572,0.29941516995833756,-2.1897921517160193e-09,-1.4017521941192071e-09,-3.061945910976889e-08,2.1928469845635035e-09,1.40337120392461e-09,3.065160169431791e-08
1079,0.9708380201320014,0.8183533929733144,0.37426896244792196,-2.8963730125474255e-09,-2.2879688609244453e-09,-2.4124881938526638e-08,2.9006100576208927e-09,2.2906530560913877e-09,2.4149160154560846e-08
1080,0.9708380201320014,0.8183533929733144,0.29941516995833756,-1.7419808752022499e-09,-1.3732707297668632e-09,-2.420822507343114e-08,1.7445317027942309e-09,1.3748813224845007e-09,2.4232558314900483e-08
1081,1.0517411884763348,1.2275300894599717,0.37426896244792196,-1.9234707476348086e-09,-2.3063201696441114e-09,-1.8062094010861325e-08,1.926688394876505e-09,2.309029418958645e-09,1.807893096248619e-08
1082,0.728128515099001,0.0,0.07485379248958439,2.3071233736661303e-09,1.6273181118745647e-09,-3.941312677506742e-08,2.3102810253898874e-09,1.6291334356848543e-09,3.945603365803184e-08
1083,1.0517411884763348,1.2275300894599717,0.29941516995833756,-1.1656274859862527e-09,-1.383863899389857e-09,-1.814183072728182e-08,1.1675724367729365e-09,1.385487346856561e-09,1.815871063384201e-08
1084,1.1326443568206683,1.6367067859466289,0.37426896244792196,-7.935700753513269e-10,-2.3012678585093583e-09,-1.239952825909584e-08,7.957686655954977e-10,2.3039471364542934e-09,1.2409460521659342e-08
1085,0.8090316834433344,0.4091766964866572,0.07485379248958439,2.1139574082401615e-09,1.5192861095021004e-09,-3.2197715868548186e-08,2.1169134376065458e-09,1.5210124560071397e-09,3.223202445767456e-08
1086,1.1326443568206683,1.6367067859466289,0.29941516995833756,-4.928311845677739e-10,-1.379295619509045e-09,-1.2473794135624146e-08,4.941650054231263e-10,1.3808990757009913e-09,1.2483756094600025e-08
1087,1.2135475251650016,2.045883482433286,0.37426896244792196,4.5134010122515033e-10,-2.225460563865816e-09,-7.313496892120552e-09,4.51344176066095e-10,2.228022325005557e-09,7.3174677260232705e-09
1088,0.889934851787668,0.8183533929733144,0.07485379248958439,1.6161084462922661e-09,1.4995285284571369e-09,-2.5430907437125472e-08,1.6185467884035347e-09,1.5012520137864606e-09,2.545700195994601e-08
1089,1.2135475251650016,2.045883482433286,0.29941516995833756,2.503355250556828e-10,-1.3315794485189522e-09,-7.38182282491735e-09,2.503446638637584e-10,1.3331110674026754e-09,7.385813172436563e-09
1090,1.2944506935093352,2.4550601789199433,0.37426896244792196,1.7552652201498108e-09,-2.0628750085544172e-09,-3.0303260607570978e-09,1.7562246637352857e-09,2.0652392956483235e-09,3.0304259592835198e-09
1091,0.9708380201320014,1.2275300894599717,0.07485379248958439,1.0085011675273433e-09,1.52226765042333e-09,-1.8933255754769566e-08,1.0103399889693445e-09,1.5240136330892495e-09,1.8951413534175324e-08
1092,1.2944506935093352,2.4550601789199433,0.29941516995833756,1.0306709813249814e-09,-1.2316449187317165e-09,-3.093367712286091e-09,1.0312230461082054e-09,1.233058052544661e-09,3.0934758278388403e-09
1093,1.3753538618536687,2.8642368754066005,0.37426896244792196,3.0584530608574826e-09,-1.8265985527536233e-09,2.41569717576146e-10,3.0607440658441433e-09,1.8287112906226417e-09,2.813007408569546e-10
1094,1.0517411884763348,1.6367067859466289,0.07485379248958439,3.166234887133647e-10,1.5354548209668113e-09,-1.2766462864915606e-08,3.1798477505422546e-10,1.5371925387693336e-09,1.2777141584603859e-08
1095,1.3753538618536687,2.8642368754066005,0.29941516995833756,1.8120030534662787e-09,-1.087830378233253e-09,1.8220774691443567e-10,1.8133521744219968e-09,1.0890944350388628e-09,2.3176340588557693e-10
1096,1.456257030198002,3.2734135718932578,0.37426896244792196,4.3072155077841684e-09,-1.5468629628828648e-09,2.382243923103472e-09,4.310854924867762e-09,1.5487066163070287e-09,2.396408873241142e-09
1097,1.1326443568206683,2.045883482433286,0.07485379248958439,-4.359474618175252e-10,1.5048845368902832e-09,-7.124462346290563e-09,4.359733098807833e-10,1.5065608527273217e-09,7.128547040565635e-09
1098,1.456257030198002,3.2734135718932578,0.29941516995833756,2.5614934169557085e-09,-9.189650084740727e-10,2.3246909349729875e-09,2.5636528145892128e-09,9.200710994863697e-10,2.339127267724416e-09
1099,1.5371601985423355,3.682590268379915,0.37426896244792196,5.468897761032645e-09,-1.2546904768684493e-09,3.351664412340281e-09,5.473849436816802e-09,1.2562916519752135e-09,3.367183632360471e-09
1100,1.2135475251650016,2.4550601789199433,0.07485379248958439,-1.2175439634526916e-09,1.418675473256947e-09,-2.26248812282116e-09,1.2182060591002768e-09,1.4202357500412876e-09,2.262488875986961e-09
1101,1.5371601985423355,3.682590268379915,0.29941516995833756,3.257543152579437e-09,-7.43460128110076e-10,3.2941163393696197e-09,3.260491277561873e-09,7.444260564266772e-10,3.309842464073258e-09
1102,1.6180633668866689,4.091766964866572,0.37426896244792196,6.513247876957812e-09,-9.680727635626214e-10,3.1910269758486966e-09,6.5194269588230814e-09,9.695048935025026e-10,3.208614778490304e-09
1103,1.2944506935093352,3.682590268379915,0.0,-5.99734787857284e-09,2.0478606012837452e-09,1.0899829249603922e-08,6.002091674102317e-09,2.050095931233506e-09,1.091824384802674e-08
1104,1.3753538618536687,3.682590268379915,0.07485379248958439,-3.5163046796652848e-09,1.0844779519722109e-09,8.268897371623251e-09,3.519202780701281e-09,1.0856745912106072e-09,8.285841745096982e-09
1105,1.2944506935093352,2.8642368754066005,0.07485379248958439,-1.993079116749961e-09,1.2829679096063408e-09,1.585151785367456e-09,1.994507638823013e-09,1.2843699826923435e-09,1.5973739863286308e-09
1106,1.456257030198002,3.682590268379915,0.14970758497916878,-1.1635654172528863e-09,3.235627111911058e-10,5.720283613635529e-09,1.1645611270441609e-09,3.2390238832459663e-10,5.736084473076652e-09
1107,1.6180633668866689,4.091766964866572,0.29941516995833756,3.872876591763192e-09,-5.715739186188457e-10,3.1318767571864438e-09,3.876550950773626e-09,5.724457024512013e-10,3.149715199907835e-09
1108,0.8090316834433344,0.0,0.22456137746875315,-7.115044490590693e-10,-5.141392437975867e-10,-3.7591865495435695e-08,7.125613953491956e-10,5.147197071802011e-10,3.76323068167115e-08
1109,0.889934851787668,0.4091766964866572,0.22456137746875315,-7.161686410238422e-10,-4.647520227610553e-10,-3.066207875929729e-08,7.171938182303915e-10,4.6529407544253094e-10,3.069425261854994e-08
1110,0.9708380201320014,0.8183533929733144,0.22456137746875315,-5.873858805545831e-10,-4.580597646340184e-10,-2.425027908490918e-08,5.8825614487472e-10,4.586014493532876e-10,2.427463907836613e-08
1111,0.728128515099001,0.0,0.0,3.83746258571466e-09,2.6803608247242303e-09,-3.934874814775381e-08,3.842763463559271e-09,2.683363552851081e-09,3.939160363984093e-08
1112,1.0517411884763348,1.2275300894599717,0.22456137746875315,-4.0797198283137246e-10,-4.631406258663533e-10,-1.8181214975025897e-08,4.0864905434682433e-10,4.6368714774523764e-10,1.8198114876801896e-08
1113,0.8090316834433344,0.4091766964866572,0.0,3.510477695940328e-09,2.5275615886195507e-09,-3.212333629658084e-08,3.5154221179324593e-09,2.5304425824306637e-09,3.215758669386649e-08
1114,1.1326443568206683,1.6367067859466289,0.22456137746875315,-1.9153359866350448e-10,-4.605610097280158e-10,-1.2510021510402732e-08,1.9200730690301126e-10,4.6110010356754046e-10,1.2519996646485283e-08
1115,0.889934851787668,0.8183533929733144,0.0,2.6972648269571665e-09,2.5031260361172683e-09,-2.5351762221918957e-08,2.7013548966566533e-09,2.506012869235355e-09,2.5377800077201296e-08
1116,1.2135475251650016,2.045883482433286,0.22456137746875315,5.2275106654143396e-11,-4.420005476710907e-10,-7.414990906908431e-09,5.2323845686477174e-11,4.4251425808700355e-10,7.418989549695115e-09
1117,0.9708380201320014,1.2275300894599717,0.0,1.6988487000378152e-09,2.544905299462316e-09,-1.8854020779615985e-08,1.7019481441500225e-09,2.5478345889724393e-09,1.8872130597691015e-08
1118,1.2944506935093352,2.4550601789199433,0.22456137746875315,3.118662902462094e-10,-4.0502626311908213e-10,-3.123922731949503e-09,3.120172866439552e-10,4.0550013544980296e-10,3.1240346171436568e-09
1119,1.0517411884763348,1.6367067859466289,0.0,5.527997411327289e-10,2.5669038671977718e-09,-1.2690922871028429e-08,5.55089765038215e-10,2.5698208148259316e-09,1.2701566011225558e-08
1120,1.3753538618536687,2.8642368754066005,0.22456137746875315,5.743155491904597e-10,-3.5324445519285763e-10,1.5338178008568773e-10,5.747339984190101e-10,3.5367063028893734e-10,2.0957420546131439e-10
1121,1.1326443568206683,2.045883482433286,0.0,-7.005620201417358e-10,2.514006077201546e-09,-7.0546426265136255e-09,7.005923365395328e-10,2.516819041185355e-09,7.058703088548706e-09
1122,1.456257030198002,3.2734135718932578,0.22456137746875315,8.275595474717224e-10,-2.9427109825440556e-10,2.2966248431399283e-09,8.282550065548915e-10,2.946488068785686e-10,2.3111989697102194e-09
1123,1.2944506935093352,3.2734135718932578,0.0,-4.69593487913155e-09,2.117488252584312e-09,6.339833721268301e-09,4.699535652379509e-09,2.11978934117494e-09,6.353684301305347e-09
1124,1.2135475251650016,2.4550601789199433,0.0,-2.00607628171163e-09,2.3666113175014667e-09,-2.1986905811764867e-09,2.0071532070695643e-09,2.369228800731913e-09,2.198692935373282e-09
1125,1.3753538618536687,3.2734135718932578,0.07485379248958439,-2.7324506658610813e-09,1.1143238297112356e-09,4.27271623473859e-09,2.7346486218437847e-09,1.1155493020854645e-09,4.286133327617363e-09
1126,1.5371601985423355,3.682590268379915,0.22456137746875315,1.0613589377883136e-09,-2.344091652371811e-10,3.2660073386541706e-09,1.0623241725860448e-09,2.3474692120511977e-10,3.281835437950638e-09
1127,1.6989665352310024,4.500943661353229,0.37426896244792196,6.943139705198486e-09,-6.884973963090524e-10,1.938823938165791e-09,6.949929094652076e-09,6.898739084350011e-10,1.962322444594645e-09
1128,0.8090316834433344,0.0,0.14970758497916878,8.467234350501052e-10,5.133592330973552e-10,-3.7599462480115705e-08,8.478072550930482e-10,5.139287743259911e-10,3.7639909817523265e-08
1129,0.889934851787668,0.4091766964866572,0.14970758497916878,7.557524769699259e-10,4.739002291974545e-10,-3.066691983192538e-08,7.567539399350904e-10,4.744360335700273e-10,3.069909670709541e-08
1130,0.9708380201320014,0.8183533929733144,0.14970758497916878,5.674368525527573e-10,4.579014701615331e-10,-2.4252339358753072e-08,5.682455499035223e-10,4.584279131351313e-10,2.4276699093369867e-08
1131,1.0517411884763348,1.2275300894599717,0.14970758497916878,3.4969033438864446e-10,4.5744092933220125e-10,-1.8181319123013574e-08,3.5027954961573807e-10,4.579688409351564e-10,1.8198216889241626e-08
1132,1.1326443568206683,1.6367067859466289,0.14970758497916878,1.0996126521348963e-10,4.573370822964259e-10,-1.2509134729498883e-08,1.103549655574732e-10,4.578588285048829e-10,1.2519106938883349e-08
1133,1.2135475251650016,2.045883482433286,0.14970758497916878,-1.4483464578098993e-10,4.462249184673093e-10,-7.4137561065325185e-09,1.448537102056003e-10,4.467252771397838e-10,7.417751983072105e-09
1134,1.2944506935093352,2.4550601789199433,0.14970758497916878,-4.0509608534507153e-10,4.2003975194700413e-10,-3.1226190460801195e-09,4.0534651905685576e-10,4.20501489857316e-10,3.122730172718493e-09
1135,1.3753538618536687,2.8642368754066005,0.14970758497916878,-6.605327573223209e-10,3.7990601315579345e-10,1.5452009743561037e-10,6.610418972151661e-10,3.803149131997303e-10,2.1045546566328013e-10
1136,1.3753538618536687,4.500943661353229,0.0,-7.719949943735459e-09,1.7047613259619052e-09,1.5882178124097484e-08,7.726370773132644e-09,1.706920308976246e-09,1.5907553437302043e-08
1137,1.3753538618536687,4.091766964866572,0.0,-7.0665043520715734e-09,1.735304088265935e-09,1.2154380059902216e-08,7.072404568800683e-09,1.7373252516389469e-09,1.2175355848291973e-08
1138,1.456257030198002,4.500943661353229,0.07485379248958439,-4.5216331662418365e-09,8.644789329029804e-10,1.2251945976893843e-08,4.5255319465842735e-09,8.656445373474407e-10,1.2274845201668305e-08
1139,1.456257030198002,4.091766964866572,0.07485379248958439,-4.153056496052365e-09,9.014369792577906e-10,9.051310147363775e-09,4.156655531403676e-09,9.025092091592719e-10,9.070366934849413e-09
1140,1.5371601985423355,4.500943661353229,0.14970758497916878,-1.5172548045241754e-09,2.447147329783335e-10,8.700291296356844e-09,1.518603044871662e-09,2.4504027667311015e-10,8.72095485253764e-09
1141,1.5371601985423355,4.091766964866572,0.14970758497916878,-1.3791645697563855e-09,2.638316380441987e-10,6.030719536865978e-09,1.3803972189065414e-09,2.641260347155287e-10,6.048295945122683e-09
1142,1.6180633668866689,4.500943661353229,0.22456137746875315,1.336502392482167e-09,-1.6742554441991475e-10,5.239606553480153e-09,1.3377692042541334e-09,1.677789921953023e-10,5.258945499911266e-09
1143,1.2944506935093352,2.8642368754066005,0.0,-3.3042051363519387e-09,2.1356416557575766e-09,1.6438510127648274e-09,3.3065678181812514e-09,2.1379947501204026e-09,1.6557486304126027e-09
1144,1.456257030198002,3.2734135718932578,0.14970758497916878,-9.024197443780211e-10,3.293256970707161e-10,2.297532534699995e-09,9.031833221956383e-10,3.296753405166943e-10,2.312104348468462e-09
1145,1.6180633668866689,4.091766964866572,0.22456137746875315,1.2604093890431396e-09,-1.7696590147850544e-10,3.10418720866543e-09,1.2616140059279282e-09,1.7728120870277488e-10,3.12214334218662e-09
1146,1.6989665352310024,4.500943661353229,0.29941516995833756,4.082270989404784e-09,-3.877721682282007e-10,1.8820102408304844e-09,4.086259568743645e-09,3.886266076135764e-10,1.906079918697145e-09
1147,0.889934851787668,0.0,0.37426896244792196,-4.136713325188779e-09,-2.3344606278114132e-09,-3.550294078157167e-08,4.142298770136598e-09,2.3371064217893002e-09,3.5540706849742387e-08
1148,0.889934851787668,0.0,0.29941516995833756,-2.4264031373881695e-09,-1.42097010717687e-09,-3.55922071762688e-08,2.429713027857281e-09,1.4225756677561347e-09,3.5630042519948775e-08
1149,0.9708380201320014,0.4091766964866572,0.37426896244792196,-3.883491659048593e-09,-2.135647122580933e-09,-2.887803570888774e-08,3.888723475368363e-09,2.13813693325001e-09,2.8907896029034185e-08
1150,0.9708380201320014,0.4091766964866572,0.29941516995833756,-2.3183537205268603e-09,-1.2812455287170599e-09,-2.89609383082555e-08,2.321488498730241e-09,1.2827408333585647e-09,2.899085942015275e-08
1151,1.0517411884763348,0.8183533929733144,0.37426896244792196,-3.0843585727603004e-09,-2.06518693254943e-09,-2.2825271795770405e-08,3.0886818502362567e-09,2.0676476005010233e-09,2.2847744508567715e-08
1152,1.0517411884763348,0.8183533929733144,0.29941516995833756,-1.8538384242667747e-09,-1.2383222925303711e-09,-2.290826378091518e-08,1.85643964452706e-09,1.2397980292494313e-09,2.293079035040172e-08
1153,1.1326443568206683,1.2275300894599717,0.37426896244792196,-2.0949309879661453e-09,-2.0567345815485672e-09,-1.7195175508059546e-08,2.098183250216062e-09,2.059199039068428e-09,1.7210700586809204e-08
1154,0.8090316834433344,0.0,0.07485379248958439,2.4208250536336744e-09,1.5307062197226144e-09,-3.757055306259252e-08,2.4240636342392434e-09,1.5324176370263417e-09,3.76109780782707e-08
1155,1.1326443568206683,1.2275300894599717,0.29941516995833756,-1.2672817315314021e-09,-1.233295393936347e-09,-1.7274572687057418e-08,1.2692464578943477e-09,1.234771551006368e-09,1.729014011087727e-08
1156,1.2135475251650016,1.6367067859466289,0.37426896244792196,-9.56706842471249e-10,-2.028514331095707e-09,-1.2031442813889018e-08,9.588234482282973e-10,2.0309321618352287e-09,1.204063501070962e-08
1157,0.889934851787668,0.4091766964866572,0.07485379248958439,2.230138514247169e-09,1.4107259071682358e-09,-3.063338084816108e-08,2.2331701018514052e-09,1.4123391667811978e-09,3.0665531954776575e-08
1158,1.2135475251650016,1.6367067859466289,0.29941516995833756,-5.895734098958437e-10,-1.2152895036004617e-09,-1.2105808045267895e-08,5.908601424574169e-10,1.2167360784041488e-09,1.2115030401194592e-08
1159,1.2944506935093352,2.045883482433286,0.37426896244792196,2.907802740394723e-10,-1.9377632830597835e-09,-7.494892217095106e-09,2.9083662097081633e-10,1.9400547576224913e-09,7.498747333502784e-09
1160,0.9708380201320014,0.8183533929733144,0.07485379248958439,1.7225188699514982e-09,1.3747391301866552e-09,-2.4214253096467542e-08,1.7250083213643087e-09,1.3763364824618897e-09,2.4238585418686076e-08
1161,1.2944506935093352,2.045883482433286,0.29941516995833756,1.549096511399252e-10,-1.158934701615258e-09,-7.56405987920815e-09,1.5497174011117096e-10,1.160304611792168e-09,7.567935871751132e-09
1162,1.3753538618536687,2.4550601789199433,0.37426896244792196,1.5942255366291666e-09,-1.7710901729800305e-09,-3.7841385586134885e-09,1.595169579809113e-09,1.7731839422977504e-09,3.784475785430999e-09
1163,1.0517411884763348,1.2275300894599717,0.07485379248958439,1.1075430835102782e-09,1.3793679096549476e-09,-1.8142174334463625e-08,1.1093999951639544e-09,1.3809739460643262e-09,1.8159047806044943e-08
1164,1.3753538618536687,2.4550601789199433,0.29941516995833756,9.34911943776992e-10,-1.0567566653470518e-09,-3.8489019356245626e-09,9.354547643637653e-10,1.0580083583819192e-09,3.849251490140986e-09
1165,1.456257030198002,2.8642368754066005,0.37426896244792196,2.8948516248515466e-09,-1.5410085330579586e-09,-1.0820021053375325e-09,2.897164855609808e-09,1.5428586863326356e-09,1.085876118932711e-09
1166,1.1326443568206683,1.6367067859466289,0.07485379248958439,4.1129522986921237e-10,1.3767532717102709e-09,-1.2471167225337665e-08,4.1254641132466256e-10,1.3783400263482868e-09,1.2481120376685042e-08
1167,1.456257030198002,2.8642368754066005,0.29941516995833756,1.7148736856380365e-09,-9.16746468778478e-10,-1.1439948570867235e-09,1.716235915418721e-09,9.178540543441697e-10,1.1475758961449231e-09
1168,1.5371601985423355,3.2734135718932578,0.37426896244792196,4.141010381719552e-09,-1.2747397992097359e-09,5.141522735679631e-10,4.1446998773316955e-09,1.2763341576215881e-09,5.454127180329787e-10
1169,1.2135475251650016,2.045883482433286,0.07485379248958439,-3.429771918678779e-10,1.3360515071574168e-09,-7.378105565983441e-09,3.429862449975107e-10,1.337570028079517e-09,7.3820876152568684e-09
1170,1.5371601985423355,3.2734135718932578,0.29941516995833756,2.462987331460858e-09,-7.558692804733164e-10,4.531817685500064e-10,2.465176274119629e-09,7.568268274216068e-10,4.880287644775906e-10
1171,1.6180633668866689,3.682590268379915,0.37426896244792196,5.299944473110264e-09,-9.97235073105196e-10,9.7825682453366e-10,5.304965636301342e-09,9.986019649530188e-10,1.0027933261458017e-09
1172,1.2944506935093352,2.4550601789199433,0.07485379248958439,-1.1241168876520377e-09,1.2466513901560714e-09,-3.0894322327467586e-09,1.124769492428751e-09,1.2480522090936753e-09,3.0895381059785007e-09
1173,1.6180633668866689,3.682590268379915,0.29941516995833756,3.1576943973189284e-09,-5.888256986236685e-10,9.168159364986044e-10,3.1606833210308534e-09,5.89651959120319e-10,9.42748671836478e-10
1174,1.6989665352310024,4.091766964866572,0.37426896244792196,6.339425345461448e-09,-7.190926248326205e-10,3.4699505844612644e-10,6.345685124015097e-09,7.203055908532311e-10,4.0564498016354215e-10
1175,1.3753538618536687,3.682590268379915,0.0,-5.854205786295829e-09,1.7988648471637826e-09,8.318474638964088e-09,5.859042002119886e-09,1.8008781103030109e-09,8.335328939158365e-09
1176,1.456257030198002,3.682590268379915,0.07485379248958439,-3.4239004378153255e-09,9.344442209415e-10,5.7476426630884654e-09,3.4268491776098704e-09,9.355039699546858e-10,5.763383037363045e-09
1177,1.3753538618536687,2.8642368754066005,0.07485379248958439,-1.898372025039131e-09,1.114357321406595e-09,1.8563385028917127e-10,1.899813021586126e-09,1.1156034864546958e-09,2.345927556179889e-10
1178,1.5371601985423355,3.682590268379915,0.14970758497916878,-1.1295865914745658e-09,2.740941573777334e-10,3.2668762695044906e-09,1.130597779947007e-09,2.7438695875320956e-10,3.2826989705022744e-09
1179,1.6989665352310024,4.091766964866572,0.29941516995833756,3.770722276163811e-09,-4.2157455708642697e-10,2.83888906008009e-10,3.774443434381629e-09,4.223160522397963e-10,3.525950930723054e-10
1180,0.889934851787668,0.0,0.22456137746875315,-7.666983555212108e-10,-4.749570130698585e-10,-3.563824779134296e-08,7.677927345522565e-10,4.75496696397447e-10,3.5676118478683755e-08
1181,0.9708380201320014,0.4091766964866572,0.22456137746875315,-7.618194911656868e-10,-4.222708542597295e-10,-2.9003520401034322e-08,7.62872184359601e-10,4.227701631556948e-10,2.9033472200923826e-08
1182,1.0517411884763348,0.8183533929733144,0.22456137746875315,-6.252758393845257e-10,-4.108250752150163e-10,-2.2950085468004908e-08,6.261620611046988e-10,4.113205041478015e-10,2.297263823454932e-08
1183,0.8090316834433344,0.0,0.0,4.041705024686914e-09,2.515532333558558e-09,-3.750401488667475e-08,4.047153095622672e-09,2.518359353826282e-09,3.754438777400435e-08
1184,1.1326443568206683,1.2275300894599717,0.22456137746875315,-4.415761739789649e-10,-4.111665307534613e-10,-1.7313776970789202e-08,4.4225883805962317e-10,4.116628883681163e-10,1.7329364206105516e-08
1185,0.889934851787668,0.4091766964866572,0.0,3.71070805232882e-09,2.3440450378548537e-09,-3.0557558821109305e-08,3.715782606181695e-09,2.3467357484744072e-09,3.058965171322393e-08
1186,1.2135475251650016,1.6367067859466289,0.22456137746875315,-2.23393939624425e-10,-4.0465502131979435e-10,-1.2142104491422038e-08,2.238538526786003e-10,4.0514115717278317e-10,1.2151340430115044e-08
1187,0.9708380201320014,0.8183533929733144,0.0,2.8778339197903865e-09,2.2923132708105334e-09,-2.4134560957008224e-08,2.8820099004135858e-09,2.2949879587246225e-09,2.4158837274721183e-08
1188,1.2944506935093352,2.045883482433286,0.22456137746875315,2.068814525861495e-11,-3.836129321450429e-10,-7.597674485659382e-09,2.090093619554191e-11,3.8407268187925053e-10,7.601559633784693e-09
1189,1.0517411884763348,1.2275300894599717,0.0,1.8657483562581966e-09,2.3041117771154122e-09,-1.8062737375130557e-08,1.868877466460094e-09,2.3068060053766705e-09,1.8079563507225666e-08
1190,1.3753538618536687,2.4550601789199433,0.22456137746875315,2.8026061699119416e-10,-3.461369255587354e-10,-3.880333864422498e-09,2.8040865112126555e-10,3.4655757958133744e-10,3.8806890634152105e-09
1191,1.1326443568206683,1.6367067859466289,0.0,7.120550824107843e-10,2.300104992779027e-09,-1.2395239361600582e-08,7.141690127825921e-10,2.302768826851343e-09,1.2405156865763719e-08
1192,1.456257030198002,2.8642368754066005,0.22456137746875315,5.424393108145619e-10,-2.9572179113915354e-10,-1.1741363353335026e-09,5.428625301014711e-10,2.9609693295653786e-10,1.1775876266360213e-09
1193,1.2135475251650016,2.045883482433286,0.0,-5.44184373438636e-10,2.230518021305498e-09,-7.307252285160713e-09,5.441913841042043e-10,2.2330670843151653e-09,7.311209292466187e-09
1194,1.5371601985423355,3.2734135718932578,0.22456137746875315,7.955603149363082e-10,-2.3939971761005323e-10,4.234338906650332e-10,7.962658732043261e-10,2.3972922619214595e-10,4.603665606179228e-10
1195,1.3753538618536687,3.2734135718932578,0.0,-4.543006324237678e-09,1.850210356756382e-09,4.328131125185782e-09,4.546664294829364e-09,1.8522699673104102e-09,4.341421672987462e-09
1196,1.2944506935093352,2.4550601789199433,0.0,-1.849119285827404e-09,2.0779190119988507e-09,-3.0236979318805892e-09,1.8501812625560536e-09,2.0802705493604898e-09,3.0237942080015654e-09
1197,1.456257030198002,3.2734135718932578,0.07485379248958439,-2.6362388801569955e-09,9.53850726491858e-10,2.327408541141332e-09,2.6384676976057257e-09,9.54927812560149e-10,2.3418382886010555e-09
1198,1.6180633668866689,3.682590268379915,0.22456137746875315,1.029585272575767e-09,-1.8209446335515931e-10,8.86849134976318e-10,1.0305636767767707e-09,1.8238728191371317e-10,9.135263120029022e-10
1199,1.779869703575336,4.500943661353229,0.37426896244792196,6.763493304039272e-09,-4.381409327593161e-10,-1.3600957625477142e-09,6.770359377652748e-09,4.393399657003364e-10,1.3688763295839024e-09
1200,0.889934851787668,0.0,0.14970758497916878,8.770433895924045e-10,4.812356444059281e-10,-3.5645553929826725e-08,8.781481442040869e-10,4.817698660021118e-10,3.568343032521965e-08
1201,0.9708380201320014,0.4091766964866572,0.14970758497916878,7.919885564313424e-10,4.383013065534721e-10,-2.9008066470915933e-08,7.930137444496765e-10,4.387988869470221e-10,2.9038021054118618e-08
1202,1.0517411884763348,0.8183533929733144,0.14970758497916878,6.027735122611765e-10,4.1743904968904214e-10,-2.295197746201878e-08,6.036001220373928e-10,4.1792317709310503e-10,2.297452994675541e-08
1203,1.1326443568206683,1.2275300894599717,0.14970758497916878,3.835092442666443e-10,4.1093115533826804e-10,-1.731383980228367e-08,3.841068040662725e-10,4.114122228433834e-10,1.7329425088180814e-08
1204,1.2135475251650016,1.6367067859466289,0.14970758497916878,1.4244545021653736e-10,4.0533188720128747e-10,-1.2141251720637673e-08,1.4281455011231836e-10,4.0580289571832934e-10,1.2150485071252328e-08
1205,1.2944506935093352,2.045883482433286,0.14970758497916878,-1.1302299693212907e-10,3.906152108792263e-10,-7.596483541467098e-09,1.1303358804784669e-10,3.9106210146367737e-10,7.600366318797482e-09
1206,1.3753538618536687,2.4550601789199433,0.14970758497916878,-3.7292521751181076e-10,3.6324665950483073e-10,-3.879037067212927e-09,3.7317196874773293e-10,3.6365382310272065e-10,3.879391265661147e-09
1207,1.456257030198002,2.8642368754066005,0.14970758497916878,-6.275587853602275e-10,3.242028418362513e-10,-1.172964700933187e-09,6.280711640098136e-10,3.245580113992649e-10,1.1764238465211552e-09
1208,1.456257030198002,4.500943661353229,0.0,-7.581689153448687e-09,1.4621975624298592e-09,1.2305116437301927e-08,7.58825716730524e-09,1.4641459294542655e-09,1.2327920149403277e-08
1209,1.456257030198002,4.091766964866572,0.0,-6.921930031534668e-09,1.4948349664207619e-09,9.1017314844328e-09,6.927951616575188e-09,1.4966423199280056e-09,9.120691592640674e-09
1210,1.5371601985423355,4.500943661353229,0.07485379248958439,-4.4274596292148155e-09,7.177334849209293e-10,8.729868832045548e-09,4.4314392887097055e-09,7.1876819053264e-10,8.75047203421854e-09
1211,1.5371601985423355,4.091766964866572,0.07485379248958439,-4.05763794080123e-09,7.566632243824997e-10,6.058584219201999e-09,4.061303122240502e-09,7.576036963533194e-10,6.076092966182449e-09
1212,1.6180633668866689,4.500943661353229,0.14970758497916878,-1.4787929093395455e-09,1.9670902207761756e-10,5.24252711584095e-09,1.4801694267304657e-09,1.9698958840539318e-10,5.2618522523157354e-09
1213,1.6180633668866689,4.091766964866572,0.14970758497916878,-1.3425191246301545e-09,2.1645261214367336e-10,3.1057532449177173e-09,1.3437729327257971e-09,2.167024093035993e-10,3.123696629574429e-09
1214,1.6989665352310024,4.500943661353229,0.22456137746875315,1.3086567904126573e-09,-1.1547501368476486e-10,1.855063429234329e-09,1.309936141577574e-09,1.1579457548141554e-10,1.8794094308690173e-09
1215,1.3753538618536687,2.8642368754066005,0.0,-3.1451409902094622e-09,1.8528187312077992e-09,2.472999873103275e-10,3.1475263110301075e-09,1.854912330597768e-09,2.864103914381933e-10
1216,1.5371601985423355,3.2734135718932578,0.14970758497916878,-8.683078929513165e-10,2.7627094901187083e-10,4.2440922934053043e-10,8.690804560338405e-10,2.7656958191816194e-10,4.6127305869118705e-10
1217,1.6989665352310024,4.091766964866572,0.22456137746875315,1.2290679333742309e-09,-1.258477748350042e-10,2.544466703243361e-10,1.2302864455052852e-09,1.2612310505611684e-10,3.290472366724359e-10
1218,1.779869703575336,4.500943661353229,0.29941516995833756,3.97808651281668e-09,-2.3615780512566707e-10,-1.4203999232894872e-09,3.982117683622778e-09,2.369206288145794e-10,1.4286989888400236e-09
1219,0.9708380201320014,0.0,0.37426896244792196,-4.376317403325597e-09,-2.1431763366323557e-09,-3.343597244225174e-08,4.382068303599216e-09,2.145618846119152e-09,3.347108208259551e-08
1220,0.9708380201320014,0.0,0.29941516995833756,-2.5713290636190426e-09,-1.3053231723425057e-09,-3.352530259315541e-08,2.5747376375897657e-09,1.3068059256695325e-09,3.3560480183513445e-08
1221,1.0517411884763348,0.4091766964866572,0.37426896244792196,-4.100330705354135e-09,-1.9312578509528975e-09,-2.7123807899123346e-08,4.105696405720984e-09,1.9335354611336928e-09,2.715138454442034e-08
1222,1.0517411884763348,0.4091766964866572,0.29941516995833756,-2.4484664717752964e-09,-1.1573487571628946e-09,-2.7206141340594298e-08,2.451680719700555e-09,1.158716106298012e-09,2.7233777175805158e-08
1223,1.1326443568206683,0.8183533929733144,0.37426896244792196,-3.2748694138394746e-09,-1.8384167818961892e-09,-2.1441046533394856e-08,3.279279940108571e-09,1.8406476715506014e-09,2.1461670080386882e-08
1224,1.1326443568206683,0.8183533929733144,0.29941516995833756,-1.967269466494435e-09,-1.1011960234663427e-09,-2.1523093872577496e-08,1.969921793465722e-09,1.1025334618600246e-09,2.154376970054685e-08
1225,1.2135475251650016,1.2275300894599717,0.37426896244792196,-2.2690850074828224e-09,-1.8046614272176591e-09,-1.625077758006038e-08,2.2723777598705796e-09,1.8068754926314117e-09,1.6264963558770835e-08
1226,0.889934851787668,0.0,0.07485379248958439,2.538252499951561e-09,1.4271475497013583e-09,-3.561570864760729e-08,2.5415730691683085e-09,1.4287475205605995e-09,3.5653562452601774e-08
1227,1.2135475251650016,1.2275300894599717,0.29941516995833756,-1.3705471077449794e-09,-1.0813943794449877e-09,-1.632934837046757e-08,1.3725351614932827e-09,1.0827201173556172e-09,1.6343575798190586e-08
1228,1.2944506935093352,1.6367067859466289,0.37426896244792196,-1.1226853925296462e-09,-1.7543020952934975e-09,-1.1589619613611225e-08,1.124760966384178e-09,1.756453099589191e-09,1.1598057458474596e-08
1229,0.9708380201320014,0.4091766964866572,0.07485379248958439,2.3492265756795242e-09,1.2971030211928056e-09,-2.8973977348261925e-08,2.3523341985661126e-09,1.2985970593624069e-09,2.9003906283571622e-08
1230,1.2944506935093352,1.6367067859466289,0.29941516995833756,-6.879938865309222e-10,-1.05049512832601e-09,-1.166367010122045e-08,6.892565905994422e-10,1.0517817897911358e-09,1.1672138349603748e-08
1231,1.3753538618536687,2.045883482433286,0.37426896244792196,1.2709435026522733e-10,-1.6494528817971247e-09,-7.603899626396201e-09,1.2745966850145253e-10,1.6514685706301689e-09,7.607625691753257e-09
1232,1.0517411884763348,0.8183533929733144,0.07485379248958439,1.8317376300832269e-09,1.2464839373120063e-09,-2.291380528698396e-08,1.8342793491988816e-09,1.2479502206444243e-09,2.2936330862217022e-08
1233,1.3753538618536687,2.045883482433286,0.29941516995833756,5.7628277914289865e-11,-9.860455514742161e-10,-7.673560207064521e-09,5.80166050592957e-11,9.872505170393367e-10,7.67730830493879e-09
1234,1.456257030198002,2.4550601789199433,0.37426896244792196,1.4296560323079174e-09,-1.479412192057123e-09,-4.465827252677933e-09,1.4305839634390231e-09,1.481229697804274e-09,4.466456651347147e-09
1235,1.1326443568206683,1.2275300894599717,0.07485379248958439,1.2092939644309955e-09,1.2341734682316045e-09,-1.7274808532022287e-08,1.2111733692335226e-09,1.235635416250689e-09,1.729037006647095e-08
1236,1.456257030198002,2.4550601789199433,0.29941516995833756,8.369878038058684e-10,-8.820706742998918e-10,-4.5319962503417225e-09,8.375209424422045e-10,8.831574651940036e-10,4.532640591363045e-09
1237,1.5371601985423355,2.8642368754066005,0.37426896244792196,2.7269796423984467e-09,-1.2557003253019679e-09,-2.3314655912578096e-09,2.7293126807035373e-09,1.2572825414692529e-09,2.3318154123023625e-09
1238,1.2135475251650016,1.6367067859466289,0.07485379248958439,5.085774437090934e-10,1.2165804873741948e-09,-1.2103298641506371e-08,5.097719033195925e-10,1.218012519852966e-09,1.2112513195012822e-08
1239,1.5371601985423355,2.8642368754066005,0.29941516995833756,1.615054977268436e-09,-7.459177062148101e-10,-2.3957909753495384e-09,1.616428966990214e-09,7.468656313527073e-10,2.396111434663081e-09
1240,1.6180633668866689,3.2734135718932578,0.37426896244792196,3.969036571500562e-09,-1.0025303350155256e-09,-1.278132176619801e-09,3.972770372138587e-09,1.0038715258945405e-09,1.2824298463153025e-09
1241,1.2944506935093352,2.045883482433286,0.07485379248958439,-2.473565235391387e-10,1.1661732652295034e-09,-7.560495791653136e-09,2.4735657642917134e-10,1.1675305271055495e-09,7.564364662494272e-09
1242,1.6180633668866689,3.2734135718932578,0.29941516995833756,2.360895096043577e-09,-5.927592556810859e-10,-1.3422830539795417e-09,2.363110265847384e-09,5.935660681793183e-10,1.3462916222465354e-09
1243,1.6989665352310024,3.682590268379915,0.37426896244792196,5.123024038166109e-09,-7.394170727455831e-10,-1.3176521694894524e-09,5.12810515115099e-09,7.405492120601225e-10,1.323018157942249e-09
1244,1.3753538618536687,2.4550601789199433,0.07485379248958439,-1.027817508239108e-09,1.0739003635042313e-09,-3.845021098130375e-09,1.028460215154551e-09,1.0751383667798542e-09,3.845367663285158e-09
1245,1.6989665352310024,3.682590268379915,0.29941516995833756,3.053028006617257e-09,-4.3399909221070293e-10,-1.382798502534842e-09,3.0560521779032847e-09,4.346858905515274e-10,1.3878188335175178e-09
1246,1.779869703575336,4.091766964866572,0.37426896244792196,6.1551401275846895e-09,-4.701911068925934e-10,-2.416571184354661e-09,6.161467252106296e-09,4.711980862371733e-10,2.4180912399861435e-09
1247,1.456257030198002,3.682590268379915,0.0,-5.700310138812017e-09,1.5475396266613063e-09,5.802136441132492e-09,5.705232369181447e-09,1.549325125209475e-09,5.817758277592542e-09
1248,1.5371601985423355,3.682590268379915,0.07485379248958439,-3.3254603560037843e-09,7.83292694950882e-10,3.296618558289196e-09,3.3284554966574323e-09,7.842127261473252e-10,3.3123292150352567e-09
1249,1.456257030198002,2.8642368754066005,0.07485379248958439,-1.8002091349150931e-09,9.45159172109366e-10,-1.1405134632367012e-09,1.8016617142439996e-09,9.462462207552507e-10,1.1441191141387514e-09
1250,1.6180633668866689,3.682590268379915,0.14970758497916878,-1.0936491450036783e-09,2.243088480782405e-10,8.87852520760373e-10,1.0946743990147574e-09,2.245540646228817e-10,9.144978138644428e-10
1251,1.779869703575336,4.091766964866572,0.29941516995833756,3.6624964330504015e-09,-2.716843676559452e-10,-2.4833917800584e-09,3.666256601260937e-09,2.7230585622408473e-10,2.484829417860941e-09
1252,0.9708380201320014,0.0,0.22456137746875315,-8.22543487166142e-10,-4.345853042143933e-10,-3.3571293214142443e-08,8.23675229845735e-10,4.350826414750628e-10,3.360650541510179e-08
1253,1.0517411884763348,0.4091766964866572,0.22456137746875315,-8.080204265739667e-10,-3.790865701133039e-10,-2.7248347600701563e-08,8.091005582491054e-10,3.7954221816942224e-10,2.727601325046835e-08
1254,1.1326443568206683,0.8183533929733144,0.22456137746875315,-6.636881925609069e-10,-3.6321087982557477e-10,-2.1564408302010684e-08,6.645907543662726e-10,3.636593213639015e-10,2.1585109554069807e-08
1255,0.889934851787668,0.0,0.0,4.251658844087434e-09,2.340008819351549e-09,-3.55477552844478e-08,4.25725535057769e-09,2.3426481858216646e-09,3.558555690202658e-08
1256,1.2135475251650016,1.2275300894599717,0.22456137746875315,-4.756768490071901e-10,-3.589787476810377e-10,-1.63681571320861e-08,4.763663996797165e-10,3.5942420519043993e-10,1.6382404029588526e-08
1257,0.9708380201320014,0.4091766964866572,0.0,3.9156276422526244e-09,2.1525638609952576e-09,-2.8897438476086205e-08,3.920833009928418e-09,2.1550544641115917e-09,2.8927309787939096e-08
1258,1.2944506935093352,1.6367067859466289,0.22456137746875315,-2.557503341491582e-10,-3.486050967189599e-10,-1.1699862015532286e-08,2.56202810932111e-10,3.4903750136848553e-10,1.1708344125938283e-08
1259,1.0517411884763348,0.8183533929733144,0.0,3.063009099846448e-09,2.0760276224900838e-09,-2.2834196874449032e-08,3.0672730180904284e-09,2.0784822702425025e-09,2.285666754670202e-08
1260,1.3753538618536687,2.045883482433286,0.22456137746875315,-1.144390262457889e-11,-3.2531786448885943e-10,-7.707484982861681e-09,1.2032331347803735e-11,3.2572260807300194e-10,7.711242976094287e-09
1261,1.1326443568206683,1.2275300894599717,0.0,2.037104373345471e-09,2.0597210211590215e-09,-1.7195686052825944e-08,2.0402706980584154e-09,2.06217342433959e-09,1.7211201182553334e-08
1262,1.456257030198002,2.4550601789199433,0.22456137746875315,2.479860729151979e-10,-2.8755423021367464e-10,-4.564191710744055e-09,2.4813086519655934e-10,2.879203905541489e-10,4.564842967148433e-09
1263,1.2135475251650016,1.6367067859466289,0.0,8.755986447659223e-10,2.0310627311997636e-09,-1.2027402521327454e-08,8.776209167177905e-10,2.0334671396893437e-09,1.2036581597971468e-08
1264,1.5371601985423355,2.8642368754066005,0.22456137746875315,5.097078935742888e-10,-2.3848769285946553e-10,-2.4271648721097805e-09,5.101353138132164e-10,2.388106763071707e-10,2.4274719797495097e-09
1265,1.2944506935093352,2.045883482433286,0.0,-3.83486497882048e-10,1.945554239115932e-09,-7.488982349323984e-09,3.834881389957036e-10,1.9478333871047027e-09,7.492825563503946e-09
1266,1.6180633668866689,3.2734135718932578,0.22456137746875315,7.62390056222932e-10,-1.846464046072603e-10,-1.3736704951139817e-09,7.631044756312853e-10,1.8492723547130134e-10,1.3775476199585576e-09
1267,1.456257030198002,3.2734135718932578,0.0,-4.381942581145594e-09,1.5813177705720947e-09,2.3867187870598196e-09,4.385653961468386e-09,1.5831304345271861e-09,2.4008740353821675e-09
1268,1.3753538618536687,2.4550601789199433,0.0,-1.687597916632266e-09,1.7883240396972144e-09,-3.7777207057765615e-09,1.6886440014701445e-09,1.7904036717323682e-09,3.778052991260364e-09
1269,1.5371601985423355,3.2734135718932578,0.07485379248958439,-2.53572909437942e-09,7.926838615112373e-10,4.560583027619713e-10,2.5379862635996536e-09,7.936097339804193e-10,4.907273837543605e-10
1270,1.6989665352310024,3.682590268379915,0.22456137746875315,9.962288024420876e-10,-1.2979370869801478e-10,-1.4145834596370884e-09,9.972184754220368e-10,1.3004294267449238e-10,1.4194455818537232e-09
1271,1.8607728719196692,4.500943661353229,0.37426896244792196,6.572668847120337e-09,-1.8894083468855067e-10,-4.571711035881412e-09,6.579596561464027e-09,1.9013101803594712e-10,4.571717994756057e-09
1272,0.9708380201320014,0.0,0.14970758497916878,9.082298285128108e-10,4.464588666363124e-10,-3.357828242232929e-08,9.09355678918245e-10,4.46955041851481e-10,3.361349998510579e-08
1273,1.0517411884763348,0.4091766964866572,0.14970758497916878,8.287348415497065e-10,4.0070197550024335e-10,-2.7252597811514874e-08,8.297835659249489e-10,4.01158970958342e-10,2.7280265997025034e-08
1274,1.1326443568206683,0.8183533929733144,0.14970758497916878,6.386659481063848e-10,3.7556245164952015e-10,-2.1566151373647886e-08,6.39510459924674e-10,3.76002339060587e-10,2.1586852308954774e-08
1275,1.2135475251650016,1.2275300894599717,0.14970758497916878,4.1795345714239026e-10,3.6352918078070423e-10,-1.636821032958734e-08,4.185603251567341e-10,3.6396178901726106e-10,1.6382455448771575e-08
1276,1.2944506935093352,1.6367067859466289,0.14970758497916878,1.7561773353938572e-10,3.5283930590656943e-10,-1.1699079347971365e-08,1.7597567945321207e-10,3.532581341222745e-10,1.1707559189667313e-08
1277,1.3753538618536687,2.045883482433286,0.14970758497916878,-8.044603781992708e-11,3.345949365653037e-10,-7.706384016717522e-09,8.044932288352346e-11,3.3498724522507593e-10,7.710140004199157e-09
1278,1.456257030198002,2.4550601789199433,0.14970758497916878,-3.3991031838250973e-10,3.0604913071035587e-10,-4.5629600394810475e-09,3.4015352146830196e-10,3.0640086319140735e-10,4.563610289403105e-09
1279,1.5371601985423355,2.8642368754066005,0.14970758497916878,-5.935630804085051e-10,2.681636537161296e-10,-2.4260524121277047e-09,5.940785673661373e-10,2.684643374854761e-10,2.4263604004883224e-09
1280,1.5371601985423355,4.500943661353229,0.0,-7.428360047523798e-09,1.2175450258218648e-09,8.788411566033014e-09,7.4350618669724946e-09,1.2192774930989231e-09,8.808900331365985e-09
1281,1.5371601985423355,4.091766964866572,0.0,-6.76447723386948e-09,1.2521651539368926e-09,6.113925124729918e-09,6.770609019371367e-09,1.2537535427736137e-09,6.131304802384979e-09
1282,1.6180633668866689,4.500943661353229,0.07485379248958439,-4.324519526012619e-09,5.699180721853739e-10,5.274803292631478e-09,4.3285713904511256e-09,5.708209393981409e-10,5.2940346049385276e-09
1283,1.6180633668866689,4.091766964866572,0.07485379248958439,-3.95478405223172e-09,6.107939813296266e-10,3.136037688069593e-09,3.9585082181361935e-09,6.116006217187408e-10,3.153840495621856e-09
1284,1.6989665352310024,4.500943661353229,0.14970758497916878,-1.4371839819661611e-09,1.4822996969365765e-10,1.8583845210054726e-09,1.4385852372317789e-09,1.4846594525930412e-10,1.882685499965164e-09
1285,1.6989665352310024,4.091766964866572,0.14970758497916878,-1.3033879857664695e-09,1.6871220814441543e-10,2.5623843566969157e-10,1.3046603216578756e-09,1.689169369560996e-10,3.3042092697547276e-10
1286,1.779869703575336,4.500943661353229,0.22456137746875315,1.2789878661066463e-09,-6.385149851579972e-11,-1.4488692877684443e-09,1.2802777103944981e-09,6.416008822196382e-11,1.456951344562214e-09
1287,1.456257030198002,2.8642368754066005,0.0,-2.9806685426489337e-09,1.5692311042379504e-09,-1.07632866244331e-09,2.9830745567111e-09,1.5710595619852662e-09,1.0802475495076655e-09
1288,1.6180633668866689,3.2734135718932578,0.14970758497916878,-8.329222105558925e-10,2.229449038801317e-10,-1.3727576877061173e-09,8.337029990470421e-10,2.2319183985929827e-10,1.376638659348519e-09
1289,1.779869703575336,4.091766964866572,0.22456137746875315,1.1958476942369227e-09,-7.489257276851465e-11,-2.514493864414642e-09,1.1970776777916449e-09,7.51380052831648e-11,2.5158941693640183e-09
1290,1.8607728719196692,4.500943661353229,0.29941516995833756,3.867711179576351e-09,-8.542013078788178e-11,-4.635194787864251e-09,3.871776495844524e-09,8.628625697502973e-11,4.635199690091667e-09
1291,1.0517411884763348,0.0,0.37426896244792196,-4.616303159271315e-09,-1.944286385080739e-09,-3.1257172690521013e-08,4.622216013798897e-09,1.9465165324738483e-09,3.128954174322426e-08
1292,1.0517411884763348,0.0,0.29941516995833756,-2.7167253665315534e-09,-1.1851734390465895e-09,-3.134579831911315e-08,2.7202307340543153e-09,1.1865280495695865e-09,3.1378233341464805e-08
1293,1.1326443568206683,0.4091766964866572,0.37426896244792196,-4.317295100448013e-09,-1.721474912354779e-09,-2.5273848620630675e-08,4.322791847630985e-09,1.7235331222873953e-09,2.5299079903063547e-08
1294,1.1326443568206683,0.4091766964866572,0.29941516995833756,-2.5787969049918064e-09,-1.0304624507004674e-09,-2.5354973118203946e-08,2.5820890024299136e-09,1.0316978220830185e-09,2.538026146538106e-08
1295,1.2135475251650016,0.8183533929733144,0.37426896244792196,-3.4660079090023405e-09,-1.6082541718561437e-09,-1.9971868022848928e-08,3.470505306238929e-09,1.610249309983834e-09,1.9990599659656542e-08
1296,1.2135475251650016,0.8183533929733144,0.29941516995833756,-2.0811768893058698e-09,-9.62268924500482e-10,-2.0052419949407915e-08,2.0838801547237494e-09,9.634647350871025e-10,2.007120189586608e-08
1297,1.2944506935093352,1.2275300894599717,0.37426896244792196,-2.444408915810767e-09,-1.5504954899000641e-09,-1.5228123007749175e-08,2.4477462692658686e-09,1.5524540195506278e-09,1.5240943136606955e-08
1298,0.9708380201320014,0.0,0.07485379248958439,2.657932150758896e-09,1.3171792931465815e-09,-3.354784916666766e-08,2.661334587254451e-09,1.3186608459728608e-09,3.358304415909527e-08
1299,1.2944506935093352,1.2275300894599717,0.29941516995833756,-1.4745674094917886e-09,-9.2837067223248e-10,-1.5305406673923286e-08,1.476581254360441e-09,9.295431512841303e-10,1.5318267071642587e-08
1300,1.3753538618536687,1.6367067859466289,0.37426896244792196,-1.2902259721419615e-09,-1.4788404257819274e-09,-1.1073221941352458e-08,1.2922866964231251e-09,1.4807199876661926e-09,1.1080890081637806e-08
1301,1.0517411884763348,0.4091766964866572,0.07485379248958439,2.4698201955733753e-09,1.178794353792469e-09,-2.721829346269714e-08,2.4730032973421672e-09,1.1801634681707206e-09,2.7245936387031966e-08
1302,1.3753538618536687,1.6367067859466289,0.29941516995833756,-7.873774697283966e-10,-8.849788878661985e-10,-1.1146587108577186e-08,7.886311147609882e-10,8.861031254191216e-10,1.1154285651823805e-08
1303,1.456257030198002,2.045883482433286,0.37426896244792196,-3.864042892220605e-11,-1.3606454997468102e-09,-7.639593766989156e-09,4.098083416144986e-11,1.362380930217768e-09,7.643175055385022e-09
1304,1.1326443568206683,0.8183533929733144,0.07485379248958439,1.9425548905977163e-09,1.1150188598937493e-09,-2.1528202808309944e-08,1.9451492283531667e-09,1.1163494216390537e-09,2.1548877536444677e-08
1305,1.456257030198002,2.045883482433286,0.29941516995833756,-4.089209068974325e-11,-8.129132276461012e-10,-7.709478532393503e-09,4.188608579181493e-11,8.139507020022415e-10,7.713082778509832e-09
1306,1.5371601985423355,2.4550601789199433,0.37426896244792196,1.262337711276276e-09,-1.1879012098883581e-09,-5.074583714075029e-09,1.2632498087783458e-09,1.1894380308510837e-09,5.075528081818812e-09
1307,1.2135475251650016,1.2275300894599717,0.07485379248958439,1.31277372622108e-09,1.0869724848801205e-09,-1.632956387013104e-08,1.3146788741271428e-09,1.0882863231768218e-09,1.6343785916605423e-08
1308,1.5371601985423355,2.4550601789199433,0.29941516995833756,7.373469565824512e-10,-7.075756172435073e-10,-5.141972051274631e-09,7.378705673218959e-10,7.08494899537872e-10,5.142933401273576e-09
1309,1.6180633668866689,2.8642368754066005,0.37426896244792196,2.555442083509264e-09,-9.709030523719023e-10,-3.506297107484692e-09,2.5577928478515747e-09,9.722136225634086e-10,3.5063099933198805e-09
1310,1.2944506935093352,1.6367067859466289,0.07485379248958439,6.077037148812136e-10,1.0552862616745821e-09,-1.1661377568780695e-08,6.088708517417681e-10,1.0565598543015353e-09,1.1669838969834011e-08
1311,1.6180633668866689,2.8642368754066005,0.29941516995833756,1.5128675825570894e-09,-5.754713372535286e-10,-3.572799106602858e-09,1.514252226582044e-09,5.762574700719701e-10,3.5728155876684393e-09
1312,1.6989665352310024,3.2734135718932578,0.37426896244792196,3.791766027710287e-09,-7.307847833023687e-10,-2.9932478513569517e-09,3.795538345887391e-09,7.318715686125686e-10,2.9933889429697058e-09
1313,1.3753538618536687,2.045883482433286,0.07485379248958439,-1.4971196840763824e-10,9.955680224603048e-10,-7.670282141611432e-09,1.4972856378462143e-10,9.967606953069958e-10,7.674024206568712e-09
1314,1.6989665352310024,3.2734135718932578,0.29941516995833756,2.255458991512705e-09,-4.2998350109405547e-10,-3.0604037926695675e-09,2.257697107302786e-09,4.3063917047151233e-10,3.0605299056193828e-09
1315,1.779869703575336,3.682590268379915,0.37426896244792196,4.938603582498204e-09,-4.820289672247402e-10,-3.533044021833593e-09,4.943734957788427e-09,4.829336054700468e-10,3.5330942356902266e-09
1316,1.456257030198002,2.4550601789199433,0.07485379248958439,-9.292490226264998e-10,9.006572959332046e-10,-4.528337011006713e-09,9.298817508444008e-10,9.017294217843888e-10,4.5289783329791625e-09
1317,1.779869703575336,3.682590268379915,0.29941516995833756,2.9438346010405493e-09,-2.7948747116065836e-10,-3.601645932289633e-09,2.9468883700007663e-09,2.800406440268549e-10,3.6016885309570613e-09
1318,1.8607728719196692,4.091766964866572,0.37426896244792196,5.961120747627313e-09,-2.2226868565533783e-10,-5.094596414324097e-09,5.967501525058485e-09,2.231423880521666e-10,5.094733187497245e-09
1319,1.5371601985423355,3.682590268379915,0.0,-5.536557121133961e-09,1.2943547877506213e-09,3.355592984012417e-09,5.541557795486235e-09,1.2959076754175008e-09,3.3710884604775474e-09
1320,1.6180633668866689,3.682590268379915,0.07485379248958439,-3.221586525760828e-09,6.313446903917923e-10,9.196785910697225e-10,3.224623200212902e-09,6.321227177641522e-10,9.455251135900214e-10
1321,1.5371601985423355,2.8642368754066005,0.07485379248958439,-1.699264458374287e-09,7.755909645003869e-10,-2.392518586905596e-09,1.7007276329203014e-09,7.765160898630265e-10,2.39284177256103e-09
1322,1.6989665352310024,3.682590268379915,0.14970758497916878,-1.0560709123848421e-09,1.7428620340106895e-10,-1.4135703588213887e-09,1.0571085529247202e-09,1.744832351256982e-10,1.4184351981465211e-09
1323,1.8607728719196692,4.091766964866572,0.29941516995833756,3.5486628132311403e-09,-1.2246869441381633e-10,-5.164765916395688e-09,3.552453957225657e-09,1.2302822745684315e-10,5.1649114194999294e-09
1324,1.0517411884763348,0.0,0.22456137746875315,-8.784825334175702e-10,-3.9312404819871395e-10,-3.139135876807751e-08,8.796509332911813e-10,3.935776101653665e-10,3.142382731946281e-08
1325,1.1326443568206683,0.4091766964866572,0.22456137746875315,-8.543245322724161e-10,-3.353454475623774e-10,-2.5396494541160522e-08,8.554315698542495e-10,3.3575650888503276e-10,2.5421811555325216e-08
1326,1.2135475251650016,0.8183533929733144,0.22456137746875315,-7.022870173155404e-10,-3.1537587463893533e-10,-2.0092969347366885e-08,7.032059572033669e-10,3.157765574299459e-10,2.0111775737350442e-08
1327,0.9708380201320014,0.0,0.0,4.4648167945444156e-09,2.1546297277253826e-09,-3.3479190820832444e-08,4.47056092698882e-09,2.1570703889049417e-09,3.3514334170421916e-08
1328,1.2944506935093352,1.2275300894599717,0.22456137746875315,-5.10044418284774e-10,-3.06616095913581e-10,-1.5343619582862432e-08,5.10741741059441e-10,3.0701004343178726e-10,1.5356498951057545e-08
1329,1.0517411884763348,0.4091766964866572,0.0,4.1228483343832225e-09,1.953741912601522e-09,-2.7141737562853233e-08,4.128183468973146e-09,1.956023244424407e-09,2.716932400643499e-08
1330,1.3753538618536687,1.6367067859466289,0.22456137746875315,-2.884054640982728e-10,-2.9234451873487106e-10,-1.118253117644984e-08,2.8885486197850583e-10,2.9272271616977137e-10,1.1190243717280363e-08
1331,1.1326443568206683,0.8183533929733144,0.0,3.2507215645524853e-09,1.8547234594646676e-09,-2.144929507613328e-08,3.2550741319643674e-09,1.856950583646647e-09,2.146991640523651e-08
1332,1.456257030198002,2.045883482433286,0.22456137746875315,-4.393728611576483e-11,-2.6699756937944537e-10,-7.743623954926125e-09,4.4165063644071486e-11,2.673466554543146e-10,7.7472387023943e-09
1333,1.2135475251650016,1.2275300894599717,0.0,2.21125114918436e-09,1.8121752462847499e-09,-1.625128110178504e-08,2.214460324311772e-09,1.8143793079622887e-09,1.6265457960634902e-08
1334,1.5371601985423355,2.4550601789199433,0.22456137746875315,2.1514133484216093e-10,-2.2916524707693312e-10,-5.17487686226606e-09,2.1528280819115177e-10,2.29476103768288e-10,5.175846173471231e-09
1335,1.2944506935093352,1.6367067859466289,0.0,1.0420717466149609e-09,1.7602441636955864e-09,-1.1585969548943634e-08,1.0440498417641976e-09,1.76238305308735e-09,1.15943958499671e-08
1336,1.6180633668866689,2.8642368754066005,0.22456137746875315,4.761297927475477e-10,-1.8153935255774422e-10,-3.6053599015635066e-09,4.765609887615177e-10,1.8180963576619273e-10,3.60537825101809e-09
1337,1.3753538618536687,2.045883482433286,0.0,-2.1964389425770343e-10,1.659534794970142e-09,-7.598529164848834e-09,2.1970336513365773e-10,1.6615383830796973e-09,7.60224511727016e-09
1338,1.6989665352310024,3.2734135718932578,0.22456137746875315,7.280129961983637e-10,-1.3015298278502422e-10,-3.0933629677007493e-09,7.287351445254339e-10,1.3038584617909414e-10,3.0934821379929827e-09
1339,1.5371601985423355,3.2734135718932578,0.0,-4.2140317255878635e-09,1.3113468850352113e-09,5.187613309702057e-10,4.2177917555616935e-09,1.31290773923098e-09,5.497994399067308e-10
1340,1.456257030198002,2.4550601789199433,0.0,-1.522630492361814e-09,1.4981806900906773e-09,-4.459865502439529e-09,1.5236601913152574e-09,1.4999830237024108e-09,4.460489869225421e-09
1341,1.6180633668866689,3.2734135718932578,0.07485379248958439,-2.4315853495034394e-09,6.310985576398793e-10,-1.3396208157410932e-09,2.433867962886168e-09,6.318708922297719e-10,1.3436413039828444e-09
1342,1.779869703575336,3.682590268379915,0.22456137746875315,9.613053088010632e-10,-7.773457263412429e-11,-3.6351307798788294e-09,9.623043938811765e-10,7.794661843660058e-11,3.6351698703978855e-09
1343,1.9416760402640028,4.500943661353229,0.37426896244792196,6.371756160322251e-09,5.8153775915316554e-11,-7.689522397005854e-09,6.378729911639179e-09,5.900935806682624e-11,7.690748311258226e-09
1344,1.0517411884763348,0.0,0.14970758497916878,9.398706531278933e-10,4.0924721240212737e-10,-3.139801647664817e-08,9.410175048459127e-10,4.097028231777751e-10,3.143048999701258e-08
1345,1.1326443568206683,0.4091766964866572,0.14970758497916878,8.655603220435435e-10,3.612174079975245e-10,-2.5400456881095132e-08,8.666321310048228e-10,3.616316956018394e-10,2.5425776159398707e-08
1346,1.2135475251650016,0.8183533929733144,0.14970758497916878,6.747030555895963e-10,3.3233019152661114e-10,-2.0094587912589e-08,6.755652485006995e-10,3.3272410964141604e-10,2.0113393934391127e-08
1347,1.2944506935093352,1.2275300894599717,0.14970758497916878,4.5264352118799986e-10,3.153597055302076e-10,-1.5343705719372198e-08,4.5326037741509107e-10,3.157422941984444e-10,1.535658345672567e-08
1348,1.3753538618536687,1.6367067859466289,0.14970758497916878,2.0917730939088633e-10,3.0005243817299183e-10,-1.1181883867635548e-08,2.0953145390216376e-10,3.004175969600356e-10,1.1189594420849045e-08
1349,1.456257030198002,2.045883482433286,0.14970758497916878,-4.7338344870867706e-11,2.783970711427166e-10,-7.742706201704392e-09,4.7338462341241754e-11,2.7873360911757156e-10,7.746319260388186e-09
1350,1.5371601985423355,2.4550601789199433,0.14970758497916878,-3.0629815035587036e-10,2.486646977473905e-10,-5.173824679778642e-09,3.0653809934398536e-10,2.4896010227932985e-10,5.174793084325694e-09
1351,1.6180633668866689,2.8642368754066005,0.14970758497916878,-5.588454087820629e-10,2.1192625719404953e-10,-3.6044280807178855e-09,5.593638280143226e-10,2.1217174657572762e-10,3.6044463224932486e-09
1352,1.6180633668866689,4.500943661353229,0.0,-7.2607630489203666e-09,9.712276880648625e-10,5.338390300129036e-09,7.2675838328925085e-09,9.727420287791673e-10,5.357444713845726e-09
1353,1.6180633668866689,4.091766964866572,0.0,-6.594852755925405e-09,1.0077929010518443e-09,3.195939428863648e-09,6.601082392770319e-09,1.0091588462912087e-09,3.213476863004524e-09
1354,1.6989665352310024,4.500943661353229,0.07485379248958439,-4.213308482764543e-09,4.213523770739075e-10,1.893108376058345e-09,4.217423159895741e-09,4.2212608485970743e-10,1.9170362583553587e-09
1355,1.6989665352310024,4.091766964866572,0.07485379248958439,-3.844982419338966e-09,4.642086278338107e-10,2.8868606515788113e-10,3.848757801890373e-09,4.6488069087633135e-10,3.5642407746980777e-10
1356,1.779869703575336,4.500943661353229,0.14970758497916878,-1.3926755785074094e-09,9.947132180543294e-11,-1.4452366806654848e-09,1.3940977606564108e-09,9.966465781910385e-11,1.4533400302274817e-09
1357,1.779869703575336,4.091766964866572,0.14970758497916878,-1.2620080048643612e-09,1.207488955375583e-10,-2.512540680788475e-09,1.2632960134384126e-09,1.2090834817818156e-10,2.513941794966889e-09
1358,1.8607728719196692,4.500943661353229,0.22456137746875315,1.2476226743071247e-09,-1.2712547487532127e-11,-4.66504710549834e-09,1.248920895733399e-09,1.3315058063871015e-11,4.665051134167446e-09
1359,1.5371601985423355,2.8642368754066005,0.0,-2.8119897384384344e-09,1.2853023518881572e-09,-2.3262300496338925e-09,2.814414220710512e-09,1.28686069421387e-09,2.3265847080302916e-09
1360,1.6989665352310024,3.2734135718932578,0.14970758497916878,-7.96575494768544e-10,1.6941409050765024e-10,-3.092611988520884e-09,7.973635756320391e-10,1.696087726086821e-10,3.092731280943513e-09
1361,1.8607728719196692,4.091766964866572,0.22456137746875315,1.1608802773542041e-09,-2.4326776814611534e-11,-5.1973560770021914e-09,1.1621192517855701e-09,2.4620972707489633e-11,5.197505812604297e-09
1362,1.9416760402640028,4.500943661353229,0.29941516995833756,3.751761216888856e-09,6.385596214189399e-11,-7.755799369790304e-09,3.755851920358683e-09,6.40819770986229e-11,7.757040376687786e-09
1363,1.1326443568206683,0.0,0.37426896244792196,-4.8543715759967755e-09,-1.738516187415121e-09,-2.89678178182426e-08,4.860440844419278e-09,1.7405256766752147e-09,2.8997365601097876e-08
1364,1.1326443568206683,0.0,0.29941516995833756,-2.861179066127773e-09,-1.0609637397086175e-09,-2.9055041256630576e-08,2.8647780330669887e-09,1.0621853128030376e-09,2.9084652412480773e-08
1365,1.2135475251650016,0.4091766964866572,0.37426896244792196,-4.53234862775725e-09,-1.5069787491135117e-09,-2.3328941193382278e-08,4.537971832891034e-09,1.508810877152864e-09,2.3351767815882766e-08
1366,1.2135475251650016,0.4091766964866572,0.29941516995833756,-2.7081119198656906e-09,-9.010224507378837e-10,-2.3408274766189378e-08,2.711479171336992e-09,9.021220510614442e-10,2.3431155831385757e-08
1367,1.2944506935093352,0.8183533929733144,0.37426896244792196,-3.656085021752839e-09,-1.375309067036537e-09,-1.84182356354042e-08,3.6606674531934717e-09,1.377062884447089e-09,1.843503422036353e-08
1368,1.2944506935093352,0.8183533929733144,0.29941516995833756,-2.1945646897464463e-09,-8.219318333923136e-10,-1.8496782491166735e-08,2.197317837997256e-09,8.229828619135281e-10,1.8513629037165212e-08
1369,1.3753538618536687,1.2275300894599717,0.37426896244792196,-2.619529973369083e-09,-1.2947011722325594e-09,-1.4127189523957403e-08,2.622914336520733e-09,1.2963996253220126e-09,1.4138618057864453e-08
1370,1.0517411884763348,0.0,0.07485379248958439,2.7784877399656077e-09,1.2013352418022394e-09,-3.1367330110882335e-08,2.7819708369251266e-09,1.202691953937393e-09,3.139978133178894e-08
1371,1.3753538618536687,1.2275300894599717,0.29941516995833756,-1.578573129979829e-09,-7.74507818665413e-10,-1.4202754973598358e-08,1.580614187411051e-09,7.755245357684017e-10,1.4214222317928593e-08
1372,1.456257030198002,1.6367067859466289,0.37426896244792196,-1.4582161086072686e-09,-1.202511714903064e-09,-1.0482031423722808e-08,1.4602792072063417e-09,1.2041161231203441e-09,1.0488913960404708e-08
1373,1.1326443568206683,0.4091766964866572,0.07485379248958439,2.5906081732279283e-09,1.0561725034552813e-09,-2.536626229181046e-08,2.5938652319746136e-09,1.057411464951976e-09,2.539155692942524e-08
1374,1.456257030198002,1.6367067859466289,0.29941516995833756,-8.871105790476988e-10,-7.189738002300393e-10,-1.0554372938955903e-08,8.883651091919267e-10,7.199336425431893e-10,1.056128562275949e-08
1375,1.5371601985423355,2.045883482433286,0.37426896244792196,-2.055787832789366e-10,-1.0716220601199316e-09,-7.601363365023741e-09,2.0634139018644214e-10,1.0730740999940385e-09,7.604782378009985e-09
1376,1.2135475251650016,0.8183533929733144,0.07485379248958439,2.053808622782786e-09,9.80615886454487e-10,-2.0057163943235976e-08,2.0564551645676737e-09,9.818064281947922e-10,2.007594464169014e-08
1377,1.5371601985423355,2.045883482433286,0.29941516995833756,-1.4015438324224587e-10,-6.396814657705864e-10,-7.671227934341145e-09,1.4062387040448426e-10,6.405497427704844e-10,7.674670600938916e-09
1378,1.6180633668866689,2.4550601789199433,0.37426896244792196,1.0927462318629046e-09,-8.966444612080645e-10,-5.609350426564786e-09,1.0936446644734606e-09,8.97898273521826e-10,5.610617351361676e-09
1379,1.2944506935093352,1.2275300894599717,0.07485379248958439,1.4169906478081206e-09,9.380511439777257e-10,-1.5305719210951893e-08,1.418923801756916e-09,9.392130806395514e-10,1.5318574673970735e-08
1380,1.6180633668866689,2.4550601789199433,0.29941516995833756,6.363273962568127e-10,-5.332891528815436e-10,-5.677795641812021e-09,6.368427185366539e-10,5.340396544070253e-10,5.679081296325963e-09
1381,1.6989665352310024,2.8642368754066005,0.37426896244792196,2.380478312835599e-09,-6.867507749888414e-10,-4.605442981786988e-09,2.3828456933716774e-09,6.8778933647325e-10,4.605807273218358e-09
1382,1.3753538618536687,1.6367067859466289,0.07485379248958439,7.078728241509839e-10,8.931870146986868e-10,-1.1144696270199395e-08,7.090303669580256e-10,8.942986380296284e-10,1.115238881439075e-08
1383,1.6989665352310024,2.8642368754066005,0.29941516995833756,1.4085526208160932e-09,-4.0548872377484896e-10,-4.673973030271158e-09,1.409947317470379e-09,4.061131081728795e-10,4.674350603627791e-09
1384,1.779869703575336,3.2734135718932578,0.37426896244792196,3.6094561640468557e-09,-4.599602143180137e-10,-4.629337987340493e-09,3.6132616809684023e-09,4.607989196214844e-10,4.629560137028781e-09
1385,1.456257030198002,2.045883482433286,0.07485379248958439,-5.0686527312338275e-11,8.245761376462604e-10,-7.706757077370449e-09,5.0900853466801266e-11,8.256011220955178e-10,7.710356239695733e-09
1386,1.779869703575336,3.2734135718932578,0.29941516995833756,2.146937217663211e-09,-2.67857120107416e-10,-4.699266717340403e-09,2.1491951855158645e-09,2.683665039397374e-10,4.6994999287186506e-09
1387,1.8607728719196692,3.682590268379915,0.37426896244792196,4.747253548808733e-09,-2.258360849285012e-10,-5.66469889537278e-09,4.752425528101947e-09,2.265603108475314e-10,5.665262376886923e-09
1388,1.5371601985423355,2.4550601789199433,0.07485379248958439,-8.289693976102328e-10,7.272307783336505e-10,-5.138863935851078e-09,8.295926256842243e-10,7.281343236453156e-10,5.139822559085228e-09
1389,1.8607728719196692,3.682590268379915,0.29941516995833756,2.8305234060534687e-09,-1.2580581654672877e-10,-5.7364005239109265e-09,2.8336010675909227e-09,1.2626232275154587e-10,5.736978526206848e-09
1390,1.9416760402640028,4.091766964866572,0.37426896244792196,5.758436704511977e-09,2.3798929225787992e-11,-7.682448687790968e-09,5.764857006487623e-09,2.5317244987950575e-11,7.684089303908149e-09
1391,1.6180633668866689,3.682590268379915,0.0,-5.363916635343244e-09,1.0398813255903476e-09,9.826875558420593e-10,5.3689871409689215e-09,1.0411978105288011e-09,1.007104234925015e-09
1392,1.6989665352310024,3.682590268379915,0.07485379248958439,-3.1128512380009578e-09,4.789404403374531e-10,-1.3799242975765776e-09,3.1159240888106474e-09,4.795750255861156e-10,1.3849526324466274e-09
1393,1.6180633668866689,2.8642368754066005,0.07485379248958439,-1.5960947227508445e-09,6.059184774574724e-10,-3.5700780298221105e-09,1.5975675935871623e-09,6.066794095235715e-10,3.570094203107303e-09
1394,1.779869703575336,3.682590268379915,0.14970758497916878,-1.0171153175027363e-09,1.2407876498599522e-10,-3.6341567243625428e-09,1.018163474324815e-09,1.2422721246607097e-10,3.6341957927933403e-09
1395,1.9416760402640028,4.091766964866572,0.29941516995833756,3.429836683523985e-09,2.5509792976461275e-11,-7.755532127281189e-09,3.433650517454388e-09,2.6002381284895607e-11,7.757191318986812e-09
1396,1.1326443568206683,0.0,0.22456137746875315,-9.33994954724432e-10,-3.506914610426156e-10,-2.9099821570016412e-08,9.351987482671049e-10,3.5109993532131575e-10,2.9129464852556424e-08
1397,1.2135475251650016,0.4091766964866572,0.22456137746875315,-9.003095124820299e-10,-2.912033383801651e-10,-2.3448822264723352e-08,9.01442510233109e-10,2.915688793629343e-10,2.3471730598407042e-08
1398,1.2944506935093352,0.8183533929733144,0.22456137746875315,-7.407728318785277e-10,-2.674765583169751e-10,-1.853631950545029e-08,7.41707841723375e-10,2.678286937348918e-10,1.8553189326293587e-08
1399,1.0517411884763348,0.0,0.0,4.67883982886644e-09,1.96022539707402e-09,-3.129863919093193e-08,4.6847288856243585e-09,1.9624571807525806e-09,3.133103985537019e-08
1400,1.3753538618536687,1.2275300894599717,0.22456137746875315,-5.444971990050472e-10,-2.5418454526701015e-10,-1.4240180072269662e-08,5.452027682471101e-10,2.5452646870216095e-10,1.4251665740040859e-08
1401,1.1326443568206683,0.4091766964866572,0.0,4.330162887272784e-09,1.7481997050748434e-09,-2.529034728417652e-08,4.335625085442967e-09,1.7502633319142656e-09,2.5315587092772168e-08
1402,1.456257030198002,1.6367067859466289,0.22456137746875315,-3.212303431467805e-10,-2.359588854122523e-10,-1.0589935352428342e-08,3.216796283858162e-10,2.3628261424737354e-10,1.0596862027628227e-08
1403,1.2135475251650016,0.8183533929733144,0.0,3.4390307474927325e-09,1.628887907549555e-09,-1.99795345779396e-08,3.443471359635781e-09,1.6308805484512489e-09,1.9998263769433482e-08
1404,1.5371601985423355,2.045883482433286,0.22456137746875315,-7.668491598525228e-11,-2.0865207586938586e-10,-7.705506323018275e-09,7.686508415255389e-11,2.0894526384580582e-10,7.708959970689156e-09
1405,1.2944506935093352,1.2275300894599717,0.0,2.3865513559138494e-09,1.5619303461216211e-09,-1.52287844528595e-08,2.389807313402244e-09,1.5638799646045238e-09,1.5241596216752752e-08
1406,1.6180633668866689,2.4550601789199433,0.22456137746875315,1.817780526640432e-10,-1.7087711793546292e-10,-5.711352329564189e-09,1.8191653267285667e-10,1.7113258200072713e-10,5.7126468771721746e-09
1407,1.3753538618536687,1.6367067859466289,0.0,1.2101487606658387e-09,1.488088334049962e-09,-1.1070232542375122e-08,1.2121116529361386e-09,1.4899560620434973e-09,1.1077890565205428e-08
1408,1.6989665352310024,2.8642368754066005,0.22456137746875315,4.4171917602219304e-10,-1.248452368446653e-10,-4.707650623135892e-09,4.421539518871285e-10,1.250636016961036e-10,4.708034684711763e-09
1409,1.456257030198002,2.045883482433286,0.0,-5.367690303564242e-11,1.372890057151598e-09,-7.635174610127524e-09,5.445663465963304e-11,1.3746130293245393e-09,7.638747361757616e-09
1410,1.779869703575336,3.2734135718932578,0.22456137746875315,6.924602346573821e-10,-7.604769433242799e-11,-4.733667519201423e-09,6.931890983367465e-10,7.62374867920888e-11,4.733906257082383e-09
1411,1.6180633668866689,3.2734135718932578,0.0,-4.040336743911346e-09,1.0408515512664564e-09,-1.2739376593927272e-09,4.044139987410494e-09,1.0421566182373529e-09,1.27825654518356e-09
1412,1.5371601985423355,2.4550601789199433,0.0,-1.3549732447498397e-09,1.2078495904970617e-09,-5.0695696081643e-09,1.355987081457119e-09,1.2093700713365812e-09,5.070509408488458e-09
1413,1.6989665352310024,3.2734135718932578,0.07485379248958439,-2.3243360791975064e-09,4.6937202521119e-10,-3.0582249316478266e-09,2.326641037509305e-09,4.699893341753018e-10,3.0583514276405912e-09
1414,1.8607728719196692,3.682590268379915,0.22456137746875315,9.249267838912027e-10,-2.6157813249725553e-11,-5.771396807820434e-09,9.259334348575739e-10,2.6382206807056514e-11,5.771982108708173e-09
1415,2.0225792086083363,4.500943661353229,0.37426896244792196,6.162087388882118e-09,3.0231406522255845e-10,-1.0708211562528128e-08,6.169090982675519e-09,3.0231647811949926e-10,1.0711890228376697e-08
1416,1.1326443568206683,0.0,0.14970758497916878,9.715922774403305e-10,3.698281790813129e-10,-2.9106135755647975e-08,9.727597813894805e-10,3.702409026195629e-10,2.9135783570622523e-08
1417,1.2135475251650016,0.4091766964866572,0.14970758497916878,9.020759491645174e-10,3.1998494642929357e-10,-2.3452504455012685e-08,9.031701313147166e-10,3.203546299271475e-10,2.3475414759206665e-08
1418,1.2944506935093352,0.8183533929733144,0.14970758497916878,7.104920307743715e-10,2.8782228238609297e-10,-1.8537834010061154e-08,7.113714865968132e-10,2.8816870782287727e-10,1.855470339996646e-08
1419,1.3753538618536687,1.2275300894599717,0.14970758497916878,4.871851495745493e-10,2.66489673795794e-10,-1.424034093661498e-08,4.878124497337478e-10,2.6682084666068425e-10,1.42518251002884e-08
1420,1.456257030198002,1.6367067859466289,0.14970758497916878,2.427791698196266e-10,2.470290412964412e-10,-1.0589491605124745e-08,2.4313394501796886e-10,2.473391907089725e-10,1.0596416537800025e-08
1421,1.5371601985423355,2.045883482433286,0.14970758497916878,-1.398676502255967e-11,2.2216199702158455e-10,-7.704864687449577e-09,1.401862928183987e-11,2.2244164382974757e-10,7.70831692073941e-09
1422,1.6180633668866689,2.4550601789199433,0.14970758497916878,-2.7235134012568e-10,1.913020235036456e-10,-5.710589913814531e-09,2.7258855583462577e-10,1.915402132629231e-10,5.711883699388474e-09
1423,1.6989665352310024,2.8642368754066005,0.14970758497916878,-5.236609076985003e-10,1.5564853790438616e-10,-4.706993168203455e-09,5.241820916785206e-10,1.5583819877927585e-10,4.707376975168995e-09
1424,1.6989665352310024,4.500943661353229,0.0,-7.0793767708046415e-09,7.238202530588192e-10,1.96149614334518e-09,7.086300806205832e-09,7.251197291258341e-10,1.984735292104404e-09
1425,1.6989665352310024,4.091766964866572,0.0,-6.4135971068448015e-09,7.623575243758606e-10,3.5285082395539794e-10,6.419911495343454e-09,7.635001816636003e-10,4.1057897635746266e-10
1426,1.779869703575336,4.500943661353229,0.07485379248958439,-4.094256143010512e-09,2.725483670451281e-10,-1.4082556957593026e-09,4.098423767088791e-09,2.732053399120261e-10,1.416632306617589e-09
1427,1.779869703575336,4.091766964866572,0.07485379248958439,-3.7286891796339e-09,3.1735250463933756e-10,-2.4781137094834286e-09,3.732507598534203e-09,3.1789222067498164e-10,2.4795531321274617e-09
1428,1.8607728719196692,4.500943661353229,0.14970758497916878,-1.3454618883166645e-09,5.066715280662715e-11,-4.6611101911352385e-09,1.3469010306609012e-09,5.082701965656209e-11,4.661114267871637e-09
1429,1.8607728719196692,4.091766964866572,0.14970758497916878,-1.2185707454000502e-09,7.267924074539071e-11,-5.195230134866892e-09,1.2198714452196373e-09,7.279405604109953e-11,5.195379890359678e-09
1430,1.9416760402640028,4.500943661353229,0.22456137746875315,1.2147671302532407e-09,3.774976536845537e-11,-7.786844410506051e-09,1.216071505249631e-09,3.778501382520716e-11,7.788092918960139e-09
1431,1.6180633668866689,2.8642368754066005,0.0,-2.6397668827355128e-09,1.0014024739252008e-09,-3.5019886364150546e-09,2.64220792137075e-09,1.002686835783184e-09,3.50200106303984e-09
1432,1.779869703575336,3.2734135718932578,0.14970758497916878,-7.594988483455606e-10,1.1575030782606461e-10,-4.733115452219692e-09,7.602932053362472e-10,1.1589238805069629e-10,4.733354173432488e-09
1433,1.9416760402640028,4.091766964866572,0.22456137746875315,1.1243724803478303e-09,2.561388611319587e-11,-7.789403020800661e-09,1.1256178760763533e-09,2.5658843237666955e-11,7.791071087052343e-09
1434,2.0225792086083363,4.500943661353229,0.29941516995833756,3.6309390933945873e-09,2.1116131695827626e-10,-1.0776895818890232e-08,3.635046159607349e-09,2.1116616176448583e-10,1.078059361167968e-08
1435,1.2135475251650016,0.0,0.37426896244792196,-5.0884093640987216e-09,-1.5266171055305e-09,-2.6570086860212558e-08,5.094627626780747e-09,1.5283984130333364e-09,2.6596737051389127e-08
1436,1.2135475251650016,0.0,0.29941516995833756,-3.0033677231681596e-09,-9.33152918860788e-10,-2.6655258639947125e-08,3.0070559341101037e-09,9.342369920609072e-10,2.668196904942488e-08
1437,1.2944506935093352,0.4091766964866572,0.37426896244792196,-4.743627908485603e-09,-1.2884434595591664e-09,-2.1290582246339013e-08,4.7493713356966014e-09,1.2900434359097892e-09,2.1310948274591824e-08
1438,1.2944506935093352,0.4091766964866572,0.29941516995833756,-2.8352538214061154e-09,-7.694456230021423e-10,-2.1367576990463713e-08,2.8386925570842794e-09,7.704059611484393e-10,2.138799439392148e-08
1439,1.3753538618536687,0.8183533929733144,0.37426896244792196,-3.843573252434859e-09,-1.1401330790632295e-09,-1.6781221176246732e-08,3.8482374569937264e-09,1.1416406720995942e-09,1.6796048112864158e-08
1440,1.3753538618536687,0.8183533929733144,0.29941516995833756,-2.306505760352734e-09,-6.805229305741427e-10,-1.685727724654119e-08,2.3093069027327347e-09,6.814263727127783e-10,1.6872149457428984e-08
1441,1.456257030198002,1.2275300894599717,0.37426896244792196,-2.7931859453189563e-09,-1.037767939852471e-09,-1.2948546197076335e-08,2.79661816534824e-09,1.0392027125006666e-09,1.2958559153597613e-08
1442,1.1326443568206683,0.0,0.07485379248958439,2.898657619567528e-09,1.0801806159323641e-09,-2.9075510942362248e-08,2.902219145626195e-09,1.0814065737651395e-09,2.9105136954251822e-08
1443,1.456257030198002,1.2275300894599717,0.29941516995833756,-1.6818422425427107e-09,-6.201256401398794e-10,-1.302197862118714e-08,1.6839109997610395e-09,6.209846025901886e-10,1.3032028674009523e-08
1444,1.5371601985423355,1.6367067859466289,0.37426896244792196,-1.6256496127053953e-09,-9.258613280557167e-10,-9.816273703066274e-09,1.6277265081198864e-09,9.271882293039988e-10,9.822354893914036e-09
1445,1.2135475251650016,0.4091766964866572,0.07485379248958439,2.7103977291007497e-09,9.296551106192875e-10,-2.3418725830055248e-08,2.713726288491765e-09,9.307591543568488e-10,2.3441612326530878e-08
1446,1.5371601985423355,1.6367067859466289,0.29941516995833756,-9.866318845045634e-10,-5.528639103742674e-10,-9.887247464813666e-09,9.878939445249794e-10,5.536581420587767e-10,9.89335831066195e-09
1447,1.6180633668866689,2.045883482433286,0.37426896244792196,-3.729380523939314e-10,-7.828821919498724e-10,-7.488730094915956e-09,3.7357688336338686e-10,7.840499568844488e-10,7.491968142632814e-09
1448,1.2944506935093352,0.8183533929733144,0.07485379248958439,2.1644220877801957e-09,8.435815315663203e-10,-1.8501216663687498e-08,2.1671196624289575e-09,8.446281635812439e-10,1.8518061786558736e-08
1449,1.6180633668866689,2.045883482433286,0.29941516995833756,-2.397002233540507e-10,-4.666676034334708e-10,-7.558270296500489e-09,2.4010399567495884e-10,4.673663385092989e-10,7.561532500954045e-09
1450,1.6989665352310024,2.4550601789199433,0.37426896244792196,9.214057561070353e-10,-6.059333373743328e-10,-6.068628324398446e-09,9.222958963625277e-10,6.069060716220325e-10,6.0702172257887e-09
1451,1.3753538618536687,1.2275300894599717,0.07485379248958439,1.5209809707889318e-09,7.876446532961711e-10,-1.4203279209551307e-08,1.5229435145164227e-09,7.886513137958546e-10,1.4214742012168484e-08
1452,1.6989665352310024,2.4550601789199433,0.29941516995833756,5.342937714811353e-10,-3.593703799702825e-10,-6.137864728924921e-09,5.348039187605235e-10,3.5995353325713165e-10,6.139473934900827e-09
1453,1.779869703575336,2.8642368754066005,0.37426896244792196,2.2024613351065327e-09,-4.03489817446325e-10,-5.626987137199182e-09,2.2048455173549256e-09,4.042659938006203e-10,5.62796231796928e-09
1454,1.456257030198002,1.6367067859466289,0.07485379248958439,8.082805747968508e-10,7.304798650698256e-10,-1.0553077079130055e-08,8.094398203463379e-10,7.314264738111662e-10,1.055998451126922e-08
1455,1.779869703575336,2.8642368754066005,0.29941516995833756,1.3024463776694457e-09,-2.3612376033843227e-10,-5.697275436190363e-09,1.3038511858712863e-09,2.3659314832259846e-10,5.698268498485366e-09
1456,1.8607728719196692,3.2734135718932578,0.37426896244792196,3.4226273827841197e-09,-1.9050378618649742e-10,-6.183884265583872e-09,3.4264613002057754e-09,1.9114654437864772e-10,6.1850134777032074e-09
1457,1.5371601985423355,2.045883482433286,0.07485379248958439,4.9079253329960506e-11,6.534691633807033e-10,-7.669328990428241e-09,4.9595029271276236e-11,6.543238702084799e-10,7.672767400374712e-09
1458,1.8607728719196692,3.2734135718932578,0.29941516995833756,2.0357488859823514e-09,-1.0668647591877082e-10,-6.256235128932328e-09,2.03802380517379e-09,1.0708869026430758e-10,6.257382540081057e-09
1459,1.9416760402640028,3.682590268379915,0.37426896244792196,4.5498788305583915e-09,2.8481771958333455e-11,-7.709457741843942e-09,4.55508169619519e-09,2.9243608099139544e-11,7.71148832774769e-09
1460,1.6180633668866689,2.4550601789199433,0.07485379248958439,-7.274781509548372e-10,5.539267062540616e-10,-5.675550402679839e-09,7.280932894800137e-10,5.546596064839613e-10,5.676833762473484e-09
1461,1.9416760402640028,3.682590268379915,0.29941516995833756,2.7136631913752004e-09,2.658786284841759e-11,-7.783837301481356e-09,2.716758963755675e-09,2.6864896568557056e-11,7.78588821711924e-09
1462,2.0225792086083363,4.091766964866572,0.37426896244792196,5.548358449744291e-09,2.672718425038964e-10,-1.0176402181807394e-08,5.554803716209082e-09,2.67283057502705e-10,1.0180207747282121e-08
1463,1.6989665352310024,3.682590268379915,0.0,-5.183141063784062e-09,7.847536022896721e-10,-1.313221015378499e-09,5.188272143616784e-09,7.858315749365011e-10,1.3186007358393328e-09
1464,1.779869703575336,3.682590268379915,0.07485379248958439,-2.999738336635097e-09,3.2641568661193845e-10,-3.598874186844842e-09,3.002841724443244e-09,3.269072605076043e-10,3.5989167086309514e-09
1465,1.6989665352310024,2.8642368754066005,0.07485379248958439,-1.4911250441977216e-09,4.364094854535082e-10,-4.672056820931825e-09,1.4926070435760448e-09,4.370049469016481e-10,4.672433628439565e-09
1466,1.8607728719196692,3.682590268379915,0.14970758497916878,-9.769754039556336e-10,7.372945563403211e-11,-5.770444451923124e-09,9.780321191200408e-10,7.382938550900606e-11,5.771029915098286e-09
1467,2.0225792086083363,4.091766964866572,0.29941516995833756,3.306707191430588e-09,1.7177721897907505e-10,-1.0251985498054208e-08,3.310535233180565e-09,1.7178503575350182e-10,1.0255813699713039e-08
1468,1.2135475251650016,0.0,0.22456137746875315,-9.885753864722274e-10,-3.0739968836190586e-10,-2.6698924644565215e-08,9.898128477427753e-10,3.0776189023905434e-10,2.6725665498127857e-08
1469,1.2944506935093352,0.4091766964866572,0.22456137746875315,-9.45558959051049e-10,-2.467762280865758e-10,-2.1406869705969184e-08,9.467166223461653e-10,2.4709537450008634e-10,2.1427312763734805e-08
1470,1.3753538618536687,0.8183533929733144,0.22456137746875315,-7.788540201063552e-10,-2.1961661693044948e-10,-1.6895557697334818e-08,7.79804486451244e-10,2.1991950368160689e-10,1.6910451854289732e-08
1471,1.1326443568206683,0.0,0.0,4.891597241180242e-09,1.7576592323240092e-09,-2.9007411940649148e-08,4.897626718838117e-09,1.7596728076476515e-09,2.9036988979270573e-08
1472,1.456257030198002,1.2275300894599717,0.22456137746875315,-5.788601911253064e-10,-2.0183145003277888e-10,-1.3058422297464102e-08,5.795741259003405e-10,2.021209676479346e-10,1.3068489899356603e-08
1473,1.2135475251650016,0.4091766964866572,0.0,4.535600037875425e-09,1.5366020814435292e-09,-2.3344056672910024e-08,4.541184947838322e-09,1.5384403223789035e-09,2.3366890470707708e-08
1474,1.5371601985423355,1.6367067859466289,0.22456137746875315,-3.541190679225084e-10,-1.79673302866738e-10,-9.922276514482477e-09,3.545702327249034e-10,1.7994252638478692e-10,9.928401224757122e-09
1475,1.2944506935093352,0.8183533929733144,0.0,3.6261924095335413e-09,1.3990381349430218e-09,-1.842539227638372e-08,3.6307190971016813e-09,1.4007899803981561e-09,1.8442188164662984e-08
1476,1.6180633668866689,2.045883482433286,0.22456137746875315,-1.0960754991374354e-10,-1.5042691866379283e-10,-7.592549576123914e-09,1.097745370903428e-10,1.5066455982420574e-10,7.59582314046363e-09
1477,1.3753538618536687,1.2275300894599717,0.0,2.5614732515485037e-09,1.309387839782133e-09,-1.4128166336594594e-08,2.564778335775846e-09,1.3110776148158218e-09,1.4139587198877437e-08
1478,1.6989665352310024,2.4550601789199433,0.22456137746875315,1.4796177814019254e-10,-1.1270610257824158e-10,-6.171959022201969e-09,1.4809834807717638e-10,1.129075462221167e-10,6.173577985151434e-09
1479,1.456257030198002,1.6367067859466289,0.0,1.37860189846013e-09,1.214925606302369e-09,-1.0479983123125437e-08,1.3805680779549027e-09,1.2165173976075441e-09,1.0486856827366735e-08
1480,1.779869703575336,2.8642368754066005,0.22456137746875315,4.065609348162648e-10,-6.842810854654776e-11,-5.731939614087267e-09,4.069993678170592e-10,6.860003316080946e-11,5.732941450192356e-09
1481,1.5371601985423355,2.045883482433286,0.0,1.1354817865863131e-10,1.086000386133214e-09,-7.598288278593933e-09,1.1432550415906625e-10,1.087438719672741e-09,7.601700150082267e-09
1482,1.8607728719196692,3.2734135718932578,0.22456137746875315,6.558705148116174e-10,-2.2452847527030485e-11,-6.291893307918111e-09,6.566051586656002e-10,2.2646550314583924e-11,6.293049787097956e-09
1483,1.6989665352310024,3.2734135718932578,0.0,-3.861448021834299e-09,7.703263144768942e-10,-2.989830349740951e-09,3.865288955949282e-09,7.713732728415584e-10,2.9899721327962575e-09
1484,1.6180633668866689,2.4550601789199433,0.0,-1.1851183667543324e-09,9.176771355149674e-10,-5.605737964663031e-09,1.186118697093385e-09,9.189126230387952e-10,5.607001038937229e-09
1485,1.779869703575336,3.2734135718932578,0.07485379248958439,-2.2143897410779474e-09,3.0776891684970524e-10,-4.697651411496326e-09,2.2167139802061763e-09,3.082316842189115e-10,4.69788456668543e-09
1486,1.9416760402640028,3.682590268379915,0.22456137746875315,8.872935539099024e-10,2.47335298685853e-11,-7.820131195126333e-09,8.883058918766333e-10,2.475886052598148e-11,7.822192314945134e-09
1487,2.1034823769526696,4.500943661353229,0.37426896244792196,5.94495196916606e-09,5.429145690952619e-10,-1.3623753814879061e-08,5.951968879408463e-09,5.430556622630525e-10,1.3630283638634461e-08
1488,1.2135475251650016,0.0,0.14970758497916878,1.003072595641036e-09,3.284622211220865e-10,-2.6704874777426853e-08,1.0042601334889405e-09,3.2882989414149534e-10,2.673161969790752e-08
1489,1.2944506935093352,0.4091766964866572,0.14970758497916878,9.379490152601114e-10,2.7720362472284244e-10,-2.1410269331971635e-08,9.39064585617422e-10,2.7752697777589074e-10,2.143071405693441e-08
1490,1.3753538618536687,0.8183533929733144,0.14970758497916878,7.456854175585732e-10,2.4217239692928667e-10,-1.6896976703317083e-08,7.465815048589383e-10,2.424699845728744e-10,1.691187036770366e-08
1491,1.456257030198002,1.2275300894599717,0.14970758497916878,5.212114885680475e-10,2.1694223126617334e-10,-1.3058685844812106e-08,5.218494685973679e-10,2.1722086261209214e-10,1.3068752062255983e-08
1492,1.5371601985423355,1.6367067859466289,0.14970758497916878,2.7607679433593525e-10,1.9370051164672326e-10,-9.922078051501674e-09,2.7643502334043e-10,1.9395468329923497e-10,9.928201249442073e-09
1493,1.6180633668866689,2.045883482433286,0.14970758497916878,1.930231079177281e-11,1.6590950629735986e-10,-7.592232143462176e-09,1.9384681308941948e-11,1.661314430264954e-10,7.595504548372778e-09
1494,1.6989665352310024,2.4550601789199433,0.14970758497916878,-2.383264885243379e-10,1.3408602349093457e-10,-6.1715455722809185e-09,2.3856184268764157e-10,1.342663328805885e-10,6.17316394088202e-09
1495,1.779869703575336,2.8642368754066005,0.14970758497916878,-4.882119874118544e-10,9.944747798471306e-11,-5.731595663071203e-09,4.887358516957779e-10,9.958096617987392e-11,5.732597315130226e-09
1496,1.779869703575336,4.500943661353229,0.0,-6.88459891069446e-09,4.761478479735355e-10,-1.3352753869434445e-09,6.891610033484538e-09,4.772499866044914e-10,1.3442411200418369e-09
1497,1.779869703575336,4.091766964866572,0.0,-6.221260131301893e-09,5.166205947601155e-10,-2.4099349206685234e-09,6.227645719251913e-09,5.175452239066913e-10,2.4114552361297007e-09
1498,1.8607728719196692,4.500943661353229,0.07485379248958439,-3.9678353536516475e-09,1.2412880414291243e-10,-4.6220062354404155e-09,3.972045736304059e-09,1.2473490686916005e-10,4.622011348917882e-09
1499,1.8607728719196692,4.091766964866572,0.07485379248958439,-3.606398511177084e-09,1.706822062464096e-10,-5.158947760552123e-09,3.610251507929999e-09,1.7110377521261646e-10,5.159093410003073e-09
1500,1.9416760402640028,4.500943661353229,0.14970758497916878,-1.295724918468117e-09,2.019409532703366e-12,-7.782562230059348e-09,1.2971769847377645e-09,2.733915430052442e-12,7.78381039703421e-09
1501,1.9416760402640028,4.091766964866572,0.14970758497916878,-1.1732529550328102e-09,2.4599336482320022e-11,-7.787060179007784e-09,1.1745633153632265e-09,2.467703152855511e-11,7.78872834461545e-09
1502,2.0225792086083363,4.500943661353229,0.22456137746875315,1.18065927952376e-09,8.735039377153676e-11,-1.0808938293543875e-08,1.1819674786899731e-09,8.735311621789286e-11,1.0812645509002184e-08
1503,1.6989665352310024,2.8642368754066005,0.0,-2.46430190096201e-09,7.178494969646855e-10,-4.602404834773844e-09,2.466758498988778e-09,7.188581439918984e-10,4.6027678469357735e-09
1504,1.8607728719196692,3.2734135718932578,0.14970758497916878,-7.218563326732694e-10,6.202851641252946e-11,-6.291527733191927e-09,7.226559600290821e-10,6.211827003959918e-11,6.292684308859349e-09
1505,2.0225792086083363,4.091766964866572,0.22456137746875315,1.0865594964541572e-09,7.47365406345454e-11,-1.0286937396523098e-08,1.0878086621475607e-09,7.474032593122395e-11,1.0290776332144701e-08
1506,2.1034823769526696,4.500943661353229,0.29941516995833756,3.5059385135876806e-09,3.561134966085297e-10,-1.3694505816185611e-08,3.5100527954277686e-09,3.56207947864856e-10,1.3701057862391307e-08
1507,1.2944506935093352,0.0,0.37426896244792196,-5.316420159284824e-09,-1.3093590939160999e-09,-2.406696510814679e-08,5.322778341991761e-09,1.310905477211299e-09,2.409064665250389e-08
1508,1.2944506935093352,0.0,0.29941516995833756,-3.142026867392121e-09,-8.022001139923809e-10,-2.414945378531623e-08,3.145798970107701e-09,8.031426723447197e-10,2.4173191921502617e-08
1509,1.3753538618536687,0.4091766964866572,0.37426896244792196,-4.949361779771917e-09,-1.0665205284259283e-09,-1.916087470503751e-08,4.95521774694467e-09,1.0678830378428752e-09,1.9178728608774446e-08
1510,1.3753538618536687,0.4091766964866572,0.29941516995833756,-2.9591119023863953e-09,-6.361045709962789e-10,-1.9234993821469643e-08,2.9626176096435825e-09,6.369225830328833e-10,1.9252895662275563e-08
1511,1.456257030198002,0.8183533929733144,0.37426896244792196,-4.027011058853339e-09,-9.031950325948817e-10,-1.5062354791820947e-08,4.03175251833715e-09,9.044525993551569e-10,1.50751751410642e-08
1512,1.456257030198002,0.8183533929733144,0.29941516995833756,-2.4161008197318838e-09,-5.382972759562311e-10,-1.5135442659102364e-08,2.4189473448283504e-09,5.390509856038578e-10,1.5148305314694573e-08
1513,1.5371601985423355,1.2275300894599717,0.37426896244792196,-2.9641358690150935e-09,-7.80163028328645e-10,-1.1693278901612144e-08,2.9676154767299986e-09,7.813322837236245e-10,1.1701855054780077e-08
1514,1.2135475251650016,0.0,0.07485379248958439,3.0172998722603243e-09,9.543355907577765e-10,-2.6674596485456068e-08,3.0209366189365455e-09,9.554253329895903e-10,2.6701320311806623e-08
1515,1.5371601985423355,1.2275300894599717,0.29941516995833756,-1.7836452034363135e-09,-4.6552435829022765e-10,-1.1764166728145294e-08,1.7857413801741426e-09,4.662245974194774e-10,1.1772778044138244e-08
1516,1.6180633668866689,1.6367067859466289,0.37426896244792196,-1.7915004359230786e-09,-6.494984524476587e-10,-9.076583440313213e-09,1.7935986929315042e-09,6.505485645574287e-10,9.081848533802897e-09
1517,1.2944506935093352,0.4091766964866572,0.07485379248958439,2.8281206693897535e-09,7.99738352283584e-10,-2.137718570383113e-08,2.8315173643240664e-09,8.007031314094462e-10,2.139760765407616e-08
1518,1.6180633668866689,1.6367067859466289,0.29941516995833756,-1.0853550380296846e-09,-3.8708197523162327e-10,-9.145814447124652e-09,1.0866290637552901e-09,3.8771118387041674e-10,9.151108499522365e-09
1519,1.6989665352310024,2.045883482433286,0.37426896244792196,-5.397810824653814e-10,-4.950669177933736e-10,-7.301564147272999e-09,5.404054034401088e-10,4.959558042779126e-10,7.304601750428163e-09
1520,1.3753538618536687,0.8183533929733144,0.07485379248958439,2.2734231294761973e-09,7.04274666024498e-10,-1.6861422289217484e-08,2.2761698111369446e-09,7.051739522122707e-10,1.6876292910584008e-08
1521,1.6989665352310024,2.045883482433286,0.29941516995833756,-3.3900825089874524e-10,-2.942891194925361e-10,-7.370382028107066e-09,3.3940319953468146e-10,2.9482184172999603e-10,7.373444143716974e-09
1522,1.779869703575336,2.4550601789199433,0.37426896244792196,7.49216675497456e-10,-3.163081230967948e-10,-6.451070067059466e-09,7.501094705516683e-10,3.1701838343046847e-10,6.452975632489218e-09
1523,1.456257030198002,1.2275300894599717,0.07485379248958439,1.6238468060714721e-09,6.359429315801349e-10,-1.3022790197946593e-08,1.6258393082781945e-09,6.367916000425953e-10,1.3032836086375411e-08
1524,1.779869703575336,2.4550601789199433,0.29941516995833756,4.317560686053467e-10,-1.8614087273744698e-10,-6.520690329669925e-09,4.3226756999654e-10,1.8656888630416835e-10,6.52261767842035e-09
1525,1.8607728719196692,2.8642368754066005,0.37426896244792196,2.022269322636389e-09,-1.215876594461969e-10,-6.568879892811393e-09,2.0246717663027777e-09,1.2220412920765527e-10,6.570590352724031e-09
1526,1.5371601985423355,1.6367067859466289,0.07485379248958439,9.081482690979236e-10,5.672522068122481e-10,-9.886662130906738e-09,9.093166141589104e-10,5.680316658584729e-10,9.89276843268844e-09
1527,1.8607728719196692,2.8642368754066005,0.29941516995833756,1.1950841145998816e-09,-6.76575698960557e-11,-6.640516052559241e-09,1.1964998264369239e-09,6.804601228033253e-11,6.642247500324101e-09
1528,1.9416760402640028,3.2734135718932578,0.37426896244792196,3.2322929945787583e-09,7.709215337110134e-11,-7.654435128937345e-09,3.2361507750289725e-09,7.717239403383157e-11,7.6567748441709e-09
1529,1.6180633668866689,2.045883482433286,0.07485379248958439,1.4893269139509644e-10,4.824298037018288e-10,-7.557324051879658e-09,1.4924290041460434e-10,4.83112725255509e-10,7.560582774150894e-09
1530,1.9416760402640028,3.2734135718932578,0.29941516995833756,1.9225069909857386e-09,5.322237017774349e-11,-7.728775593375894e-09,1.924796090275644e-09,5.326030295447476e-11,7.731137413535112e-09
1531,2.0225792086083363,3.682590268379915,0.37426896244792196,4.3476620642505e-09,2.8034314527543676e-10,-9.664744485390535e-09,4.352885945667173e-09,2.8038473376855985e-10,9.668574552937975e-09
1532,1.6989665352310024,2.4550601789199433,0.07485379248958439,-6.252904947135948e-10,3.8100168179019107e-10,-6.136640920705269e-09,6.259004512989315e-10,3.815633720065086e-10,6.138248339594829e-09
1533,2.0225792086083363,3.682590268379915,0.29941516995833756,2.5939250910895915e-09,1.773246569688851e-10,-9.741389749336549e-09,2.5970331283460174e-09,1.773504286073252e-10,9.745243930518424e-09
1534,2.1034823769526696,4.091766964866572,0.37426896244792196,5.3320851283339776e-09,5.075549113742517e-10,-1.2573637639053327e-08,5.338540658070477e-09,5.077341092053311e-10,1.2579863140686384e-08
1535,1.779869703575336,3.682590268379915,0.0,-4.994826822467794e-09,5.296030082221753e-10,-3.528728738201399e-09,5.00000896528002e-09,5.304442913386848e-10,3.528778803788376e-09
1536,1.8607728719196692,3.682590268379915,0.07485379248958439,-2.882711003511274e-09,1.740926549791031e-10,-5.733656004517312e-09,2.885839168568734e-09,1.7444887549795374e-10,5.734234508240746e-09
1537,1.779869703575336,2.8642368754066005,0.07485379248958439,-1.384770874554488e-09,2.6730902610050826e-10,-5.6962593684510834e-09,1.3862619491550868e-09,2.677405424161135e-10,5.697251875543086e-09
1538,1.9416760402640028,3.682590268379915,0.14970758497916878,-9.358106973527184e-10,2.330117737822046e-11,-7.819160310081754e-09,9.368740057504615e-10,2.335602677191643e-11,7.821221730202732e-09
1539,2.1034823769526696,4.091766964866572,0.29941516995833756,3.1799408756180904e-09,3.1596162195877454e-10,-1.2651369283628169e-08,3.183774605184476e-09,3.160702269270907e-10,1.2657621034243019e-08
1540,1.2944506935093352,0.0,0.22456137746875315,-1.0417219475622332e-09,-2.6334494790263405e-10,-2.4191677184866892e-08,1.0429909832847021e-09,2.636598460225646e-10,2.4215443851012554e-08
1541,1.3753538618536687,0.4091766964866572,0.22456137746875315,-9.896533651522633e-10,-2.021257772005832e-10,-1.9272753049995257e-08,9.908341214783927e-10,2.0239781742851876e-10,1.9290678756606093e-08
1542,1.456257030198002,0.8183533929733144,0.22456137746875315,-8.162228939302496e-10,-1.7182632266926007e-10,-1.517222284160075e-08,8.171879664797602e-10,1.720795370250682e-10,1.5185105986242138e-08
1543,1.2135475251650016,0.0,0.0,5.101162430394059e-09,1.5478588723463377e-09,-2.6607661945954762e-08,5.107326108921455e-09,1.5496456902207019e-09,2.6634338841954737e-08
1544,1.5371601985423355,1.2275300894599717,0.22456137746875315,-6.129202972677188e-10,-1.4969045441483355e-10,-1.1799427733023999e-08,6.136424624024239e-10,1.4992755361328698e-10,1.180805572232477e-08
1545,1.2944506935093352,0.4091766964866572,0.0,4.737402612855909e-09,1.3196981534854795e-09,-2.130431968232298e-08,4.7431042777752625e-09,1.3213040611658594e-09,2.1324691506753347e-08
1546,1.6180633668866689,1.6367067859466289,0.22456137746875315,-3.869297178337635e-10,-1.237526026152592e-10,-9.180126572632482e-09,3.873841040046554e-10,1.2396798323644758e-10,9.185434268249518e-09
1547,1.3753538618536687,0.8183533929733144,0.0,3.810648778418419e-09,1.1657346458500881e-09,-1.6787887452729507e-08,3.815258207504362e-09,1.1672401664146414e-09,1.680271147067883e-08
1548,1.6989665352310024,2.045883482433286,0.22456137746875315,-1.4259285334714615e-10,-9.254872612507314e-11,-7.404471252478818e-09,1.4275747985300476e-10,9.27330129639582e-11,7.407545033520693e-09
1549,1.456257030198002,1.2275300894599717,0.0,2.734607758238252e-09,1.0548999401049776e-09,-1.2949938979156116e-08,2.7379628401971e-09,1.0563255658567449e-09,1.2959944949090937e-08
1550,1.779869703575336,2.4550601789199433,0.22456137746875315,1.1382083605560848e-10,-5.479300040427507e-11,-6.555140121233169e-09,1.1395815476499188e-10,5.4948293384562644e-11,6.557078051836412e-09
1551,1.5371601985423355,1.6367067859466289,0.0,1.5462691158968714e-09,9.410016287519962e-10,-9.815326782787242e-09,1.5482506226606763e-09,9.423142207558992e-10,9.821400376552364e-09
1552,1.8607728719196692,2.8642368754066005,0.22456137746875315,3.708310312200534e-10,-1.2398036700770984e-11,-6.6759815549748474e-09,3.712735007195148e-10,1.2612373541826288e-11,6.6777233755481505e-09
1553,1.6180633668866689,2.045883482433286,0.0,2.811331350399317e-10,7.992124849840085e-10,-7.48717209005102e-09,2.8167520071142705e-10,8.003641273085738e-10,7.490404321171146e-09
1554,1.9416760402640028,3.2734135718932578,0.22456137746875315,6.18472238201124e-10,3.0521233497132714e-11,-7.765484042708575e-09,6.192117610921673e-10,3.052591824365114e-11,7.767856916836483e-09
1555,1.779869703575336,3.2734135718932578,0.0,-3.6777419170160026e-09,5.00197751556234e-10,-4.6267588840259784e-09,3.6816153851054353e-09,5.009884674418824e-10,4.626980928026518e-09
1556,1.6989665352310024,2.4550601789199433,0.0,-1.0136760033882074e-09,6.280266619376019e-10,-6.06663161347264e-09,1.0146680738471164e-09,6.289770392163438e-10,6.06821752629606e-09
1557,1.8607728719196692,3.2734135718932578,0.07485379248958439,-2.1021684096421556e-09,1.4655271287275474e-10,-6.255128864422857e-09,2.1045090224177687e-09,1.4687049388491536e-10,6.256276559289503e-09
1558,2.0225792086083363,3.682590268379915,0.22456137746875315,8.486513512036279e-10,7.480336438501431e-11,-9.778776721021886e-09,8.496674522331574e-10,7.481279769787134e-11,9.782642978184095e-09
1559,2.184385545297003,4.500943661353229,0.37426896244792196,5.7214070135659435e-09,7.794490135067443e-10,-1.6432814163426232e-08,5.728420887695554e-09,7.798019431754593e-10,1.6442367692117563e-08
1560,1.2944506935093352,0.0,0.14970758497916878,1.034039420490476e-09,2.8544037415599067e-10,-2.4197228581437103e-08,1.0352460935194673e-09,2.8576096139280443e-10,2.4220998840012326e-08
1561,1.3753538618536687,0.4091766964866572,0.14970758497916878,9.729016575645685e-10,2.331313499916561e-10,-1.927585290808044e-08,9.740373471883625e-10,2.334067603656015e-10,1.9293779985390118e-08
1562,1.456257030198002,0.8183533929733144,0.14970758497916878,7.799957703416567e-10,1.9557504644381025e-10,-1.5173540119420634e-08,7.809076180641156e-10,1.9582259461988353e-10,1.518642272527229e-08
1563,1.5371601985423355,1.2275300894599717,0.14970758497916878,5.544220298072813e-10,1.6674949472226586e-10,-1.1799800415648508e-08,5.550706737066036e-10,1.6697480768980063e-10,1.1808427151313978e-08
1564,1.6180633668866689,1.6367067859466289,0.14970758497916878,3.087706861123218e-10,1.3996808406773675e-10,-9.180173842178938e-09,3.0913417625955224e-10,1.4016588673496552e-10,9.185480267074597e-09
1565,1.6989665352310024,2.045883482433286,0.14970758497916878,5.224180584825962e-11,1.0959365696057752e-10,-7.404466240420484e-09,5.230753821345331e-11,1.0975775074728512e-10,7.407539123210924e-09
1566,1.779869703575336,2.4550601789199433,0.14970758497916878,-2.0446321648829974e-10,7.70445708551192e-11,-6.555072739175954e-09,2.046981527132494e-10,7.716721550786418e-11,6.5570102663158294e-09
1567,1.8607728719196692,2.8642368754066005,0.14970758497916878,-4.526737797172704e-10,4.337984770614459e-11,-6.675941310058016e-09,4.5320038959685e-10,4.3458434558326304e-11,6.6776830932813175e-09
1568,1.8607728719196692,4.500943661353229,0.0,-6.6771630715253926e-09,2.2918975401960926e-10,-4.544716911575675e-09,6.684244682869551e-09,2.3018340387468767e-10,4.544724522301291e-09
1569,1.8607728719196692,4.091766964866572,0.0,-6.018668671671213e-09,2.7137638852460214e-10,-5.0870320523948415e-09,6.025111482798751e-09,2.721139800749437e-10,5.087169398975527e-09
1570,1.9416760402640028,4.500943661353229,0.07485379248958439,-3.834668320500326e-09,-2.3326421536322997e-11,-7.741464817942397e-09,3.838910985009423e-09,2.3990736728231498e-11,7.742704382791949e-09
1571,1.9416760402640028,4.091766964866572,0.07485379248958439,-3.4787077890825282e-09,2.4617426464407545e-11,-7.749041754233546e-09,3.4825866895135934e-09,2.521747455356146e-11,7.750701449682767e-09
1572,2.0225792086083363,4.500943661353229,0.14970758497916878,-1.2436746523602515e-09,-4.634123331741622e-11,-1.0804274082094718e-08,1.2451355835446342e-09,4.6342517121150796e-11,1.0807980779934007e-08
1573,2.0225792086083363,4.091766964866572,0.14970758497916878,-1.126249115816499e-09,-2.3400319496731995e-11,-1.0284344438908985e-08,1.1275661033456543e-09,2.340100105934552e-11,1.0288183425855297e-08
1574,2.1034823769526696,4.500943661353229,0.22456137746875315,1.1455282143374305e-09,1.359374403781685e-10,-1.3727365977417033e-08,1.1468378460529808e-09,1.3597040643500109e-10,1.3733928809931957e-08
1575,1.779869703575336,2.8642368754066005,0.0,-2.2860376270768944e-09,4.3497308224804883e-10,-5.625328570735487e-09,2.2885099689534772e-09,4.357102360759643e-10,5.62630282003361e-09
1576,1.9416760402640028,3.2734135718932578,0.14970758497916878,-6.837915293871022e-10,8.33833784335777e-12,-7.765272399475946e-09,6.845954919832302e-10,8.390208556304183e-12,7.767645517787601e-09
1577,2.1034823769526696,4.091766964866572,0.22456137746875315,1.047666749562583e-09,1.229018301300225e-10,-1.2687218233644362e-08,1.0489169993645293e-09,1.2293862125136625e-10,1.2693482322367931e-08
1578,2.184385545297003,4.500943661353229,0.29941516995833756,3.3774001829512852e-09,4.983961962501814e-10,-1.6505319958226347e-08,3.3815126138728895e-09,4.986192601449033e-10,1.651489899683843e-08
1579,1.3753538618536687,0.0,0.37426896244792196,-5.5364589960220965e-09,-1.0875474514348031e-09,-2.146225502501465e-08,5.542946651289963e-09,1.0888529499829794e-09,2.148290300526029e-08
1580,1.3753538618536687,0.0,0.29941516995833756,-3.275935925315262e-09,-6.68577468827065e-10,-2.1541436476512203e-08,3.2797857351560394e-09,6.693749521440531e-10,2.1562137045717222e-08
1581,1.456257030198002,0.4091766964866572,0.37426896244792196,-5.147820252632043e-09,-8.418533705201616e-10,-1.6942594212711292e-08,5.153779882200728e-09,8.429740602371613e-10,1.695788990122822e-08
1582,1.456257030198002,0.4091766964866572,0.29941516995833756,-3.0786176412296665e-09,-5.013413423939763e-10,-1.7013309503148742e-08,3.082185095968379e-09,5.020145581158708e-10,1.7028649398724253e-08
1583,1.5371601985423355,0.8183533929733144,0.37426896244792196,-4.204944061456677e-09,-6.64906844705905e-10,-1.3263700062594511e-08,4.2097572335846145e-09,6.659125611099474e-10,1.3274483809631763e-08
1584,1.5371601985423355,0.8183533929733144,0.29941516995833756,-2.522462518431333e-09,-3.954449366606985e-10,-1.3333352047350946e-08,2.52535121935597e-09,3.9604802141764965e-10,1.334417491096912e-08
1585,1.6180633668866689,1.2275300894599717,0.37426896244792196,-3.1311104603133347e-09,-5.223035824120887e-10,-1.036302865928505e-08,3.134635945263586e-09,5.23209902063643e-10,1.0370150885855147e-08
1586,1.2944506935093352,0.0,0.07485379248958439,3.133374121173177e-09,8.244645781735419e-10,-2.4167547789755705e-08,3.137081967802695e-09,8.254130553882783e-10,2.419129786799841e-08
1587,1.6180633668866689,1.2275300894599717,0.29941516995833756,-1.8832187494536733e-09,-3.109444438255394e-10,-1.043096688971187e-08,1.8853414750075498e-09,3.114876999849781e-10,1.043812216085853e-08
1588,1.6989665352310024,1.6367067859466289,0.37426896244792196,-1.9546616782620906e-09,-3.739632935353861e-10,-8.264093092582349e-09,1.95678625156753e-09,3.7474860908602817e-10,8.268529343165489e-09
1589,1.3753538618536687,0.4091766964866572,0.07485379248958439,2.9428105596005716e-09,6.669840887408624e-10,-1.9243713620762562e-08,2.946271171150903e-09,6.678056454032381e-10,1.9261619145533854e-08
1590,1.6989665352310024,1.6367067859466289,0.29941516995833756,-1.1826290429110446e-09,-2.2198517781367e-10,-8.331190190410367e-09,1.1839179773653845e-09,2.2245694021457915e-10,8.33565451563455e-09
1591,1.779869703575336,2.045883482433286,0.37426896244792196,-7.049715326918247e-10,-2.087923496168632e-10,-7.040488475786538e-09,7.056134863551761e-10,2.0944646349272486e-10,7.043305562566139e-09
1592,1.456257030198002,0.8183533929733144,0.07485379248958439,2.379937141625672e-09,5.63107010441573e-10,-1.5139278638776325e-08,2.3827302742172028e-09,5.638560521781299e-10,1.5152139586218837e-08
1593,1.779869703575336,2.045883482433286,0.29941516995833756,-4.3746257848636497e-10,-1.2293635483192402e-10,-7.108142291264135e-09,4.378670966560302e-10,1.2333111810175385e-10,7.110984118448834e-09
1594,1.8607728719196692,2.4550601789199433,0.37426896244792196,5.774508074489257e-10,-2.8443070539450308e-11,-6.7563562212264815e-09,5.783685386243802e-10,2.9558518145456664e-11,6.75857009979165e-09
1595,1.5371601985423355,1.2275300894599717,0.07485379248958439,1.724778152327062e-09,4.831450672154608e-10,-1.1765282304805159e-08,1.7268004132580558e-09,4.838340378842346e-10,1.1773889867759739e-08
1596,1.8607728719196692,2.4550601789199433,0.29941516995833756,3.293680099680317e-10,-1.4010657844152454e-11,-6.825888429466097e-09,3.2989465943530097e-10,1.4798789164481477e-11,6.828125515618912e-09
1597,1.9416760402640028,2.8642368754066005,0.37426896244792196,1.84121887325922e-09,1.5832188746757616e-10,-7.430014298949832e-09,1.8436422879783519e-09,1.5832277385637065e-10,7.432527959626678e-09
1598,1.6180633668866689,1.6367067859466289,0.07485379248958439,1.006742933872237e-09,4.0357635300581407e-10,-9.145936604573261e-09,1.00792522147212e-09,4.041882163187228e-10,9.151226855565131e-09
1599,1.9416760402640028,2.8642368754066005,0.29941516995833756,1.087155642299072e-09,9.953713149416626e-11,-7.50253465228146e-09,1.0885839050272119e-09,9.953785326160609e-11,7.505071924841129e-09
1600,2.0225792086083363,3.2734135718932578,0.37426896244792196,3.0397834802662494e-09,3.4229908738059065e-10,-9.039458934338818e-09,3.043660662725789e-09,3.424074370302304e-10,9.043153641765113e-09
1601,1.6989665352310024,2.045883482433286,0.07485379248958439,2.481934177021965e-10,3.116006219458021e-10,-7.370344160530983e-09,2.4848826694485797e-10,3.1211298994813045e-10,7.373403590118427e-09
1602,2.0225792086083363,3.2734135718932578,0.29941516995833756,1.8079308953586826e-09,2.1157450023953921e-10,-9.115357642063946e-09,1.8102315245708723e-09,2.116394682335366e-10,9.119077737466532e-09
1603,2.1034823769526696,3.682590268379915,0.37426896244792196,4.1418222084194284e-09,5.292326969419403e-10,-1.1528800847510418e-08,4.147057219944087e-09,5.294820579268877e-10,1.1534583191789243e-08
1604,1.779869703575336,2.4550601789199433,0.07485379248958439,-5.230110166602464e-10,2.0865982438901077e-10,-6.52047008667969e-09,5.236211800217876e-10,2.090552691210822e-10,6.5223962304318814e-09
1605,2.1034823769526696,3.682590268379915,0.29941516995833756,2.4719957266499656e-09,3.261081981636723e-10,-1.160734488020885e-08,2.475110215398152e-09,3.2625743432743694e-10,1.1613154977225403e-08
1606,2.184385545297003,4.091766964866572,0.37426896244792196,5.11061226843941e-09,7.441116397950754e-10,-1.4871788941229037e-08,5.117063699099856e-09,7.445131436026688e-10,1.4880554510053205e-08
1607,1.8607728719196692,3.682590268379915,0.0,-4.7996810295542675e-09,2.750174027753375e-10,-5.6603333466706736e-09,4.804904623315712e-09,2.756402349773363e-10,5.6608976785370874e-09
1608,1.9416760402640028,3.682590268379915,0.07485379248958439,-2.7623009766778686e-09,2.229160104394125e-11,-7.780999298077268e-09,2.7654481126032683e-09,2.2710975210947508e-11,7.783051151891616e-09
1609,1.8607728719196692,2.8642368754066005,0.07485379248958439,-1.2775581505744568e-09,9.884364304491944e-11,-6.640366531867356e-09,1.2790588533767233e-09,9.913222422207074e-11,6.642097874139471e-09
1610,2.0225792086083363,3.682590268379915,0.14970758497916878,-8.937842106988567e-10,-2.7103522357970827e-11,-9.77775637683227e-09,8.948521883364832e-10,2.7111209394285097e-11,9.781623009892948e-09
1611,2.184385545297003,4.091766964866572,0.29941516995833756,3.0501558280536e-09,4.577350491020514e-10,-1.49513396677712e-08,3.0539868882615895e-09,4.579768039620043e-10,1.4960135253765833e-08
1612,1.3753538618536687,0.0,0.22456137746875315,-1.092942827562285e-09,-2.1863000974403983e-10,-2.158189582032525e-08,1.0942410523424302e-09,2.1889673026669676e-10,2.160262282064582e-08
1613,1.456257030198002,0.4091766964866572,0.22456137746875315,-1.0321801083387053e-09,-1.572881887467706e-10,-1.7049261645653984e-08,1.033382162268525e-09,1.5751268558938599e-10,1.706462348352564e-08
1614,1.5371601985423355,0.8183533929733144,0.22456137746875315,-8.525531889353567e-10,-1.2408367450089833e-10,-1.336839270112656e-08,8.535318472716794e-10,1.2428742175283429e-10,1.337923449862532e-08
1615,1.2944506935093352,0.0,0.0,5.3057518610075794e-09,1.3318136551146262e-09,-2.4102305983276395e-08,5.312041954160795e-09,1.3333658985720733e-09,2.4126011590498266e-08
1616,1.6180633668866689,1.2275300894599717,0.22456137746875315,-6.46406624557791e-10,-9.783367151869475e-11,-1.0464838937015386e-08,6.471367375912639e-10,9.801959284486683e-11,1.0472009927783613e-08
1617,1.3753538618536687,0.4091766964866572,0.0,4.93394218773716e-09,1.0983192249638056e-09,-1.9173176816854787e-08,4.939753193639507e-09,1.09968657900036e-09,1.9191035177946453e-08
1618,1.6989665352310024,1.6367067859466289,0.22456137746875315,-4.194505313625086e-10,-6.838044201612615e-11,-8.36457892080903e-09,4.1990907535019453e-10,6.854610732096733e-11,8.3690565890562e-09
1619,1.456257030198002,0.8183533929733144,0.0,3.990959914928477e-09,9.295923082924367e-10,-1.5068494495745526e-08,3.995647491297946e-09,9.308469663616434e-10,1.5081311786836395e-08
1620,1.779869703575336,2.045883482433286,0.22456137746875315,-1.7546363712498203e-10,-3.5218397724456956e-11,-7.141816046599687e-09,1.7563072436370294e-10,3.5365574501085375e-11,7.144669785840737e-09
1621,1.5371601985423355,1.2275300894599717,0.0,2.9046393598874617e-09,7.988360450691838e-10,-1.1695108830487733e-08,2.908043994154103e-09,7.999949608188727e-10,1.1703678739569447e-08
1622,1.8607728719196692,2.4550601789199433,0.22456137746875315,7.955381052434348e-11,2.651681025127866e-12,-6.860472470509421e-09,7.969865588650182e-11,3.05265849419553e-12,6.862720941702971e-09
1623,1.6180633668866689,1.6367067859466289,0.0,1.711987435846344e-09,6.665766564657185e-10,-9.076723513533267e-09,1.7139921349492143e-09,6.676097122152208e-10,9.081982303457278e-09
1624,1.9416760402640028,2.8642368754066005,0.22456137746875315,3.34769850173128e-10,4.3075558482498506e-11,-7.538587745640982e-09,3.352171005279501e-10,4.3076130114765465e-11,7.541136765695978e-09
1625,1.6989665352310024,2.045883482433286,0.0,4.4797460003282095e-10,5.12891917914802e-10,-7.301430925698116e-09,4.48496443864066e-10,5.137598884121004e-10,7.304464078469574e-09
1626,2.0225792086083363,3.2734135718932578,0.22456137746875315,5.805361897877649e-10,8.27868012576937e-11,-9.152907223664e-09,5.812797128759387e-10,8.28081315175422e-11,9.156640048978285e-09
1627,1.8607728719196692,3.2734135718932578,0.0,-3.489816331527327e-09,2.3088053131416466e-10,-6.182021782286889e-09,3.493717604343381e-09,2.314374701839653e-10,6.183151459585228e-09
1628,1.779869703575336,2.4550601789199433,0.0,-8.416719078449647e-10,3.3931056523488597e-10,-6.450645811384758e-09,8.426655883175315e-10,3.3998685502365704e-10,6.452549385716342e-09
1629,1.9416760402640028,3.2734135718932578,0.07485379248958439,-1.988208102262832e-09,-1.3989774147132193e-11,-7.728088077382452e-09,1.990562351634162e-09,1.4196320491166573e-11,7.73045063790897e-09
1630,2.1034823769526696,3.682590268379915,0.22456137746875315,8.092567256198899e-10,1.2397109507725991e-10,-1.1645629075411859e-08,8.102746397329952e-10,1.2401996563772417e-10,1.1651453024727039e-08
1631,2.2652887136413367,4.500943661353229,0.37426896244792196,5.492355745346396e-09,1.011360645733872e-09,-1.9131991269210516e-08,5.499350872318151e-09,1.0119457930749094e-09,1.9144649988697515e-08
1632,1.3753538618536687,0.0,0.14970758497916878,1.0642540653546722e-09,2.410454948887161e-10,-2.158700198344672e-08,1.0654787040612011e-09,2.413171012998882e-10,2.160773210960345e-08
1633,1.456257030198002,0.4091766964866572,0.14970758497916878,1.0066928137280222e-09,1.880364846509045e-10,-1.7052032223361367e-08,1.007847081658962e-09,1.8826245237491995e-10,1.7067395155633156e-08
1634,1.5371601985423355,0.8183533929733144,0.14970758497916878,8.131900690356656e-10,1.482598141090532e-10,-1.3369590195980724e-08,8.141165535255355e-10,1.4845627530202248e-10,1.3380431434528792e-08
1635,1.6180633668866689,1.2275300894599717,0.14970758497916878,5.865984379796371e-10,1.1600739051393988e-10,-1.0465306823127707e-08,5.872574413727531e-10,1.1617908990708647e-10,1.0472476717335195e-08
1636,1.6989665352310024,1.6367067859466289,0.14970758497916878,3.40638728547835e-10,8.582144267881323e-11,-8.364838019643697e-09,3.4100856118582414e-10,8.596354838175925e-11,8.369314686835584e-09
1637,1.779869703575336,2.045883482433286,0.14970758497916878,8.459526382338879e-11,5.3194058851717965e-11,-7.142070000404816e-09,8.466552576417213e-11,5.330264908347143e-11,7.144923123455149e-09
1638,1.8607728719196692,2.4550601789199433,0.14970758497916878,-1.7097364673575436e-10,2.0150165620234927e-11,-6.860705408823744e-09,1.712106034396845e-10,2.0224506732803773e-11,6.8629536976288695e-09
1639,1.9416760402640028,2.8642368754066005,0.14970758497916878,-4.1721395199197754e-10,-1.2534545970600616e-11,-7.53881077946916e-09,4.177435831246982e-10,1.2534709742825854e-11,7.54135995106715e-09
1640,1.9416760402640028,4.500943661353229,0.0,-6.458331995405136e-09,-1.6130277158549225e-11,-7.660284791136545e-09,6.465466813653225e-09,1.9125483524426866e-11,7.661506785274049e-09
1641,1.9416760402640028,4.091766964866572,0.0,-5.807004450754326e-09,2.7356864897047533e-11,-7.673747582899385e-09,5.81348998239572e-09,2.882588057480519e-11,7.675389832038145e-09
1642,2.0225792086083363,4.500943661353229,0.07485379248958439,-3.695515839995731e-09,-1.6939054366467995e-10,-1.0761352779730043e-08,3.699780043236594e-09,1.693939116597589e-10,1.0765048487366702e-08
1643,2.0225792086083363,4.091766964866572,0.07485379248958439,-3.3463027606973213e-09,-1.2047730901652665e-10,-1.024474609931844e-08,3.350198739141588e-09,1.2048206955855723e-10,1.0248574719685265e-08
1644,2.1034823769526696,4.500943661353229,0.14970758497916878,-1.1895499768337315e-09,-9.434456035415394e-11,-1.3722313242771969e-08,1.1910157347223692e-09,9.437846817905392e-11,1.372887527462698e-08
1645,2.1034823769526696,4.091766964866572,0.14970758497916878,-1.0777751434450816e-09,-7.122679740030981e-11,-1.2684364322383544e-08,1.0790957643732305e-09,7.126438693173816e-11,1.2690628322539868e-08
1646,2.184385545297003,4.500943661353229,0.22456137746875315,1.109586260882258e-09,1.8337779743702488e-10,-1.6538821361146433e-08,1.1108949263305246e-09,1.8345354095803454e-10,1.654841259790834e-08
1647,1.8607728719196692,2.8642368754066005,0.0,-2.1059038700106297e-09,1.5317676811380418e-10,-6.568545109673931e-09,2.1083932463281583e-09,1.5369081021669514e-10,6.5702554141842985e-09
1648,2.0225792086083363,3.2734135718932578,0.14970758497916878,-6.454544251229565e-10,-4.5206657079923426e-11,-9.152812689935365e-09,6.462618950427663e-10,4.523083913106893e-11,9.156545918370867e-09
1649,2.184385545297003,4.091766964866572,0.22456137746875315,1.0079075309599407e-09,1.699906983843564e-10,-1.4987896504621753e-08,1.0091561975175362e-09,1.7007139197147653e-10,1.4996706095768888e-08
1650,2.2652887136413367,4.500943661353229,0.29941516995833756,3.2459479369008908e-09,6.376492232232435e-10,-1.920590335021642e-08,3.250049706199768e-09,6.380128262898793e-10,1.9218591086021566e-08
1651,1.456257030198002,0.0,0.37426896244792196,-5.746644886555603e-09,-8.620426486342763e-10,-1.8760650421478144e-08,5.753250440263136e-09,8.631020836484398e-10,1.8778206941212917e-08
1652,1.456257030198002,0.0,0.29941516995833756,-3.403940637594305e-09,-5.327949262428935e-10,-1.883592854495881e-08,3.4078612630606478e-09,5.334442181422111e-10,1.8853533351033427e-08
1653,1.5371601985423355,0.4091766964866572,0.37426896244792196,-5.3373482547148685e-09,-6.150944606690484e-10,-1.4639320734408845e-08,5.343401674781494e-09,6.15970402345078e-10,1.465201874098657e-08
1654,1.5371601985423355,0.4091766964866572,0.29941516995833756,-3.1927735242543225e-09,-3.6549755141358247e-10,-1.4706132623688236e-08,3.1963968852618435e-09,3.6602441053783355e-10,1.4718870880302262e-08
1655,1.6180633668866689,0.8183533929733144,0.37426896244792196,-4.3759540658349195e-09,-4.2567668734038744e-10,-1.1387995576600342e-08,4.380832575815441e-09,4.2643358727365076e-10,1.1396719375985686e-08
1656,1.6180633668866689,0.8183533929733144,0.29941516995833756,-2.624738694517154e-09,-2.5214387788695625e-10,-1.1453772002983268e-08,2.627665867206014e-09,2.525985810611668e-10,1.1462531556280832e-08
1657,1.6989665352310024,1.2275300894599717,0.37426896244792196,-3.2928508739108e-09,-2.645677923875562e-10,-8.960042036688746e-09,3.2964198888275205e-09,2.652330675377145e-10,8.965699495096163e-09
1658,1.3753538618536687,0.0,0.07485379248958439,3.2459105093413277e-09,6.912259337106185e-10,-2.155813923616599e-08,3.2496845202861484e-09,6.920285270609813e-10,2.1578850288665168e-08
1659,1.6989665352310024,1.2275300894599717,0.29941516995833756,-1.9797903502438487e-09,-1.5657114909256008e-10,-9.024650063970253e-09,1.981938295147814e-09,1.56971313810642e-10,9.030338282734336e-09
1660,1.779869703575336,1.6367067859466289,0.37426896244792196,-2.114009585971863e-09,-9.964707910953823e-11,-7.380479325543747e-09,2.1161635671980004e-09,1.0030956503268793e-10,7.3840774919413286e-09
1661,1.456257030198002,0.4091766964866572,0.07485379248958439,3.0535678498599087e-09,5.319588595002127e-10,-1.702106047035927e-08,3.057087400142369e-09,5.326336834941707e-10,1.703640324524105e-08
1662,1.779869703575336,1.6367067859466289,0.29941516995833756,-1.2777665913346885e-09,-5.778924466917623e-11,-7.445077389086127e-09,1.2790723283413708e-09,5.819503791329228e-11,7.448702538071666e-09
1663,1.8607728719196692,2.045883482433286,0.37426896244792196,-8.67351933163642e-10,7.549457784406541e-11,-6.707036528093066e-09,8.680252651374953e-10,7.557024534846836e-11,6.709612576677372e-09
1664,1.5371601985423355,0.8183533929733144,0.07485379248958439,2.4831651562338183e-09,4.205181109726714e-10,-1.3336829037629759e-08,2.4860014119553766e-09,4.211148058369913e-10,1.3347650149343525e-08
1665,1.8607728719196692,2.045883482433286,0.29941516995833756,-5.344136728914991e-10,4.7123412879268285e-11,-6.7731328913424025e-09,5.348359780580918e-10,4.716561951713402e-11,6.775733761933268e-09
1666,1.9416760402640028,2.4550601789199433,0.37426896244792196,4.07418939575492e-10,2.570396528570486e-10,-6.985571497770888e-09,4.084131542427586e-10,2.5709071139207854e-10,6.9880830770526e-09
1667,1.6180633668866689,1.2275300894599717,0.07485379248958439,1.8230585255178796e-09,3.295223992837746e-10,-1.0432349425354227e-08,1.8251096248749526e-09,3.300519197384384e-10,1.043950142840218e-08
1668,1.9416760402640028,2.4550601789199433,0.29941516995833756,2.278147908882325e-10,1.5663287550190408e-10,-7.054598656654842e-09,2.283899981741221e-10,1.566635394817015e-10,7.05713480926985e-09
1669,2.0225792086083363,2.8642368754066005,0.37426896244792196,1.6606584171954993e-09,4.355971022396089e-10,-8.210705443050574e-09,1.6631072133493147e-09,4.3580012437148214e-10,8.21406184164119e-09
1670,1.6989665352310024,1.6367067859466289,0.07485379248958439,1.1033968077059769e-09,2.3962291501281577e-10,-8.331922618859261e-09,1.1045960926426942e-09,2.400714031028012e-10,8.336383964812069e-09
1671,2.0225792086083363,2.8642368754066005,0.29941516995833756,9.793665569994378e-10,2.6508324598440356e-10,-8.28369689290951e-09,9.808102083201506e-10,2.6520411544781987e-10,8.287079359761828e-09
1672,2.1034823769526696,3.2734135718932578,0.37426896244792196,2.8463789852923986e-09,6.045992018940866e-10,-1.0338583513466579e-08,2.850271376843663e-09,6.049535487938602e-10,1.034371137716573e-08
1673,1.779869703575336,2.045883482433286,0.07485379248958439,3.4617928632432956e-10,1.4115464516160228e-10,-7.108855303563237e-09,3.464857972349494e-10,1.4151136152458933e-10,7.111695301479614e-09
1674,2.1034823769526696,3.2734135718932578,0.29941516995833756,1.692727620668066e-09,3.680968216804786e-10,-1.0415659290729287e-08,1.6950373665109359e-09,3.683079601309983e-10,1.0420815754924192e-08
1675,2.184385545297003,3.682590268379915,0.37426896244792196,3.9334462163021395e-09,7.746464650774734e-10,-1.3300471679838973e-08,3.938682809721833e-09,7.751377470894964e-10,1.3308285398646654e-08
1676,1.8607728719196692,2.4550601789199433,0.07485379248958439,-4.213180933563069e-10,3.7076887400754824e-11,-6.8265423569717315e-09,4.219384390652008e-10,3.7410820371454364e-11,6.828778910690318e-09
1677,2.184385545297003,3.682590268379915,0.29941516995833756,2.34853984836558e-09,4.726633770937586e-10,-1.3380562050916426e-08,2.351655152688816e-09,4.729569816602504e-10,1.3388407274592064e-08
1678,2.2652887136413367,4.091766964866572,0.37426896244792196,4.884866843134301e-09,9.76361686299592e-10,-1.706850905806723e-08,4.891300518654476e-09,9.769992463107217e-10,1.7079874340252352e-08
1679,1.9416760402640028,3.682590268379915,0.0,-4.598684728094876e-09,2.1546289879438474e-11,-7.70485017855688e-09,4.603940018041937e-09,2.2699835000579755e-11,7.706882396675778e-09
1680,2.0225792086083363,3.682590268379915,0.07485379248958439,-2.6391226249022577e-09,-1.2865362396114881e-10,-9.738388694788965e-09,2.642282925803739e-09,1.2867710034387314e-10,9.7422440643923e-09
1681,1.9416760402640028,2.8642368754066005,0.07485379248958439,-1.1701246007266127e-09,-6.876150542117969e-11,-7.503147974022906e-09,1.1716361857496353e-09,6.876156294872028e-11,7.505685719113186e-09
1682,2.1034823769526696,3.682590268379915,0.14970758497916878,-8.510676003969912e-10,-7.735129767246996e-11,-1.1644538496581295e-08,8.521384088029125e-10,7.740533771397548e-11,1.1650362861771572e-08
1683,2.2652887136413367,4.091766964866572,0.29941516995833756,2.9179808278074433e-09,5.967420957376223e-10,-1.7149496942742793e-08,2.9218011671131153e-09,5.971255979382978e-10,1.716089616436793e-08
1684,1.456257030198002,0.0,0.22456137746875315,-1.1417782430250764e-09,-1.7340108268880525e-10,-1.8874318935482304e-08,1.143103021396323e-09,1.7361887663113792e-10,1.8891947927274282e-08
1685,1.5371601985423355,0.4091766964866572,0.22456137746875315,-1.0727585427326166e-09,-1.1232072531720882e-10,-1.4740018454368227e-08,1.0739799004940657e-09,1.1249770266863071e-10,1.4752776627911446e-08
1686,1.6180633668866689,0.8183533929733144,0.22456137746875315,-8.875214195301192e-10,-7.636507327414867e-11,-1.148684680424104e-08,8.885125123413963e-10,7.652132567616737e-11,1.149562366364466e-08
1687,1.3753538618536687,0.0,0.0,5.503654751234965e-09,1.1105275358091015e-09,-2.1495086404428433e-08,5.510062128683897e-09,1.1118381296207634e-09,2.1515755805977224e-08
1688,1.6989665352310024,1.2275300894599717,0.22456137746875315,-6.790083347168866e-10,-4.6265723818023534e-11,-9.056930915316423e-09,6.79746038149624e-10,4.6408351889582416e-11,9.062633836463479e-09
1689,1.456257030198002,0.4091766964866572,0.0,5.12364210872666e-09,8.733227926012479e-10,-1.6953358420746962e-08,5.129553815061926e-09,8.744461992414956e-10,1.6968657318058216e-08
1690,1.779869703575336,1.6367067859466289,0.22456137746875315,-4.5141070553473135e-10,-1.3595796161342073e-11,-7.477336775499244e-09,4.518740956661388e-10,1.3775639646670218e-11,7.480974882226113e-09
1691,1.5371601985423355,0.8183533929733144,0.0,4.1657429720412315e-09,6.912684197512833e-10,-1.3269242541193835e-08,4.1705030204264e-09,6.922691954030971e-10,1.3280023204668822e-08
1692,1.8607728719196692,2.045883482433286,0.22456137746875315,-2.0798934027559073e-10,2.14650208813154e-11,-6.8061727017257654e-09,2.0816148394448596e-10,2.1473476040935176e-11,6.808785668387187e-09
1693,1.6180633668866689,1.2275300894599717,0.0,3.0703268403948316e-09,5.416566621993944e-10,-1.0365250953079827e-08,3.073779437664833e-09,5.425499261142964e-10,1.0372367783517928e-08
1694,1.9416760402640028,2.4550601789199433,0.22456137746875315,4.5401473817018974e-11,5.942772984586041e-11,-7.089095422914642e-09,4.5576754063386145e-11,5.943792162392229e-11,7.091643746181724e-09
1695,1.6989665352310024,1.6367067859466289,0.0,1.8745920012804893e-09,3.920232128089166e-10,-8.265178656448974e-09,1.8766249224231326e-09,3.9278520827820986e-10,8.269610011368807e-09
1696,2.0225792086083363,2.8642368754066005,0.22456137746875315,2.9863838136197944e-10,9.782168090199745e-11,-8.320116714731243e-09,2.9909166660785876e-10,9.786038095101175e-11,8.323512232544194e-09
1697,1.779869703575336,2.045883482433286,0.0,6.128010919603997e-10,2.2745214044608906e-10,-7.041535494081355e-09,6.133427681381289e-10,2.280665667011042e-10,7.044349587694092e-09
1698,2.1034823769526696,3.2734135718932578,0.22456137746875315,5.423373949114004e-10,1.342760047094603e-10,-1.04538372715731e-08,5.430840859924289e-10,1.3434419526959729e-10,1.0459008110731496e-08
1699,1.9416760402640028,3.2734135718932578,0.0,-3.2986855574134273e-09,-3.715650612732178e-11,-7.653162409847487e-09,3.302610130391717e-09,3.736395395593354e-11,7.65550338900643e-09
1700,1.8607728719196692,2.4550601789199433,0.0,-6.704737102316517e-10,5.197752990301429e-11,-6.757319274183921e-09,6.714874095453492e-10,5.263135168520559e-11,6.7595323072929045e-09
1701,2.0225792086083363,3.2734135718932578,0.07485379248958439,-1.873137897763879e-09,-1.7353840968806404e-10,-9.115006476398308e-09,1.875503229092611e-09,1.7360565625157027e-10,9.118727800551092e-09
1702,2.184385545297003,3.682590268379915,0.22456137746875315,7.693697876647416e-10,1.721677108071856e-10,-1.3419535579766659e-08,7.703875641947355e-10,1.7226377296220832e-10,1.3427396487765912e-08
1703,2.34619188198567,4.500943661353229,0.37426896244792196,5.2588149823172086e-09,1.2379385014202562e-09,-2.1717620006807644e-08,5.265776461360636e-09,1.2387629496956594e-09,2.1733418957874998e-08
1704,1.456257030198002,0.0,0.14970758497916878,1.0934909430840165e-09,1.9549883596275342e-10,-1.8878928781076106e-08,1.0947321406560335e-09,1.9571977941036276e-10,1.8896560449162496e-08
1705,1.5371601985423355,0.4091766964866572,0.14970758497916878,1.0390941772185293e-09,1.4213497530814224e-10,-1.4742425299277647e-08,1.0402652494377768e-09,1.423101886348351e-10,1.4755184317059655e-08
1706,1.6180633668866689,0.8183533929733144,0.14970758497916878,8.450680780425457e-10,1.0044470211216023e-10,-1.1487901339544527e-08,8.460078385229858e-10,1.0058933271768051e-10,1.1496677650185852e-08
1707,1.6989665352310024,1.2275300894599717,0.14970758497916878,6.175905914230472e-10,6.489303447641835e-11,-9.057467412652477e-09,6.182593507782634e-10,6.501211847348031e-11,9.063169427735057e-09
1708,1.779869703575336,1.6367067859466289,0.14970758497916878,3.71536006173976e-10,3.1402077047771664e-11,-7.477760243665929e-09,3.719127019830159e-10,3.149540589140036e-11,7.481397647166737e-09
1709,1.8607728719196692,2.045883482433286,0.14970758497916878,1.1619260540838786e-10,-3.2211094070705176e-12,-6.806623764076802e-09,1.162707189116849e-10,3.3172747637027376e-12,6.809236416945477e-09
1710,1.9416760402640028,2.4550601789199433,0.14970758497916878,-1.380259171232052e-10,-3.6620448337846624e-11,-7.089567431485535e-09,1.3826923350430622e-10,3.6631231260808374e-11,7.092115828513067e-09
1711,2.0225792086083363,2.8642368754066005,0.14970758497916878,-3.8198653944413285e-10,-6.82742973689258e-11,-8.3205450073202e-09,3.8251976340004624e-10,6.831955114548627e-11,8.32394090387645e-09
1712,2.0225792086083363,4.500943661353229,0.0,-6.2296699606036176e-09,-2.591046169326598e-10,-1.0676782334097322e-08,6.2368399294710466e-09,2.591058950658593e-10,1.068045557458868e-08
1713,2.0225792086083363,4.091766964866572,0.0,-5.587601257631648e-09,-2.1481458645243174e-10,-1.0166489996578298e-08,5.594114542646143e-09,2.1482260557410771e-10,1.0170297266844247e-08
1714,2.1034823769526696,4.500943661353229,0.07485379248958439,-3.55115670959519e-09,-3.1378361957072136e-10,-1.3677778030355458e-08,3.555431582729704e-09,3.138786022570282e-10,1.3684327050961562e-08
1715,2.1034823769526696,4.091766964866572,0.07485379248958439,-3.2098784707785144e-09,-2.6428304584647957e-10,-1.2643376382109784e-08,3.2137826956053003e-09,2.6439219508236797e-10,1.264962816663179e-08
1716,2.184385545297003,4.500943661353229,0.14970758497916878,-1.1335913241378539e-09,-1.419396145487937e-10,-1.653339283466034e-08,1.1350579676083626e-09,1.4201758998727797e-10,1.654298290176805e-08
1717,2.184385545297003,4.091766964866572,0.14970758497916878,-1.028051608006144e-09,-1.1879197221870708e-10,-1.4984777819580616e-08,1.029372970376158e-09,1.1887514320183217e-10,1.499358712762345e-08
1718,2.2652887136413367,4.500943661353229,0.22456137746875315,1.0730450936216246e-09,2.295206276983037e-10,-1.9239853758054917e-08,1.0743504263063075e-09,2.2964350412940057e-10,1.9252555195376098e-08
1719,1.9416760402640028,2.8642368754066005,0.0,-1.9252190371542794e-09,-1.270577541985447e-10,-7.43087999217297e-09,1.927727785905427e-09,1.2705796544569604e-10,7.433394491894986e-09
1720,2.1034823769526696,3.2734135718932578,0.14970758497916878,-6.069944812793015e-10,-9.847935283891352e-11,-1.0453816226211989e-08,6.078047853264556e-10,9.855611654886846e-11,1.0458987642912902e-08
1721,2.2652887136413367,4.091766964866572,0.22456137746875315,9.675030540228388e-10,2.1586267055279412e-10,-1.7186551051078746e-08,9.687475199151004e-10,2.1599071195878331e-10,1.7197966022805163e-08
1722,2.34619188198567,4.500943661353229,0.29941516995833756,3.112260157503024e-09,7.73411965755288e-10,-2.17925226862963e-08,3.1163428040252843e-09,7.739204075001045e-10,2.1808354287969453e-08
1723,1.5371601985423355,0.0,0.37426896244792196,-5.945261148427823e-09,-6.337399056449669e-10,-1.596773291347513e-08,5.951972021490059e-09,6.345489745570711e-10,1.5982148311920837e-08
1724,1.5371601985423355,0.0,0.29941516995833756,-3.525000782772041e-09,-3.95395867775016e-10,-1.6038575537896106e-08,3.5289846910814497e-09,3.9589432021169695e-10,1.6053034670595788e-08
1725,1.6180633668866689,0.4091766964866572,0.37426896244792196,-5.516461413788545e-09,-3.8689668218837127e-10,-1.2255462097851269e-08,5.522597849471925e-09,3.875281203281649e-10,1.2265531523919312e-08
1726,1.6180633668866689,0.4091766964866572,0.29941516995833756,-3.300695956814771e-09,-2.2892799990973535e-10,-1.231792548969696e-08,3.304368813200529e-09,2.2930901143678325e-10,1.2328031034096692e-08
1727,1.6989665352310024,0.8183533929733144,0.37426896244792196,-4.5387470575896854e-09,-1.8595972145239155e-10,-9.438698643567668e-09,4.543683792503792e-09,1.8649658780859139e-10,9.44534908683375e-09
1728,1.6989665352310024,0.8183533929733144,0.29941516995833756,-2.722156594260087e-09,-1.0861783990246172e-10,-9.500208129444845e-09,2.725118089288967e-09,1.0894336943864341e-10,9.506890829333451e-09
1729,1.779869703575336,1.2275300894599717,0.37426896244792196,-3.4482003381489166e-09,-7.34666717188845e-12,-7.487127187397113e-09,3.451809795688779e-09,9.962483401658694e-12,7.491319620313263e-09
1730,1.456257030198002,0.0,0.07485379248958439,3.3539894793382597e-09,5.552044810054359e-10,-1.885108216255172e-08,3.3578240196717656e-09,5.558571019464613e-10,1.8868696034780795e-08
1731,1.779869703575336,1.2275300894599717,0.29941516995833756,-2.0726348027469907e-09,-2.5859504517927554e-12,-7.548063915471156e-09,2.0748062432794407e-09,4.759368641653662e-12,7.552284650132979e-09
1732,1.8607728719196692,1.6367067859466289,0.37426896244792196,-2.2685264145426122e-09,1.731776557437806e-10,-6.427847344898831e-09,2.2707114323554806e-09,1.7318211534357265e-10,6.4306043444698644e-09
1733,1.5371601985423355,0.4091766964866572,0.07485379248958439,3.159538140591153e-09,3.951579278810695e-10,-1.4712823797247422e-08,3.163111009103374e-09,3.95683176997891e-10,1.472556420116772e-08
1734,1.8607728719196692,1.6367067859466289,0.29941516995833756,-1.3701123170005154e-09,1.0539766628121865e-10,-6.489637527697643e-09,1.3714359477860632e-09,1.0540044235958933e-10,6.492420150970638e-09
1735,1.9416760402640028,2.045883482433286,0.37426896244792196,-1.0259794741744314e-09,3.5753755481930323e-10,-6.3033313721609e-09,1.0266910571514603e-09,3.576710889259498e-10,6.305645710917224e-09
1736,1.6180633668866689,0.8183533929733144,0.07485379248958439,2.5823646985747976e-09,2.769334995529814e-10,-1.1456829348692188e-08,2.585240161413584e-09,2.773774932139554e-10,1.1465587190698126e-08
1737,1.9416760402640028,2.045883482433286,0.29941516995833756,-6.292715153859478e-10,2.1575011792664723e-10,-6.367581151051576e-09,6.297158677912373e-10,2.158298238285603e-10,6.369920208891341e-09
1738,2.0225792086083363,2.4550601789199433,0.37426896244792196,2.4011003846718607e-10,5.396945549969078e-10,-7.14072981053649e-09,2.413409303100275e-10,5.40003586426522e-10,7.1435266943687254e-09
1739,1.6989665352310024,1.2275300894599717,0.07485379248958439,1.9180590467477703e-09,1.7544471408737657e-10,-9.026231151001535e-09,1.9201374024089794e-09,1.7582211757236108e-10,9.031916677702315e-09
1740,2.0225792086083363,2.4550601789199433,0.29941516995833756,1.2769272404655406e-10,3.254993536181199e-10,-7.208950377297556e-09,1.2842917233950424e-10,3.2568341958778456e-10,7.211773104241612e-09
1741,2.1034823769526696,2.8642368754066005,0.37426896244792196,1.4816012315889586e-09,7.09725332679251e-10,-8.912231762587456e-09,1.4840827398695496e-09,7.10202402209799e-10,8.916454024374463e-09
1742,1.779869703575336,1.6367067859466289,0.07485379248958439,1.197527184809763e-09,7.57180574519983e-11,-7.44629170341897e-09,1.198745189692953e-09,7.604751160894037e-11,7.44991477058904e-09
1743,2.1034823769526696,2.8642368754066005,0.29941516995833756,8.72327205439359e-10,4.2867131442907306e-10,-8.985365685208785e-09,8.737909330065637e-10,4.289552222743747e-10,8.989616377806241e-09
1744,2.184385545297003,3.2734135718932578,0.37426896244792196,2.6530904479614065e-09,8.63518061723813e-10,-1.1552144830883413e-08,2.656994652593983e-09,8.641377846367849e-10,1.155875014855095e-08
1745,1.8607728719196692,2.045883482433286,0.07485379248958439,4.422758149951395e-10,-2.8664618947471167e-11,-6.774427383050652e-09,4.426028299222108e-10,2.874802803750038e-11,6.777027335096306e-09
1746,2.184385545297003,3.2734135718932578,0.29941516995833756,1.5775354909897035e-09,5.225302098317948e-10,-1.1630050330919958e-08,1.57985238454544e-09,5.228995345817095e-10,1.1636687481097963e-08
1747,2.2652887136413367,3.682590268379915,0.37426896244792196,3.723536852579107e-09,1.0160497655488994e-09,-1.497885793706993e-08,3.728766154407173e-09,1.0167915479835068e-09,1.498874466002909e-08
1748,1.9416760402640028,2.4550601789199433,0.07485379248958439,-3.2085632606602316e-10,-1.3357345932085788e-10,-7.0559656387461675e-09,3.2150680331983916e-10,1.336045989966097e-10,7.058502030498905e-09
1749,2.2652887136413367,3.682590268379915,0.29941516995833756,2.2242263496372155e-09,6.166863296815258e-10,-1.5060102732821304e-08,2.2273371318465563e-09,6.171297493841474e-10,1.5070024812849344e-08
1750,2.34619188198567,4.091766964866572,0.37426896244792196,4.655968371946721e-09,1.2036461829736328e-09,-1.916152324549983e-08,4.662371390893644e-09,1.2045240848467675e-09,1.9175515020539894e-08
1751,2.0225792086083363,3.682590268379915,0.0,-4.393000835814431e-09,-2.3026903347915895e-10,-9.659832886747041e-09,4.398277932397559e-09,2.303079516669442e-10,9.66366506347616e-09
1752,2.1034823769526696,3.682590268379915,0.07485379248958439,-2.513811667037972e-09,-2.7839743534047513e-10,-1.1604149759618234e-08,2.5169794346114925e-09,2.7855098810343533e-10,1.160996117620673e-08
1753,2.0225792086083363,2.8642368754066005,0.07485379248958439,-1.0631082484520414e-09,-2.352736336741197e-10,-8.284929094558813e-09,1.06463292467855e-09,2.3540069176607363e-10,8.28831271849419e-09
1754,2.184385545297003,3.682590268379915,0.14970758497916878,-8.078270321569213e-10,-1.273126661419227e-10,-1.3418349827268782e-08,8.088989827502244e-10,1.274161944238075e-10,1.3426211176795291e-08
1755,2.34619188198567,4.091766964866572,0.29941516995833756,2.784129565688419e-09,7.325762397923788e-10,-1.9243482306104863e-08,2.787931486534623e-09,7.331042467766093e-10,1.9257512031119365e-08
1756,1.5371601985423355,0.0,0.22456137746875315,-1.1878236852404671e-09,-1.2785860230810502e-10,-1.607461945369355e-08,1.1891721447790291e-09,1.2802681635026988e-10,1.608910041180925e-08
1757,1.6180633668866689,0.4091766964866572,0.22456137746875315,-1.1110647840783039e-09,-6.732704313487822e-11,-1.2349510591513113e-08,1.112303252369269e-09,6.745778975660069e-11,1.2359633954578285e-08
1758,1.6989665352310024,0.8183533929733144,0.22456137746875315,-9.208383306974125e-10,-2.869724802038332e-11,-9.531112692267081e-09,9.218405814180789e-10,2.882001009296972e-11,9.537811018982162e-09
1759,1.456257030198002,0.0,0.0,5.693217827695816e-09,8.849424694857927e-10,-1.879068671466278e-08,5.699732242018536e-09,8.860051903445316e-10,1.8808262054584818e-08
1760,1.779869703575336,1.2275300894599717,0.22456137746875315,-7.104182137711041e-10,5.032757473946372e-12,-7.578564741065064e-09,7.111630950035414e-10,5.182341510749404e-12,7.582799095369315e-09
1761,1.5371601985423355,0.4091766964866572,0.0,5.304972052265858e-09,6.455082541183641e-10,-1.4648434510991928e-08,5.31097481704714e-09,6.463835030007386e-10,1.4661134584541304e-08
1762,1.8607728719196692,1.6367067859466289,0.22456137746875315,-4.82524139083372e-10,4.067465617716059e-11,-6.5205824398119996e-09,4.829928893648586e-10,4.0675944796231915e-11,6.523377519152863e-09
1763,1.6180633668866689,0.8183533929733144,0.0,4.333668639840835e-09,4.5142487414290774e-10,-1.1392864353572804e-08,4.338494583137676e-09,4.5217216990698576e-10,1.1401585165307556e-08
1764,1.9416760402640028,2.045883482433286,0.22456137746875315,-2.399232170110168e-10,7.750373355236205e-11,-6.399803844955296e-09,2.401019834775867e-10,7.752988899760117e-11,6.40215510541124e-09
1765,1.6989665352310024,1.2275300894599717,0.0,3.2305249292976343e-09,2.839411166417532e-10,-8.962578044355206e-09,3.2340228953510866e-09,2.8458376682328504e-10,8.968231078603591e-09
1766,2.0225792086083363,2.4550601789199433,0.22456137746875315,1.1611139729365131e-11,1.153991773186089e-10,-7.243160047547811e-09,1.2035791432713877e-11,1.1545866052004476e-10,7.245995707932394e-09
1767,1.779869703575336,1.6367067859466289,0.0,2.0330055951017222e-09,1.1785788703718332e-10,-7.382341814059497e-09,2.0350696878446537e-09,1.1844044824684647e-10,7.385936589396136e-09
1768,2.1034823769526696,2.8642368754066005,0.22456137746875315,2.6268811823265304e-10,1.5171140922051905e-10,-9.021931941914454e-09,2.6314946963630325e-10,1.5180286527217595e-10,9.02619697135132e-09
1769,1.8607728719196692,2.045883482433286,0.0,7.744195409579922e-10,-5.666430272167501e-11,-6.7090307962683134e-09,7.749953465100812e-10,5.6777296182918255e-11,6.711605377531898e-09
1770,2.184385545297003,3.2734135718932578,0.22456137746875315,5.041403068126768e-10,1.8491833328040193e-10,-1.1668633573849106e-08,5.048894242063997e-10,1.8503821666442558e-10,1.1675286777478736e-08
1771,2.0225792086083363,3.2734135718932578,0.0,-3.105603243756289e-09,-3.033722561950085e-10,-9.03870511805512e-09,3.1095467340834184e-09,3.034825346122016e-10,9.04240193736767e-09
1772,1.9416760402640028,2.4550601789199433,0.0,-5.014010106908621e-10,-2.3354146523540724e-10,-6.987715104835631e-09,5.024725106731323e-10,2.3359291070130523e-10,6.9902271322482786e-09
1773,2.1034823769526696,3.2734135718932578,0.07485379248958439,-1.757579125314471e-09,-3.3176145035035224e-10,-1.0415545510353602e-08,1.7599532857304563e-09,3.3198064959208263e-10,1.0420703724682786e-08
1774,2.2652887136413367,3.682590268379915,0.22456137746875315,7.292579257308191e-10,2.1929052132929118e-10,-1.509953902194956e-08,7.302736322590729e-10,2.1943612527231323e-10,1.510947867970029e-08
1775,2.4270950503300033,4.500943661353229,0.37426896244792196,5.022117984661677e-09,1.4583638844577446e-09,-2.4186329499053483e-08,5.0290316084043734e-09,1.459429351305776e-09,2.4205275739988767e-08
1776,1.5371601985423355,0.0,0.14970758497916878,1.1215267708369048e-09,1.4893333761196337e-10,-1.607868495812679e-08,1.1227829282441217e-09,1.4910225279241203e-10,1.6093168161710952e-08
1777,1.6180633668866689,0.4091766964866572,0.14970758497916878,1.069873903621938e-09,9.555772478084136e-11,-1.235152327989385e-08,1.0710598282600083e-09,9.568120450664143e-11,1.2361647261073488e-08
1778,1.6989665352310024,0.8183533929733144,0.14970758497916878,8.754371435066191e-10,5.229420371769235e-11,-9.532003543018917e-09,8.763886257070569e-10,5.2387355729897094e-11,9.53870135992179e-09
1779,1.779869703575336,1.2275300894599717,0.14970758497916878,6.472817251558681e-10,1.3630204794398605e-11,-7.579139762765819e-09,6.479593671437733e-10,1.3716445108378503e-11,7.583373433895721e-09
1780,1.8607728719196692,1.6367067859466289,0.14970758497916878,4.013675298900172e-10,-2.302750665132505e-11,-6.521129117834606e-09,4.0175117176208426e-10,2.3027741935572513e-11,6.523923806309993e-09
1781,1.9416760402640028,2.045883482433286,0.14970758497916878,1.4692623272578965e-10,-5.949847601188441e-11,-6.400407260814795e-09,1.4701316186107886e-10,5.952625681085112e-11,6.402758519399196e-09
1782,2.0225792086083363,2.4550601789199433,0.14970758497916878,-1.057313663191431e-10,-9.324648273556189e-11,-7.243813037179584e-09,1.0598950402029043e-10,9.331252623004884e-11,7.246649063329089e-09
1783,2.1034823769526696,2.8642368754066005,0.14970758497916878,-3.4711493278619374e-10,-1.2379252967471458e-10,-9.02249776317576e-09,3.476527581921802e-10,1.2389485916304755e-10,9.026763441901141e-09
1784,2.1034823769526696,4.500943661353229,0.0,-5.992595564402474e-09,-4.992392653723883e-10,-1.3590285114682594e-08,5.999782229901341e-09,4.993803207967473e-10,1.3596807611900974e-08
1785,2.1034823769526696,4.091766964866572,0.0,-5.361654169004653e-09,-4.5460600417218596e-10,-1.2562564519774351e-08,5.368180159037386e-09,4.547852923035405e-10,1.2568791222410086e-08
1786,2.184385545297003,4.500943661353229,0.07485379248958439,-3.402278313575026e-09,-4.562711755410562e-10,-1.648746173088561e-08,3.4065531418403812e-09,4.5649618630537004e-10,1.649703653699203e-08
1787,2.184385545297003,4.091766964866572,0.07485379248958439,-3.070082675675007e-09,-4.065051373803122e-10,-1.4942596077642875e-08,3.073986531448207e-09,4.0674923081976375e-10,1.4951391132311362e-08
1788,2.2652887136413367,4.500943661353229,0.14970758497916878,-1.0760280064477732e-09,-1.8905758967822626e-10,-1.9234059443828106e-08,1.0774917915223991e-09,1.8918225159260946e-10,1.9246759291268772e-08
1789,2.2652887136413367,4.091766964866572,0.14970758497916878,-9.772986237973494e-10,-1.6602383273738532e-10,-1.7183158984936403e-08,9.786180107563439e-10,1.6615374295467504e-10,1.7194573451985617e-08
1790,2.34619188198567,4.500943661353229,0.22456137746875315,1.0361257444545033e-09,2.741794580235601e-10,-2.1826716876007367e-08,1.0374254385135136e-09,2.7435115610403943e-10,2.1842563732708155e-08
1791,2.0225792086083363,2.8642368754066005,0.0,-1.7452767651543649e-09,-4.0522826744293776e-10,-8.212607354522445e-09,1.7478086821048886e-09,4.0543719514326847e-10,8.215965743544345e-09
1792,2.184385545297003,3.2734135718932578,0.14970758497916878,-5.685469159811396e-10,-1.513695714448028e-10,-1.1668633918109497e-08,5.693596080909274e-10,1.5150042864849728e-10,1.167528789991119e-08
1793,2.34619188198567,4.091766964866572,0.22456137746875315,9.266909844943943e-10,2.603452138622744e-10,-1.9280814180223653e-08,9.27928702171381e-10,2.6052183919022365e-10,1.9294861435043977e-08
1794,2.4270950503300033,4.500943661353229,0.29941516995833756,2.9771039893303292e-09,9.051680380068617e-10,-2.4261763873228238e-08,2.9811594446939026e-09,9.058223732640888e-10,2.4280746422927494e-08
1795,1.6180633668866689,0.0,0.37426896244792196,-6.1308649374152986e-09,-4.034917061801258e-10,-1.3089792996627894e-08,6.1376675490317785e-09,4.0404750466607723e-10,1.3101028171311495e-08
1796,1.6180633668866689,0.0,0.29941516995833756,-3.6382275112165395e-09,-2.569010915947238e-10,-1.315575273503649e-08,3.6422665539328896e-09,2.572467570327259e-10,1.3167026891820547e-08
1797,1.6989665352310024,0.4091766964866572,0.37426896244792196,-5.683919407213381e-09,-1.5787940112031222e-10,-9.796094461828296e-09,5.69012720073973e-09,1.5828401965773287e-10,9.80351725069106e-09
1798,1.6989665352310024,0.4091766964866572,0.29941516995833756,-3.4016382615722184e-09,-9.198441051530431e-11,-9.853831051822324e-09,3.405353661036596e-09,9.223192264804369e-11,9.861285712287986e-09
1799,1.779869703575336,0.8183533929733144,0.37426896244792196,-4.6922210935967685e-09,5.371435064554186e-11,-7.4198732968582065e-09,4.697208235691626e-09,5.378971164280059e-11,7.424454677031414e-09
1800,1.779869703575336,0.8183533929733144,0.29941516995833756,-2.8140540772083566e-09,3.482964231215989e-11,-7.476780686200297e-09,2.8170453258745624e-09,3.486928059852528e-11,7.481390713178693e-09
1801,1.8607728719196692,1.2275300894599717,0.37426896244792196,-3.5961671877655677e-09,2.488906149897966e-10,-5.9475207385054e-09,3.5998133009297126e-09,2.48947611791021e-10,5.95026855368831e-09
1802,1.5371601985423355,0.0,0.07485379248958439,3.4567478281548526e-09,4.168680532559458e-10,-1.6052037303924152e-08,3.460636668413224e-09,4.1736730658634606e-10,1.6066504128319342e-08
1803,1.8607728719196692,1.2275300894599717,0.29941516995833756,-2.161122140357373e-09,1.5076619331428534e-10,-6.0044835051990715e-09,2.1633149789219677e-09,1.5080044382107149e-10,6.0072568990706324e-09
1804,1.9416760402640028,1.6367067859466289,0.37426896244792196,-2.417360691975092e-09,4.4423542227738226e-10,-5.4085295503987875e-09,2.4195771490873484e-09,4.4445545885267203e-10,5.410453749931301e-09
1805,1.6180633668866689,0.4091766964866572,0.07485379248958439,3.259915112921188e-09,2.569636362094622e-10,-1.2323478731572558e-08,3.263535146095055e-09,2.573377371090324e-10,1.2333585757743864e-08
1806,1.9416760402640028,1.6367067859466289,0.29941516995833756,-1.4590948454524762e-09,2.674684093061005e-10,-5.46725053727433e-09,1.460436795057148e-09,2.675997105117367e-10,5.4691986091041695e-09
1807,2.0225792086083363,2.045883482433286,0.37426896244792196,-1.180199206105568e-09,6.371565352799702e-10,-5.831507809723963e-09,1.1809525369355443e-09,6.375677727028963e-10,5.83354017258012e-09
1808,1.6989665352310024,0.8183533929733144,0.07485379248958439,2.676841904526987e-09,1.3272856000355663e-10,-9.502793415797238e-09,2.679752163134878e-09,1.330271621083356e-10,9.50947452507734e-09
1809,2.0225792086083363,2.045883482433286,0.29941516995833756,-7.215498906279934e-10,3.8284904757660444e-10,-5.8937022339004745e-09,7.220185947316459e-10,3.830942913395816e-10,5.895759000963564e-09
1810,2.1034823769526696,2.4550601789199433,0.37426896244792196,7.611393132916844e-11,8.192411543147535e-10,-7.223843860707725e-09,7.874462539228945e-11,8.198411418121588e-10,7.226912490595051e-09
1811,1.779869703575336,1.2275300894599717,0.07485379248958439,2.0092227298382318e-09,2.1350211482125065e-11,-7.549767221228942e-09,2.011326174035765e-09,2.1779925225394946e-11,7.55398592792845e-09
1812,2.1034823769526696,2.4550601789199433,0.29941516995833756,2.947751139187596e-11,4.923959260567174e-10,-7.291033780059517e-09,3.155199868996927e-11,4.92753384080333e-10,7.294129391346072e-09
1813,2.184385545297003,2.8642368754066005,0.37426896244792196,1.304698664837717e-09,9.803495370930512e-10,-9.535935078820476e-09,1.3072251270703319e-09,9.811123768423842e-10,9.54103604191106e-09
1814,1.8607728719196692,1.6367067859466289,0.07485379248958439,1.2886421282038472e-09,-8.76894967664188e-11,-6.491229448155992e-09,1.2898795368070941e-09,8.769117089443802e-11,6.494010920833127e-09
1815,2.184385545297003,2.8642368754066005,0.29941516995833756,7.665463753282619e-10,5.900733077567789e-10,-9.608922644494433e-09,7.680377652589623e-10,5.905275391571817e-10,9.614054310028754e-09
1816,2.2652887136413367,3.2734135718932578,0.37426896244792196,2.460738012411048e-09,1.1186156813409326e-09,-1.268058155723821e-08,2.4646519875540684e-09,1.1195060433006402e-09,1.2688688870213854e-08
1817,1.9416760402640028,2.045883482433286,0.07485379248958439,5.359993242908527e-10,-1.9755564876360923e-10,-6.3693458716218536e-09,5.363505553522214e-10,1.9763693602097954e-10,6.371684941317407e-09
1818,2.2652887136413367,3.2734135718932578,0.29941516995833756,1.4629474876993131e-09,6.746055213906411e-10,-1.2758959156644806e-08,1.4652702204736343e-09,6.751363394843908e-10,1.2767101542522376e-08
1819,2.34619188198567,3.682590268379915,0.37426896244792196,3.513182622719002e-09,1.2528749131746789e-09,-1.656324650936824e-08,3.518396566944281e-09,1.2538695756556093e-09,1.6575225840569378e-08
1820,2.0225792086083363,2.4550601789199433,0.07485379248958439,-2.221256554689594e-10,-3.031052193188318e-10,-7.210882001896079e-09,2.2285324333360445e-10,3.03295733412077e-10,7.213705837496857e-09
1821,2.34619188198567,3.682590268379915,0.29941516995833756,2.099763852411955e-09,7.578290313415966e-10,-1.6645201146541073e-08,2.102865146521131e-09,7.584238095543144e-10,1.6657219734942333e-08
1822,2.4270950503300033,4.091766964866572,0.37426896244792196,4.425350732769992e-09,1.4252819398980058e-09,-2.1149163539661974e-08,4.431710788569288e-09,1.4264006468086846e-09,2.1165787893913786e-08
1823,2.1034823769526696,3.682590268379915,0.0,-4.183753130133738e-09,-4.798759883117479e-10,-1.1523603779757265e-08,4.18904224929192e-09,4.801290309660534e-10,1.1529388485747129e-08
1824,2.184385545297003,3.682590268379915,0.07485379248958439,-2.386967716043438e-09,-4.2660675467272414e-10,-1.337711806126627e-08,2.3901375421793703e-09,4.269070394601305e-10,1.3384964678276173e-08
1825,2.1034823769526696,2.8642368754066005,0.07485379248958439,-9.57034427512285e-10,-4.004588591071256e-10,-8.987039491030279e-09,9.585758807453146e-10,4.007533203250849e-10,8.9912921425792e-09
1826,2.2652887136413367,3.682590268379915,0.14970758497916878,-7.642241376301333e-10,-1.7689837237389843e-10,-1.5098228595629833e-08,7.652957616581219e-10,1.770519155617316e-10,1.5108168722150922e-08
1827,2.4270950503300033,4.091766964866572,0.29941516995833756,2.6494092377605543e-09,8.64817551255559e-10,-2.1231588351013923e-08,2.6531854187230754e-09,8.654904129624769e-10,2.1248254664468797e-08
1828,1.6180633668866689,0.0,0.22456137746875315,-1.2307395921452537e-09,-8.221612390675846e-11,-1.3189206484154036e-08,1.2321086269974896e-09,8.23343021448628e-11,1.3200500025166748e-08
1829,1.6989665352310024,0.4091766964866572,0.22456137746875315,-1.1468406114596015e-09,-2.2440386111464906e-11,-9.882914455677028e-09,1.1480937908979464e-09,2.253672687707564e-11,9.89038479382965e-09
1830,1.779869703575336,0.8183533929733144,0.22456137746875315,-9.522709289625921e-10,1.8817619549277807e-11,-7.505339552908599e-09,9.53282922799268e-10,1.882245037972947e-11,7.50996348697886e-09
1831,1.5371601985423355,0.0,0.0,5.872902956882856e-09,6.558730539093922e-10,-1.5994731289110026e-08,5.8795131968635345e-09,6.566827596352613e-10,1.6009162937987368e-08
1832,1.8607728719196692,1.2275300894599717,0.22456137746875315,-7.403758168053387e-10,5.603955858760107e-11,-6.03303436954208e-09,7.411273876856515e-10,5.6051571170962056e-11,6.035820186845451e-09
1833,1.6180633668866689,0.4091766964866572,0.0,5.476510323912885e-09,4.155565366447947e-10,-1.2262833945257166e-08,5.4825936520839605e-09,4.1618175387844707e-10,1.2272904394868364e-08
1834,1.9416760402640028,1.6367067859466289,0.22456137746875315,-5.125365488786025e-10,9.451465062298303e-11,-5.496722706358255e-09,5.130110154481486e-10,9.455792755590171e-11,5.4986825436081155e-09
1835,1.6989665352310024,0.8183533929733144,0.0,4.493503937150405e-09,2.106853633384906e-10,-9.442832775784903e-09,4.498388426814591e-09,2.1119556820979816e-10,9.449480443310952e-09
1836,2.0225792086083363,2.045883482433286,0.22456137746875315,-2.710370472860762e-10,1.329338097270519e-10,-5.924961873406938e-09,2.71223439195421e-10,1.33014103136776e-10,5.9270308562292125e-09
1837,1.779869703575336,1.2275300894599717,0.0,3.3842192239834036e-09,2.635240030393381e-11,-7.489889839565742e-09,3.3877590586650776e-09,2.7280709077907225e-11,7.494078941407458e-09
1838,2.1034823769526696,2.4550601789199433,0.22456137746875315,-2.158478365877694e-11,1.7049895145991066e-10,-7.324779716093404e-09,2.1710632788548462e-11,1.7061521482560777e-10,7.327888992953354e-09
1839,1.8607728719196692,1.6367067859466289,0.0,2.1863346728931008e-09,-1.5530337885896417e-10,-6.430367058002936e-09,2.1884312200222236e-09,1.553066829980685e-10,6.4331222001715925e-09
1840,2.184385545297003,2.8642368754066005,0.22456137746875315,2.2715175877075354e-10,2.0466369506394151e-10,-9.645421708835005e-09,2.2762444170280823e-10,2.048109907962457e-10,9.650568995020488e-09
1841,1.9416760402640028,2.045883482433286,0.0,9.319625543292763e-10,-3.390270055985662e-10,-6.306148174083118e-09,9.325788198864269e-10,3.3916209091553115e-10,6.308462580670648e-09
1842,2.2652887136413367,3.2734135718932578,0.22456137746875315,4.661936691128122e-10,2.346117355435428e-10,-1.2797725098294231e-08,4.669446191995843e-10,2.347847639044537e-10,1.2805885250053247e-08
1843,2.1034823769526696,3.2734135718932578,0.0,-2.9117342783072202e-09,-5.671995325232537e-10,-1.0338260611232434e-08,2.9156926743121173e-09,5.675614249522671e-10,1.034339145781175e-08
1844,2.0225792086083363,2.4550601789199433,0.0,-3.353591394261608e-10,-5.168804792094156e-10,-7.143871863800681e-09,3.365830010851884e-10,5.171958440455452e-10,7.1466706282177374e-09
1845,2.184385545297003,3.2734135718932578,0.07485379248958439,-1.6420757037889652e-09,-4.883593442267452e-10,-1.1630035557249443e-08,1.644456971887163e-09,4.887391314188644e-10,1.1636675044438928e-08
1846,2.34619188198567,3.682590268379915,0.22456137746875315,6.891843375030485e-10,2.651879693470462e-10,-1.668487784197896e-08,6.90196092635272e-10,2.6538385826768284e-10,1.6696915923915772e-08
1847,2.507998218674337,4.500943661353229,0.37426896244792196,4.783866604499088e-09,1.6718522684657265e-09,-2.653585977671044e-08,4.790718745839801e-09,1.6731575454322635e-09,2.6557940839843725e-08
1848,1.6180633668866689,0.0,0.14970758497916878,1.1481445098722655e-09,1.0142343974152906e-10,-1.3192689481442651e-08,1.1494138758014692e-09,1.0153935046130262e-10,1.320398485170151e-08
1849,1.6989665352310024,0.4091766964866572,0.14970758497916878,1.0987953307489854e-09,4.8374410301704625e-11,-9.884515462271829e-09,1.0999940322717477e-09,4.844583227605946e-11,9.891986208157651e-09
1850,1.779869703575336,0.8183533929733144,0.14970758497916878,9.040961977645043e-10,3.906480829955711e-12,-7.506055306080253e-09,9.050577125781818e-10,3.994639785895251e-12,7.510678793554715e-09
1851,1.8607728719196692,1.2275300894599717,0.14970758497916878,6.755509387562418e-10,-3.757534294979019e-11,-6.033621427966062e-09,6.762363845317398e-10,3.758544460465885e-11,6.036406809833914e-09
1852,1.9416760402640028,1.6367067859466289,0.14970758497916878,4.3004859644140996e-10,-7.718496923758644e-11,-5.4973671002390535e-09,4.304389427439796e-10,7.722989765080232e-11,5.499326851746036e-09
1853,2.0225792086083363,2.045883482433286,0.14970758497916878,1.7672687094242286e-10,-1.154583156270915e-10,-5.9256976596494705e-09,1.76822839640331e-10,1.1554320025980426e-10,5.927766948584075e-09
1854,2.1034823769526696,2.4550601789199433,0.14970758497916878,-7.41537378995695e-11,-1.4965778906950712e-10,-7.325568219009365e-09,7.444596642155604e-11,1.4978315955436592e-10,7.328678186813201e-09
1855,2.184385545297003,2.8642368754066005,0.14970758497916878,-3.1269469376654323e-10,-1.7901846223127414e-10,-9.646062084564978e-09,3.132387649863662e-10,1.791787179316042e-10,9.651210336303519e-09
1856,2.184385545297003,4.500943661353229,0.0,-5.748129477850571e-09,-7.361081129706324e-10,-1.6397418757548458e-08,5.755314718571716e-09,7.364627238984386e-10,1.6406962607158236e-08
1857,2.184385545297003,4.091766964866572,0.0,-5.130125351520711e-09,-6.915208115109012e-10,-1.4859587379351775e-08,5.136649463036186e-09,6.91924126694505e-10,1.4868353301912949e-08
1858,2.2652887136413367,4.500943661353229,0.07485379248958439,-3.2494929552119416e-09,-5.965573295193251e-10,-1.9186936142611885e-08,3.2537574703916885e-09,5.969225187045231e-10,1.9199618288518223e-08
1859,2.2652887136413367,4.091766964866572,0.07485379248958439,-2.9275475598378653e-09,-5.46854097407237e-10,-1.7139970189772878e-08,2.9314428505958745e-09,5.472394074250084e-10,1.715136823007691e-08
1860,2.34619188198567,4.500943661353229,0.14970758497916878,-1.0171065351728468e-09,-2.356000236474304e-10,-2.1820562713269908e-08,1.0185639883764383e-09,2.357721581747943e-10,2.183640753621445e-08
1861,2.34619188198567,4.091766964866572,0.14970758497916878,-9.257601421097689e-10,-2.128642518376701e-10,-1.9277147212705155e-08,9.270750579522201e-10,2.1304112091204314e-10,1.92911937257977e-08
1862,2.4270950503300033,4.500943661353229,0.22456137746875315,9.990459126554073e-10,3.1715397279907124e-10,-2.4296008987984263e-08,1.0003377669566686e-09,3.1737495964229027e-10,2.4315008327498495e-08
1863,2.1034823769526696,2.8642368754066005,0.0,-1.5670070098769117e-09,-6.808846146486507e-10,-8.914941621990984e-09,1.5695684456929058e-09,6.813718450421636e-10,8.919167188468368e-09
1864,2.2652887136413367,3.2734135718932578,0.14970758497916878,-5.302444741855771e-10,-2.0381474193426e-10,-1.2797703355297923e-08,5.310594044480248e-10,2.040000903130936e-10,1.2805864514011256e-08
1865,2.4270950503300033,4.091766964866572,0.22456137746875315,8.857060887239205e-10,3.0326210594883413e-10,-2.126900037884859e-08,8.869346249877215e-10,3.0348757061086873e-10,2.128568596427175e-08
1866,2.507998218674337,4.500943661353229,0.29941516995833756,2.8413031218419984e-09,1.0324419621064231e-09,-2.661138223975983e-08,2.8453237859153883e-09,1.0332414120829631e-09,2.6633503160361147e-08
1867,1.6989665352310024,0.0,0.37426896244792196,-6.3023057513626235e-09,-1.7201462781084012e-10,-1.0133538974130861e-08,6.3091855161555115e-09,1.7231941643786576e-10,1.0141570792479101e-08
1868,1.6989665352310024,0.0,0.29941516995833756,-3.74288049333885e-09,-1.1772967326147456e-10,-1.0194242873411601e-08,3.7469659410432316e-09,1.1792283026435972e-10,1.0202308813429037e-08
1869,1.779869703575336,0.4091766964866572,0.37426896244792196,-5.838708978290526e-09,7.139868761874336e-11,-7.266716704676273e-09,5.844975642531247e-09,7.14001765841227e-11,7.271499253644453e-09
1870,1.779869703575336,0.4091766964866572,0.29941516995833756,-3.494975511101624e-09,4.5012411082548706e-11,-7.319409082995306e-09,3.4987260122375477e-09,4.50132041091736e-11,7.324219215721562e-09
1871,1.8607728719196692,0.8183533929733144,0.37426896244792196,-4.8354603983362895e-09,2.9274389296446893e-10,-5.3360092989776646e-09,4.840489481630409e-09,2.9286606882763414e-10,5.338566878560776e-09
1872,1.8607728719196692,0.8183533929733144,0.29941516995833756,-2.8998777754688342e-09,1.7781951058512316e-10,-5.388030504799633e-09,2.902893827658358e-09,1.7789248374609555e-10,5.390612885716063e-09
1873,1.9416760402640028,1.2275300894599717,0.37426896244792196,-3.735913154135987e-09,5.035648734821729e-10,-4.344774207582934e-09,3.73959150314293e-09,5.038642566181938e-10,4.3461477973605e-09
1874,1.6180633668866689,0.0,0.07485379248958439,3.5534037821456346e-09,2.7658337668313525e-10,-1.316741306809575e-08,3.557340173869328e-09,2.7692675703885966e-10,1.3178693571807122e-08
1875,1.9416760402640028,1.2275300894599717,0.29941516995833756,-2.2447295783300276e-09,3.0314166486076666e-10,-4.397486777884502e-09,2.2469413626668853e-09,3.033204238241922e-10,4.398882448075023e-09
1876,2.0225792086083363,1.6367067859466289,0.37426896244792196,-2.5597722878499034e-09,7.131241776658332e-10,-4.325007836773169e-09,2.562019588984351e-09,7.136233936349579e-10,4.3261312317359685e-09
1877,1.6989665352310024,0.4091766964866572,0.07485379248958439,3.3539583251637174e-09,1.1767066271442072e-10,-9.858202074892664e-09,3.357618925151203e-09,1.1789657695313552e-10,9.865657598739619e-09
1878,2.0225792086083363,1.6367067859466289,0.29941516995833756,-1.5442308397919241e-09,4.2821527549672133e-10,-4.380410574160375e-09,1.5455909705232993e-09,4.2851317981371567e-10,4.381555339524924e-09
1879,2.1034823769526696,2.045883482433286,0.37426896244792196,-1.3294893201801122e-09,9.140858603983301e-10,-5.293373040718552e-09,1.3302859501399475e-09,9.147930614241521e-10,5.2951043035258695e-09
1880,1.779869703575336,0.8183533929733144,0.07485379248958439,2.765951532918505e-09,-1.1778909619362514e-11,-7.478865540176229e-09,2.7688917739413028e-09,1.1962987143647189e-11,7.483474168475484e-09
1881,2.1034823769526696,2.045883482433286,0.29941516995833756,-8.108349249101644e-10,5.482686507759998e-10,-5.353309075118104e-09,8.113291544730532e-10,5.486905182744821e-10,5.355064210682935e-09
1882,2.184385545297003,2.4550601789199433,0.37426896244792196,-8.412761838322251e-11,1.0954496580544246e-09,-7.236325099051393e-09,8.564023617906348e-11,1.096348220478209e-09,7.239651630488959e-09
1883,1.8607728719196692,1.2275300894599717,0.07485379248958439,2.096039695262607e-09,-1.3232159454882758e-10,-6.006240408107993e-09,2.0981655739301943e-09,1.323538098444694e-10,6.0090125080438915e-09
1884,2.184385545297003,2.4550601789199433,0.29941516995833756,-6.641205278639421e-11,6.571735721033418e-10,-7.3022515462654025e-09,6.698829043070805e-11,6.577091626443607e-10,7.305606061028721e-09
1885,2.2652887136413367,2.8642368754066005,0.37426896244792196,1.13052300682247e-09,1.2471911037834677e-09,-1.0082700515981266e-08,1.1331143240892557e-09,1.2482432319651776e-09,1.0088686554275613e-08
1886,1.9416760402640028,1.6367067859466289,0.07485379248958439,1.376315926575592e-09,-2.501268323199894e-10,-5.469160187197199e-09,1.377572607951584e-09,2.502597317500947e-10,5.4711080122101e-09
1887,2.2652887136413367,2.8642368754066005,0.29941516995833756,6.625036061139851e-10,7.491049761929117e-10,-1.0155232562159932e-08,6.640347366108704e-10,7.497317705584798e-10,1.0161251486239347e-08
1888,2.34619188198567,3.2734135718932578,0.37426896244792196,2.270185782815682e-09,1.369453026110965e-09,-1.3724248599459958e-08,2.274109156608877e-09,1.37061527569092e-09,1.3733869961299105e-08
1889,2.0225792086083363,2.045883482433286,0.07485379248958439,6.269946391054856e-10,-3.6520628241834e-10,-5.895895975093665e-09,6.273716561960079e-10,3.654561454075947e-10,5.897953666261744e-09
1890,2.34619188198567,3.2734135718932578,0.29941516995833756,1.3495581717445013e-09,8.240250633847387e-10,-1.3802716030428269e-08,1.3518862791200256e-09,8.247181787578219e-10,1.3812375683740826e-08
1891,2.4270950503300033,3.682590268379915,0.37426896244792196,3.3036442052858107e-09,1.4845588881472595e-09,-1.8053390255718577e-08,3.308835516089598e-09,1.4858061702380119e-09,1.8067467314539166e-08
1892,2.1034823769526696,2.4550601789199433,0.07485379248958439,-1.25466249698485e-10,-4.713155459900253e-10,-7.293409186789673e-09,1.2642521308893227e-10,4.716820272609812e-10,7.296506867964127e-09
1893,2.4270950503300033,3.682590268379915,0.29941516995833756,1.9758904900385063e-09,8.957258888845748e-10,-1.8135602625593312e-08,1.97897778194118e-09,8.964719033516851e-10,1.8149722807861225e-08
1894,2.507998218674337,4.091766964866572,0.37426896244792196,4.194620659202534e-09,1.6406490279534827e-09,-2.3030903585250832e-08,4.200926011499821e-09,1.642006820337071e-09,2.305015171379469e-08
1895,2.184385545297003,3.682590268379915,0.0,-3.971917923703006e-09,-7.267211475251123e-10,-1.3294949251755185e-08,3.977209789044814e-09,7.27218243939933e-10,1.3302765453879823e-08
1896,2.2652887136413367,3.682590268379915,0.07485379248958439,-2.25916848578535e-09,-5.729907434404498e-10,-1.505632022557597e-08,2.2623354359352632e-09,5.73441275873864e-10,1.5066243773114555e-08
1897,2.184385545297003,2.8642368754066005,0.07485379248958439,-8.523070063450774e-10,-5.640946452290322e-10,-9.6108580389719e-09,8.538711992302731e-10,5.645615008486723e-10,9.615992594128588e-09
1898,2.34619188198567,3.682590268379915,0.14970758497916878,-7.204469747949729e-10,-2.260704024359195e-10,-1.6683431265265175e-08,7.215170561003363e-10,2.26274065457572e-10,1.669546984155808e-08
1899,2.507998218674337,4.091766964866572,0.29941516995833756,2.514653653155699e-09,9.930902001244497e-10,-2.311332562331373e-08,2.5183972512736574e-09,9.93906878030922e-10,2.3132619580581545e-08
1900,1.6989665352310024,0.0,0.22456137746875315,-1.2702440277758926e-09,-3.6625643431787626e-11,-1.0224899649579027e-08,1.2716303125065024e-09,3.669447319355118e-11,1.0232982498434545e-08
1901,1.779869703575336,0.4091766964866572,0.22456137746875315,-1.1798826986883969e-09,2.222157173411878e-11,-7.3458300879482346e-09,1.181147993282393e-09,2.222160206059672e-11,7.350653745470596e-09
1902,1.8607728719196692,0.8183533929733144,0.22456137746875315,-9.816439053346027e-10,6.601643683207373e-11,-5.414101953461385e-09,9.826640811424646e-10,6.604099723754025e-11,5.4166964189005515e-09
1903,1.6180633668866689,0.0,0.0,6.041367643002423e-09,4.2399921347413477e-10,-1.3113580039921003e-08,6.0480615980449086e-09,4.245522700969546e-10,1.3124828900184116e-08
1904,1.9416760402640028,1.2275300894599717,0.22456137746875315,-7.68688706635693e-10,1.0664920306671884e-10,-4.4239395907782715e-09,7.69446371248469e-10,1.0670827250277976e-10,4.425346113361543e-09
1905,1.6989665352310024,0.4091766964866572,0.0,5.637009827306692e-09,1.8403901123556478e-10,-9.80167535672349e-09,5.643162449046754e-09,1.8442204292684114e-10,9.809098207390429e-09
1906,2.0225792086083363,1.6367067859466289,0.22456137746875315,-5.412521408053552e-10,1.4791857114098846e-10,-4.4082740453764725e-09,5.417325153236832e-10,1.4801664646710738e-10,4.409429500209623e-09
1907,1.779869703575336,0.8183533929733144,0.0,4.644149771859479e-09,-3.038196852832146e-11,-7.4232416097654526e-09,4.649084783198308e-09,3.056060377820073e-11,7.4278205399396436e-09
1908,2.1034823769526696,2.045883482433286,0.22456137746875315,-3.011384845954429e-10,1.8774547478775254e-10,-5.383482975454344e-09,3.0133314894495424e-10,1.8788405551978295e-10,5.385250233148065e-09
1909,1.8607728719196692,1.2275300894599717,0.0,3.530522748665971e-09,-2.3043502363669706e-10,-5.950424873601403e-09,3.534100151609836e-09,2.3048981723722642e-10,5.953170555889775e-09
1910,2.184385545297003,2.4550601789199433,0.22456137746875315,-5.397619961590434e-11,2.2469822867008342e-10,-7.3353768650377285e-09,5.399688445952295e-11,2.2487327984444098e-10,7.3387457390690824e-09
1911,1.9416760402640028,1.6367067859466289,0.0,2.3338634313801155e-09,-4.268285151151862e-10,-5.411649264429458e-09,2.335992341650289e-09,4.2705012655971814e-10,5.413573080469569e-09
1912,2.2652887136413367,2.8642368754066005,0.22456137746875315,1.92240491898936e-10,2.566219485706343e-10,-1.0191474564627066e-08,1.9272982184620433e-10,2.5682613239348366e-10,1.0197510382081811e-08
1913,2.0225792086083363,2.045883482433286,0.0,1.0849105950801267e-09,-6.192382640626963e-10,-5.835125183062252e-09,1.0855701017118497e-09,6.196541894647807e-10,5.8371591028352855e-09
1914,2.34619188198567,3.2734135718932578,0.22456137746875315,4.287177069198794e-10,2.8321096136806557e-10,-1.3841472385239972e-08,4.2947013482357034e-10,2.834375327448309e-10,1.3851151513336257e-08
1915,2.184385545297003,3.2734135718932578,0.0,-2.7179929868514436e-09,-8.281216755549668e-10,-1.155207424222767e-08,2.721963170403882e-09,8.287511424256092e-10,1.1558683486651071e-08
1916,2.1034823769526696,2.4550601789199433,0.0,-1.7280898064963e-10,-7.977335859685115e-10,-7.227823324434955e-09,1.7454353044020547e-10,7.983424664608463e-10,7.2308953998883175e-09
1917,2.2652887136413367,3.2734135718932578,0.07485379248958439,-1.5271226557554419e-09,-6.431005272826189e-10,-1.2758909999679398e-08,1.5295100789770677e-09,6.436430902533563e-10,1.2767055390901178e-08
1918,2.4270950503300033,3.682590268379915,0.22456137746875315,6.493784572941052e-10,3.096831596215597e-10,-1.8175334484271658e-08,6.503845100547368e-10,3.0992937141395154e-10,1.8189476027464313e-08
1919,2.5889013870186703,4.500943661353229,0.37426896244792196,4.5456889876729475e-09,1.877753512910773e-09,-2.8765415636866768e-08,4.552466785882543e-09,1.8792953375197546e-09,2.8790603628532638e-08
1920,1.6989665352310024,0.0,0.14970758497916878,1.173144668324187e-09,5.3062763202823595e-11,-1.0227779500110541e-08,1.1744253666485492e-09,5.31250768103029e-11,1.0235863767761945e-08
1921,1.779869703575336,0.4091766964866572,0.14970758497916878,1.1256278775226415e-09,6.614122794932714e-13,-7.347022793822362e-09,1.1268371975660518e-09,7.625115563251065e-13,7.351846655042557e-09
1922,1.8607728719196692,0.8183533929733144,0.14970758497916878,9.308354885139692e-10,-4.466138036854115e-11,-5.414646095212304e-09,9.318052681167355e-10,4.4685368809023014e-11,5.417240201350752e-09
1923,1.9416760402640028,1.2275300894599717,0.14970758497916878,7.022506232880446e-10,-8.858687599732354e-11,-4.42452103324765e-09,7.029426678625687e-10,8.864761201702487e-11,4.425927376909704e-09
1924,2.0225792086083363,1.6367067859466289,0.14970758497916878,4.574707246122526e-10,-1.3087219786867184e-10,-4.409006574779779e-09,4.5786731792042823e-10,1.3097390589224624e-10,4.410162209711748e-09
1925,2.1034823769526696,2.045883482433286,0.14970758497916878,2.055255647898929e-10,-1.7096204428622307e-10,-5.384351783744887e-09,2.0563046188025192e-10,1.7110656467135054e-10,5.386119639552279e-09
1926,2.184385545297003,2.4550601789199433,0.14970758497916878,-4.3346971390580313e-11,-2.0575280137563577e-10,-7.336276661582626e-09,4.373256830661714e-11,2.0593813833391817e-10,7.33964657762125e-09
1927,2.2652887136413367,2.8642368754066005,0.14970758497916878,-2.788276282612249e-10,-2.338730795894454e-10,-1.0192156409106082e-08,2.793804583385077e-10,2.3409142787598886e-10,1.0198193541677487e-08
1928,2.2652887136413367,4.500943661353229,0.0,-5.497072483341751e-09,-9.691911176645687e-10,-1.9094671436612127e-08,5.504239124460648e-09,9.69777767683775e-10,1.9107317894546892e-08
1929,2.2652887136413367,4.091766964866572,0.0,-4.893940255597937e-09,-9.25043709918829e-10,-1.705511186978244e-08,4.900448736265213e-09,9.256824374394192e-10,1.706647650250279e-08
1930,2.34619188198567,4.500943661353229,0.07485379248958439,-3.093473319768067e-09,-7.342514568438926e-10,-2.177245212399223e-08,3.0977178446233464e-09,7.34760193586283e-10,2.1788276718848488e-08
1931,2.34619188198567,4.091766964866572,0.07485379248958439,-2.782985772429276e-09,-6.850327989216945e-10,-1.923314783226469e-08,2.786864810365742e-09,6.855610161480251e-10,1.924717568756139e-08
1932,2.4270950503300033,4.500943661353229,0.14970758497916878,-9.57139507319597e-10,-2.8144888532292365e-10,-2.4289519668717345e-08,9.58587432755305e-10,2.8166859031777006e-10,2.4308516510916977e-08
1933,2.4270950503300033,4.091766964866572,0.14970758497916878,-8.737399360997285e-10,-2.5924941738981225e-10,-2.1265088567487193e-08,8.750480986838311e-10,2.5947312008772325e-10,2.128177314439197e-08
1934,2.507998218674337,4.500943661353229,0.22456137746875315,9.619989232649707e-10,3.582707730750302e-10,-2.66455177062581e-08,9.63280915410402e-10,3.585407907519965e-10,2.6667656847591172e-08
1935,2.184385545297003,2.8642368754066005,0.0,-1.3909919701300926e-09,-9.536608520893613e-10,-9.539183842560736e-09,1.393593504489289e-09,9.544357952406376e-10,9.544289613733282e-09
1936,2.34619188198567,3.2734135718932578,0.14970758497916878,-4.922554172378432e-10,-2.5580611601950515e-10,-1.3841423596020953e-08,4.930727514948698e-10,2.560460298735085e-10,1.3851103966220837e-08
1937,2.507998218674337,4.091766964866572,0.22456137746875315,8.447521933319191e-10,3.4447131768407754e-10,-2.3150657323395697e-08,8.459693170499712e-10,3.4474528613028793e-10,2.3169972170239636e-08
1938,2.5889013870186703,4.500943661353229,0.29941516995833756,2.705679401568529e-09,1.1548518984669132e-09,-2.8840629452511173e-08,2.7096582981267695e-09,1.1557943660933679e-09,2.8865860587242533e-08
1939,1.779869703575336,0.0,0.37426896244792196,-6.4586277710659085e-09,6.014144109610287e-11,-7.105885873066993e-09,6.46556921565394e-09,6.01461619342453e-11,7.1107232881568724e-09
1940,1.779869703575336,0.0,0.29941516995833756,-3.838329240986375e-09,2.1836819215688878e-11,-7.161007003126082e-09,3.842451865296367e-09,2.183719256608335e-11,7.1658737197885025e-09
1941,1.8607728719196692,0.4091766964866572,0.37426896244792196,-5.979951683662654e-09,3.004236085284649e-10,-4.673097777795755e-09,5.986264065255222e-09,3.0060365363201416e-10,4.6753145516223186e-09
1942,1.8607728719196692,0.4091766964866572,0.29941516995833756,-3.5801659580671546e-09,1.8177806107697172e-10,-4.72047738433433e-09,3.5839437292665044e-09,1.8188459001034353e-10,4.722717266766449e-09
1943,1.9416760402640028,0.8183533929733144,0.37426896244792196,-4.967675676888424e-09,5.304842819803498e-10,-3.1919035486725033e-09,4.972737718436368e-09,5.30851634157618e-10,3.1926264325854427e-09
1944,1.9416760402640028,0.8183533929733144,0.29941516995833756,-2.979157976517163e-09,3.1993531893005524e-10,-3.238798685054249e-09,2.9821935723439987e-09,3.2015430098787084e-10,3.2395405440514786e-09
1945,2.0225792086083363,1.2275300894599717,0.37426896244792196,-3.8666990708485745e-09,7.560254809066014e-10,-2.682748376071892e-09,3.870404731820933e-09,7.565955518845639e-10,2.6829911207511793e-09
1946,1.6989665352310024,0.0,0.07485379248958439,3.6432772796692445e-09,1.3469455946872621e-10,-1.0204040383012302e-08,3.647254010881628e-09,1.3488092016781286e-10,1.0212111335729118e-08
1947,2.0225792086083363,1.2275300894599717,0.29941516995833756,-2.323024167197766e-09,4.541279078606642e-10,-2.7309570288611647e-09,2.3252521357556503e-09,4.544682159715831e-10,2.7312138943896935e-09
1948,2.1034823769526696,1.6367067859466289,0.37426896244792196,-2.6950322111102568e-09,9.792875106140804e-10,-3.18007914532229e-09,2.697309028563192e-09,9.800770233267733e-10,3.180492629760051e-09
1949,1.779869703575336,0.4091766964866572,0.07485379248958439,3.4410073769960822e-09,-2.2430287514708588e-11,-7.32260683173623e-09,3.444701576921419e-09,2.244048636048638e-11,7.3274172384289045e-09
1950,2.1034823769526696,1.6367067859466289,0.29941516995833756,-1.625098339710735e-09,5.873072193647677e-10,-3.2319054021559954e-09,1.6264760581189844e-09,5.8777847980278e-10,3.2323356224591306e-09
1951,2.184385545297003,2.045883482433286,0.37426896244792196,-1.4732296040308445e-09,1.1878892439659086e-09,-4.690622270943287e-09,1.4740699203798127e-09,1.1888974703240248e-09,4.692035274423671e-09
1952,1.8607728719196692,0.8183533929733144,0.07485379248958439,2.849099479914394e-09,-1.5629917755152994e-10,-5.389624466864322e-09,2.8520645800418304e-09,1.5637117558134867e-10,5.392205718655714e-09
1953,2.184385545297003,2.045883482433286,0.29941516995833756,-8.967245751167245e-10,7.117542895133265e-10,-4.748049739761863e-09,8.972447947094055e-10,7.123559102651133e-10,4.749485864701491e-09
1954,2.2652887136413367,2.4550601789199433,0.37426896244792196,-2.39989210807459e-10,1.3680288585115517e-09,-7.179196654460677e-09,2.4028362688006933e-10,1.369228323608148e-09,7.1827678762771865e-09
1955,1.9416760402640028,1.2275300894599717,0.07485379248958439,2.1780215720021006e-09,-2.8519082785849805e-10,-4.39924777393566e-09,2.1801668648343376e-09,2.85371152901334e-10,4.4006429127067105e-09
1956,2.2652887136413367,2.4550601789199433,0.29941516995833756,-1.5953370950672767e-10,8.196720447395873e-10,-7.243569741786139e-09,1.5965788201345944e-10,8.203872806627758e-10,7.247169834387351e-09
1957,2.34619188198567,2.8642368754066005,0.37426896244792196,9.598642464563232e-10,1.5099500182965442e-09,-1.0553219862030677e-08,9.625520555146994e-10,1.511292092495918e-09,1.0560093453674474e-08
1958,2.0225792086083363,1.6367067859466289,0.07485379248958439,1.4601399605449033e-09,-4.111983808491849e-10,-4.382616189033023e-09,1.4614151752534335e-09,4.1149995946205e-10,4.383761494375553e-09
1959,2.34619188198567,2.8642368754066005,0.29941516995833756,5.607118134015102e-10,9.055784809059237e-10,-1.0624956402843394e-08,5.623019088929845e-10,9.06378313290596e-10,1.0631864980975265e-08
1960,2.4270950503300033,3.2734135718932578,0.37426896244792196,2.082480230212542e-09,1.6155734502236302e-09,-1.4683743808341693e-08,2.086414410938007e-09,1.6170069580651272e-09,1.4694882859018006e-08
1961,2.1034823769526696,2.045883482433286,0.07485379248958439,7.149570991679228e-10,-5.313388357536784e-10,-5.355939402560056e-09,7.153603546654489e-10,5.317667260020932e-10,5.357696325555904e-09
1962,2.4270950503300033,3.2734135718932578,0.29941516995833756,1.2379741762158154e-09,9.70470463404786e-10,-1.4761925382207297e-08,1.240308231359769e-09,9.713255331886704e-10,1.4773105867274291e-08
1963,2.507998218674337,3.682590268379915,0.37426896244792196,3.0962636383697353e-09,1.7105932957766948e-09,-1.9449834864865048e-08,3.101425901285921e-09,1.712091352735206e-09,1.9466004234695424e-08
1964,2.184385545297003,2.4550601789199433,0.07485379248958439,-3.115717442654483e-11,-6.379819389896578e-10,-7.304996607872199e-09,3.37995446824306e-11,6.385277333806148e-10,7.308354229622639e-09
1965,2.507998218674337,3.682590268379915,0.29941516995833756,1.8533228460107925e-09,1.030040226199638e-09,-1.9531902748369224e-08,1.8563922300388083e-09,1.0309363689245764e-09,1.954811895077567e-08
1966,2.5889013870186703,4.091766964866572,0.37426896244792196,3.965292586579903e-09,1.849232041517516e-09,-2.4807404117586627e-08,3.9715324009365345e-09,1.8508255945231693e-09,2.482925536689219e-08
1967,2.2652887136413367,3.682590268379915,0.0,-3.758430133294262e-09,-9.702813978149864e-10,-1.4972870990122954e-08,3.7637162930634706e-09,9.710291425578914e-10,1.498276030037591e-08
1968,2.34619188198567,3.682590268379915,0.07485379248958439,-2.1310436594566882e-09,-7.173119988982711e-10,-1.664102823694912e-08,2.134203367516346e-09,7.179136244172618e-10,1.6653048370333024e-08
1969,2.2652887136413367,2.8642368754066005,0.07485379248958439,-7.493073598808869e-10,-7.25973272468748e-10,-1.0157320966283315e-08,7.509035964992242e-10,7.266138535893839e-10,1.016334381154059e-08
1970,2.4270950503300033,3.682590268379915,0.14970758497916878,-6.767487002785928e-10,-2.748193740774221e-10,-1.817378313530192e-08,6.778162444443163e-10,2.7507303261540765e-10,1.8187925167714823e-08
1971,2.5889013870186703,4.091766964866572,0.29941516995833756,2.380651583678019e-09,1.1170843397174448e-09,-2.48894232864528e-08,2.3843564483255597e-09,1.1180427712840467e-09,2.4911323928599677e-08
1972,1.779869703575336,0.0,0.22456137746875315,-1.3060990544544933e-09,8.874833521094507e-12,-7.188700673539636e-09,1.307499074162655e-09,8.875163509425469e-12,7.193581851012437e-09
1973,1.8607728719196692,0.4091766964866572,0.22456137746875315,-1.2100224768327403e-09,6.659240284479269e-11,-4.744120144898637e-09,1.2112971274873297e-09,6.662718331723833e-11,4.746371313875371e-09
1974,1.9416760402640028,0.8183533929733144,0.22456137746875315,-1.008824184781369e-09,1.1272132394946608e-10,-3.2622774194541205e-09,1.0098508477526397e-09,1.1279301669907602e-10,3.263028598749395e-09
1975,1.6989665352310024,0.0,0.0,6.197494705814638e-09,1.899375792490797e-10,-1.0154014073255557e-08,6.204259406669435e-09,1.9023378011244505e-10,1.0162057003117735e-08
1976,2.0225792086083363,1.2275300894599717,0.22456137746875315,-7.952277247154158e-10,1.5668841631896384e-10,-2.7551901011783394e-09,7.959907609772814e-10,1.5680055236787446e-10,2.7554540617847703e-09
1977,1.779869703575336,0.4091766964866572,0.0,5.7854077649465675e-09,-4.8499913244748806e-11,-7.27052143813094e-09,5.791617712712419e-09,4.850809556091888e-11,7.275303165972082e-09
1978,2.1034823769526696,1.6367067859466289,0.22456137746875315,-5.685357252740428e-10,2.0076050268815358e-10,-3.2580437738275385e-09,5.690220304686063e-10,2.0091589062677888e-10,3.258482513636074e-09
1979,1.8607728719196692,0.8183533929733144,0.0,4.784638909392381e-09,-2.7124041348470513e-10,-5.338626157497827e-09,4.7896158482083385e-09,2.7136124094926283e-10,5.341181755691892e-09
1980,2.184385545297003,2.045883482433286,0.22456137746875315,-3.3007548373450373e-10,2.418484387405026e-10,-4.77702882669412e-09,3.3027881575940264e-10,2.420465453923271e-10,4.778476855799784e-09
1981,1.9416760402640028,1.2275300894599717,0.0,3.6686229675461752e-09,-4.858003807389369e-10,-4.347745437484741e-09,3.672232998214156e-09,4.861012711185231e-10,4.3491181479463324e-09
1982,2.2652887136413367,2.4550601789199433,0.22456137746875315,-8.53820349911609e-11,2.779731967856824e-10,-7.275942687029258e-09,8.538454444138193e-11,2.782077567057068e-10,7.279557782878535e-09
1983,2.0225792086083363,1.6367067859466289,0.0,2.4749307523786775e-09,-6.961414998642329e-10,-4.3287076344711826e-09,2.477090879973724e-09,6.966445318899607e-10,4.3298319280862765e-09
1984,2.34619188198567,2.8642368754066005,0.22456137746875315,1.5813476184596912e-10,3.075283649842076e-10,-1.0660797896828896e-08,1.5864971593611811e-10,3.0778973725430616e-10,1.0667724596864952e-08
1985,2.1034823769526696,2.045883482433286,0.0,1.2328589816816268e-09,-8.969160313115398e-10,-5.2978184029142554e-09,1.2335625824300823e-09,8.976294106304383e-10,5.2995526274718816e-09
1986,2.4270950503300033,3.2734135718932578,0.22456137746875315,3.91886344770799e-10,3.3054659949728074e-10,-1.480053365098292e-08,3.9264028457170333e-10,3.3082664855572704e-10,1.481173525043141e-08
1987,2.2652887136413367,3.2734135718932578,0.0,-2.5251604482300003e-09,-1.0857252183378248e-09,-1.268054837249131e-08,2.529140678164847e-09,1.0866263757309267e-09,1.2688660674623478e-08
1988,2.184385545297003,2.4550601789199433,0.0,-1.4081919006621761e-11,-1.0757974270956552e-09,-7.241019516942099e-09,2.4811248292798543e-11,1.0767060438760414e-09,7.244351178500001e-09
1989,2.34619188198567,3.2734135718932578,0.07485379248958439,-1.413257721195502e-09,-7.95822232679418e-10,-1.380260027097245e-08,1.4156512536780422e-09,7.965280261992167e-10,1.3812263625155469e-08
1990,2.507998218674337,3.682590268379915,0.22456137746875315,6.10014850581575e-10,3.5261677624459433e-10,-1.9571549719565993e-08,6.110137084337772e-10,3.529129375891892e-10,1.958778901842886e-08
1991,2.6698045553630037,4.500943661353229,0.37426896244792196,4.309042854650353e-09,2.075521277902629e-09,-3.087528236235143e-08,4.3157347119533374e-09,2.0772946928354783e-09,3.090353645658165e-08
1992,1.779869703575336,0.0,0.14970758497916878,1.1963511716237346e-09,4.042339978959514e-12,-7.190982799125293e-09,1.1976412233649117e-09,4.051443933004624e-12,7.195864981605685e-09
1993,1.8607728719196692,0.4091766964866572,0.14970758497916878,1.1501615791318498e-09,-4.7429993203572187e-11,-4.744933474997131e-09,1.151379301874221e-09,4.7467320783178536e-11,4.747184657263745e-09
1994,1.9416760402640028,0.8183533929733144,0.14970758497916878,9.554505042617875e-10,-9.334189267912684e-11,-3.2626713106605253e-09,9.564267422448064e-10,9.341778899891541e-11,3.263422271884462e-09
1995,2.0225792086083363,1.2275300894599717,0.14970758497916878,7.272074710615959e-10,-1.3933838085971624e-10,-2.7557622583989792e-09,7.279048541297256e-10,1.3945434604704784e-10,2.756026248688394e-09
1996,2.1034823769526696,1.6367067859466289,0.14970758497916878,4.834870910727417e-10,-1.8401795706479084e-10,-3.2588694632054858e-09,4.838893534060451e-10,1.8417807114331714e-10,3.2593085383210447e-09
1997,2.184385545297003,2.045883482433286,0.14970758497916878,2.3321758228799943e-10,-2.2594207216396656e-10,-4.7780473430898945e-09,2.333311240043983e-10,2.2614686495357176e-10,4.779496234772447e-09
1998,2.2652887136413367,2.4550601789199433,0.14970758497916878,-1.340360135882328e-11,-2.614186488643351e-10,-7.276961234844306e-09,1.4309890510798673e-11,2.616640475176967e-10,7.280577735308255e-09
1999,2.34619188198567,2.8642368754066005,0.14970758497916878,-2.4566439365508884e-10,-2.882804719429323e-10,-1.0661540089932779e-08,2.4622962431747593e-10,2.8855684842149756e-10,1.0668468455287796e-08
2000,2.34619188198567,4.500943661353229,0.0,-5.24044573975683e-09,-1.1978196109553574e-09,-2.1678367818852305e-08,5.247577657367465e-09,1.198644400806708e-09,2.1694151854411144e-08
2001,2.34619188198567,4.091766964866572,0.0,-4.654284136457086e-09,-1.154618614582467e-09,-1.914684745631585e-08,4.660764057470623e-09,1.1554959477420492e-09,1.9160837524562915e-08
2002,2.4270950503300033,4.500943661353229,0.07485379248958439,-2.93508270349056e-09,-8.689161544295243e-10,-2.424066627619792e-08,2.939298113096492e-09,8.695691201485118e-10,2.4259640348777533e-08
2003,2.4270950503300033,4.091766964866572,0.07485379248958439,-2.6372594402521185e-09,-8.207294399985803e-10,-2.1220516567223726e-08,2.6411150247749264e-09,8.214005050675443e-10,2.123718024423037e-08
2004,2.507998218674337,4.500943661353229,0.14970758497916878,-8.965266037629897e-10,-3.2648206236982843e-10,-2.6638756637026172e-08,8.979620456794567e-10,3.2674907479619257e-10,2.6660892777224176e-08
2005,2.507998218674337,4.091766964866572,0.14970758497916878,-8.216126759696786e-10,-3.050894782961689e-10,-2.3146569661261923e-08,8.22911976558021e-10,3.053597086489987e-10,2.3165883173606833e-08
2006,2.5889013870186703,4.500943661353229,0.22456137746875315,9.251540665869741e-10,3.974002300420187e-10,-2.88745140305224e-08,9.264244330600783e-10,3.9771848116623755e-10,2.8899764637746606e-08
2007,2.2652887136413367,2.8642368754066005,0.0,-1.2177747168427883e-09,-1.2232477504381323e-09,-1.008629426678617e-08,1.2204332441431713e-09,1.2243130155185196e-09,1.0092286780076145e-08
2008,2.4270950503300033,3.2734135718932578,0.14970758497916878,-4.548148285513592e-10,-3.073620637989242e-10,-1.4800507602277585e-08,4.5563500340100535e-10,3.0765639238973844e-10,1.4811710642130659e-08
2009,2.5889013870186703,4.091766964866572,0.22456137746875315,8.040009004338265e-10,3.8387427189367087e-10,-2.492652888954701e-08,8.052046839472423e-10,3.8419595356816726e-10,2.4948451843913653e-08
2010,2.6698045553630037,4.500943661353229,0.29941516995833756,2.571036092970742e-09,1.2720684971707853e-09,-3.094980704737639e-08,2.5749670630796253e-09,1.2731507960529906e-09,3.097810718026934e-08
2011,1.8607728719196692,0.0,0.37426896244792196,-6.598938162427759e-09,2.9251094953910634e-10,-4.013976952909024e-09,6.605925187825885e-09,2.927477300045006e-10,4.015737842492508e-09
2012,1.8607728719196692,0.0,0.29941516995833756,-3.924014791941286e-09,1.6159610345001411e-10,-4.0632173700461435e-09,3.9281649912512094e-09,1.6172694771145587e-10,4.06500246395496e-09
2013,1.9416760402640028,0.4091766964866572,0.37426896244792196,-6.106823316492174e-09,5.286612061611143e-10,-2.021307705473742e-09,6.1131678471963164e-09,5.290880481210092e-10,2.0214331310117724e-09
2014,1.9416760402640028,0.4091766964866572,0.29941516995833756,-3.656724111406904e-09,3.1802942292993095e-10,-2.0631510452386307e-09,3.6605210606768888e-09,3.182830370719773e-10,2.0632877886411694e-09
2015,2.0225792086083363,0.8183533929733144,0.37426896244792196,-5.088159735865856e-09,7.662922796673519e-10,-9.926485960775706e-10,5.093245418270651e-09,7.669185022990001e-10,9.93128845498714e-10
2016,2.0225792086083363,0.8183533929733144,0.29941516995833756,-3.05148803366055e-09,4.6077630645376426e-10,-1.034223055352108e-09,3.05453770068577e-09,4.6114975378425036e-10,1.0346498558927752e-09
2017,2.1034823769526696,1.2275300894599717,0.37426896244792196,-3.9878611199634534e-09,1.0056529638264718e-09,-9.65677662265909e-10,3.991588818055184e-09,1.0065004665865085e-09,9.664462109777738e-10
2018,1.779869703575336,0.0,0.07485379248958439,3.72578684536923e-09,-8.373936191392908e-12,-7.1689462241943536e-09,3.729796303740177e-09,8.380776562633205e-12,7.173816615429949e-09
2019,2.1034823769526696,1.2275300894599717,0.29941516995833756,-2.395644695255021e-09,6.033295190419823e-10,-1.0091675692876185e-09,2.397885845053982e-09,6.038355460707632e-10,1.0098584076779775e-09
2020,2.184385545297003,1.6367067859466289,0.37426896244792196,-2.8223990706499455e-09,1.242113628324452e-09,-1.97713755240965e-09,2.8247035853833628e-09,1.2431969731558973e-09,1.977139127369952e-09
2021,1.8607728719196692,0.4091766964866572,0.07485379248958439,3.520484320382084e-09,-1.6295793158372753e-10,-4.722577926087623e-09,3.524204860767663e-09,1.6306695754180858e-10,4.724817558282544e-09
2022,2.184385545297003,1.6367067859466289,0.29941516995833756,-1.701322220665631e-09,7.443631870780977e-10,-2.0251408636910954e-09,1.7027165801802687e-09,7.450100023868765e-10,2.02514447649001e-09
2023,2.2652887136413367,2.045883482433286,0.37426896244792196,-1.6106176221219496e-09,1.4580170139927766e-09,-4.025440073309109e-09,1.6115013320340359e-09,1.4593278103699724e-09,4.026520727077978e-09
2024,1.9416760402640028,0.8183533929733144,0.07485379248958439,2.925749471780578e-09,-3.005174689074153e-10,-3.239958903757575e-09,2.9287340854124537e-09,3.0074037920347917e-10,3.24070007873105e-09
2025,2.2652887136413367,2.045883482433286,0.29941516995833756,-9.788088011311872e-10,8.729892029182542e-10,-4.08007932252018e-09,9.793550079890841e-10,8.737715774545715e-10,4.081182075923123e-09
2026,2.34619188198567,2.4550601789199433,0.37426896244792196,-3.9055304145600105e-10,1.6366035206419743e-09,-7.053892584569252e-09,3.9063107033550553e-10,1.638104111159072e-09,7.05769659979344e-09
2027,2.0225792086083363,1.2275300894599717,0.07485379248958439,2.254692269075557e-09,-4.369549847060749e-10,-2.732706482829666e-09,2.2568537128217557e-09,4.3729917008883987e-10,2.732963440642935e-09
2028,2.34619188198567,2.4550601789199433,0.29941516995833756,-2.494082322770641e-10,9.79704682912292e-10,-7.116396943766981e-09,2.494379557556258e-10,9.80599765593515e-10,7.120230619185689e-09
2029,2.4270950503300033,2.8642368754066005,0.37426896244792196,7.937716703883987e-10,1.7682639516812316e-09,-1.0948721699825415e-08,7.966067866273387e-10,1.769895153220833e-09,1.0956482944981618e-08
2030,2.1034823769526696,1.6367067859466289,0.07485379248958439,1.5396821800867812e-09,-5.706342204988576e-10,-3.2344171418643362e-09,1.5409747748493375e-09,5.711103475717232e-10,3.2348483612015845e-09
2031,2.4270950503300033,2.8642368754066005,0.29941516995833756,4.617096842394847e-10,1.0592840765634823e-09,-1.1019336621032323e-08,4.633901995204124e-10,1.0602565050947166e-09,1.1027134851647219e-08
2032,2.507998218674337,3.2734135718932578,0.37426896244792196,1.8987791235760856e-09,1.856523180507764e-09,-1.5560362071006022e-08,1.90272749319983e-09,1.8582261637063134e-09,1.5573016294769876e-08
2033,2.184385545297003,2.045883482433286,0.07485379248958439,7.995348701879984e-10,-6.95725844039133e-10,-4.751157801119589e-09,7.999641779154878e-10,6.963342710801585e-10,4.752596498132052e-09
2034,2.507998218674337,3.2734135718932578,0.29941516995833756,1.1287847328680807e-09,1.1136381615475629e-09,-1.5637927601988467e-08,1.1311266310124232e-09,1.1146541483488596e-09,1.565062624316893e-08
2035,2.5889013870186703,3.682590268379915,0.37426896244792196,2.89230375719739e-09,1.9305523355218603e-09,-2.075396027142239e-08,2.8974317375617986e-09,1.9322981318436443e-09,2.0772208281821718e-08
2036,2.2652887136413367,2.4550601789199433,0.07485379248958439,6.04522883816414e-11,-8.028592689517195e-10,-7.2466917831155336e-09,6.138923414339068e-11,8.035852512283882e-10,7.25029605918004e-09
2037,2.5889013870186703,3.682590268379915,0.29941516995833756,1.7327235426821224e-09,1.1604977642929615e-09,-2.0835539583407224e-08,1.7357719500152223e-09,1.1615421878431796e-09,2.0853837844803967e-08
2038,2.6698045553630037,4.091766964866572,0.37426896244792196,3.738664269466466e-09,2.050582432167745e-09,-2.6480045488583428e-08,3.744829205384486e-09,2.0524070738690835e-09,2.6504469498094794e-08
2039,2.34619188198567,3.682590268379915,0.0,-3.544376424778003e-09,-1.210090099405816e-09,-1.6556678246328213e-08,3.549649320779172e-09,1.2110901485373609e-09,1.6568660284896304e-08
2040,2.4270950503300033,3.682590268379915,0.07485379248958439,-2.0033339145327365e-09,-8.593690503345416e-10,-1.8131112811408453e-08,2.0064825788496364e-09,8.601214577808075e-10,1.814523453792543e-08
2041,2.34619188198567,2.8642368754066005,0.07485379248958439,-6.485058405366422e-10,-8.858915190091115e-10,-1.0627235737953995e-08,6.501482416922465e-10,8.867059263683557e-10,1.0634149279392439e-08
2042,2.507998218674337,3.682590268379915,0.14970758497916878,-6.33456029875394e-10,-3.231254746938982e-10,-1.9569965878911437e-08,6.345201950084223e-10,3.234288413080307e-10,1.958620559378776e-08
2043,2.6698045553630037,4.091766964866572,0.29941516995833756,2.2481507744548046e-09,1.2365243368385179e-09,-2.6561283082728427e-08,2.2518116820319786e-09,1.2376216062363665e-09,2.658575961495946e-08
2044,1.8607728719196692,0.0,0.22456137746875315,-1.3381052709798697e-09,5.4339961458492455e-11,-4.087827222420916e-09,1.3395153580164984e-09,5.438030207468012e-11,4.089624200192085e-09
2045,1.9416760402640028,0.4091766964866572,0.22456137746875315,-1.2371118270344905e-09,1.1065140990580305e-10,-2.0839433919335886e-09,1.238392960856514e-09,1.1073343598022743e-10,2.08408576077385e-09
2046,2.0225792086083363,0.8183533929733144,0.22456137746875315,-1.0337021172769167e-09,1.587936153385271e-10,-1.0550390479331408e-09,1.0347334730440294e-09,1.5891576524591677e-10,1.0554413686632333e-09
2047,1.779869703575336,0.0,0.0,6.340343190613241e-09,-4.56370059029737e-11,-7.12302451261031e-09,6.347164913914992e-09,4.563989524004297e-11,7.127870468799752e-09
2048,2.1034823769526696,1.2275300894599717,0.22456137746875315,-8.199078144003873e-10,2.0598420020544945e-10,-1.0310928854369918e-09,8.206753796003979e-10,2.061510938007483e-10,1.0317476007549553e-09
2049,1.8607728719196692,0.4091766964866572,0.0,5.9207812747309114e-09,-2.81431954532019e-10,-4.675227619518908e-09,5.927036017088085e-09,2.8161407375634975e-10,4.677442875438928e-09
2050,2.184385545297003,1.6367067859466289,0.22456137746875315,-5.943014076496351e-10,2.5284860510135294e-10,-2.0494637726293765e-09,5.947935042218316e-10,2.5306221083530753e-10,2.0494687250344115e-09
2051,1.9416760402640028,0.8183533929733144,0.0,4.914112110361784e-09,-5.113315237748957e-10,-3.1938462344648745e-09,4.9191219525127845e-09,5.117026492228423e-10,3.194567932629103e-09
2052,2.2652887136413367,2.045883482433286,0.22456137746875315,-3.577386119964807e-10,2.951019895029571e-10,-4.107772463630745e-09,3.5795080998867143e-10,2.953600867383088e-10,4.108886740686368e-09
2053,2.0225792086083363,1.2275300894599717,0.0,3.797731071350865e-09,-7.392035481680184e-10,-2.685747376057438e-09,3.801368353480467e-09,7.397776940884916e-10,2.6859902786648694e-09
2054,2.34619188198567,2.4550601789199433,0.22456137746875315,-1.1566265696305667e-10,3.302923683821616e-10,-7.147921697001543e-09,1.1566279717994342e-10,3.305866118607289e-10,7.151770951077316e-09
2055,2.1034823769526696,1.6367067859466289,0.0,2.60879839255005e-09,-9.62756692770799e-10,-3.184363041575174e-09,2.6109878955593322e-09,9.635513791988477e-10,3.1847781697162177e-09
2056,2.4270950503300033,2.8642368754066005,0.22456137746875315,1.249732703501768e-10,3.573164214506388e-10,-1.1054688272261043e-08,1.2553005741757174e-10,3.576348918632819e-10,1.106250576029981e-08
2057,2.184385545297003,2.045883482433286,0.0,1.3752300967953826e-09,-1.171663046270102e-09,-4.695944263273758e-09,1.3759775588140295e-09,1.172678299807533e-09,4.697361511219079e-09
2058,2.507998218674337,3.2734135718932578,0.22456137746875315,3.5582553847124826e-10,3.764658506651154e-10,-1.5676293805738746e-08,3.565816218434613e-10,3.767990472507669e-10,1.5689015062997487e-08
2059,2.34619188198567,3.2734135718932578,0.0,-2.334119585770225e-09,-1.339694831951953e-09,-1.372416544851937e-08,2.3381097109129547e-09,1.3408685758530994e-09,1.3733792918611924e-08
2060,2.2652887136413367,2.4550601789199433,0.0,1.4024943273620994e-10,-1.3507088324410347e-09,-7.184584540564108e-09,1.4119884208601914e-10,1.3519188739563267e-09,7.188162651977293e-09
2061,2.4270950503300033,3.2734135718932578,0.07485379248958439,-1.301122652221365e-09,-9.46394121134405e-10,-1.4761873005312057e-08,1.3035231889052728e-09,9.472627081009777e-10,1.4773057789063969e-08
2062,2.5889013870186703,3.682590268379915,0.22456137746875315,5.712299934856636e-10,3.9387835171113826e-10,-2.0874975425233388e-08,5.722205495053825e-10,3.942237728325666e-10,2.0893298325704186e-08
2063,2.7507077237073374,4.500943661353229,0.37426896244792196,4.075255953293055e-09,2.2645921498567635e-09,-3.286611425495278e-08,4.081852041289345e-09,2.2665907452094236e-09,3.2897382939119844e-08
2064,1.8607728719196692,0.0,0.14970758497916878,1.217605785875063e-09,-4.532644245841094e-11,-4.089547164116512e-09,1.2189031383210328e-09,4.5372424055146203e-11,4.091344737152998e-09
2065,1.9416760402640028,0.4091766964866572,0.14970758497916878,1.172218407516882e-09,-9.565070325558123e-11,-2.0844282222747454e-09,1.1734422746679297e-09,9.574050096236129e-11,2.084570544894562e-09
2066,2.0225792086083363,0.8183533929733144,0.14970758497916878,9.777627934074375e-10,-1.4200609704342812e-10,-1.0553195529954426e-09,9.787436644512996e-10,1.421353354857103e-10,1.0557219982263814e-09
2067,2.1034823769526696,1.2275300894599717,0.14970758497916878,7.502439466231847e-10,-1.8978525326955647e-10,-1.0316707289558823e-09,7.509453984016373e-10,1.8995715263410714e-10,1.032324643528727e-09
2068,2.184385545297003,1.6367067859466289,0.14970758497916878,5.079226543004018e-10,-2.366400487097026e-10,-2.0504037872579674e-09,5.083299568369095e-10,2.3685893952198244e-10,2.050408821747481e-09
2069,2.2652887136413367,2.045883482433286,0.14970758497916878,2.596478033204466e-10,-2.803802277523052e-10,-4.108972438074883e-09,2.597696225014045e-10,2.8064536791725306e-10,4.110087800150029e-09
2070,2.34619188198567,2.4550601789199433,0.14970758497916878,1.5518948601051475e-11,-3.165415886549964e-10,-7.149101894875151e-09,1.6089047443763017e-11,3.168469393344342e-10,7.152952907239645e-09
2071,2.4270950503300033,2.8642368754066005,0.14970758497916878,-2.1341814132558737e-10,-3.4216693926225186e-10,-1.10555597441451e-08,2.1400089484501044e-10,3.4250114473677856e-10,1.1063379205920686e-08
2072,2.4270950503300033,4.500943661353229,0.0,-4.979781145017538e-09,-1.4212501401390266e-09,-2.414530901762576e-08,4.986862931845596e-09,1.4223144128892685e-09,2.4164237599566713e-08
2073,2.4270950503300033,4.091766964866572,0.0,-4.412710941026257e-09,-1.3796633502593697e-09,-2.113327587418341e-08,4.419149978143661e-09,1.380779335364607e-09,2.114989735536144e-08
2074,2.507998218674337,4.500943661353229,0.07485379248958439,-2.7753763956188123e-09,-1.0001392272472235e-09,-2.658946382869645e-08,2.779554036849842e-09,1.000935638765241e-09,2.661157467772532e-08
2075,2.507998218674337,4.091766964866572,0.07485379248958439,-2.4913532548925213e-09,-9.536182432348967e-10,-2.310171207945513e-08,2.495178656235803e-09,9.544311325154615e-10,2.3121002461952542e-08
2076,2.5889013870186703,4.500943661353229,0.14970758497916878,-8.357197043526513e-10,-3.7058387536553186e-10,-2.8867571884674628e-08,8.371399439671701e-10,3.7089769025853424e-10,2.88928189271825e-08
2077,2.5889013870186703,4.091766964866572,0.14970758497916878,-7.697913535061066e-10,-3.502697597576331e-10,-2.4922346892914215e-08,7.710798456026677e-10,3.505861084348967e-10,2.4944268113247363e-08
2078,2.6698045553630037,4.500943661353229,0.22456137746875315,8.886912525999101e-10,4.344274397055607e-10,-3.098327547818527e-08,8.89948527497331e-10,4.347926780627181e-10,3.1011596120453985e-08
2079,2.34619188198567,2.8642368754066005,0.0,-1.0481494399839204e-09,-1.4893342484697657e-09,-1.0557177199348054e-08,1.0508909489217394e-09,1.490690124727431e-09,1.0564058968559247e-08
2080,2.507998218674337,3.2734135718932578,0.14970758497916878,-4.1821519436338927e-10,-3.584846192069793e-10,-1.5676376442572427e-08,4.190388498512042e-10,3.588330416083255e-10,1.5689099261856408e-08
2081,2.6698045553630037,4.091766964866572,0.22456137746875315,7.636317810857855e-10,4.2138592105863966e-10,-2.6597984488093484e-08,7.64820653927962e-10,4.2175413928109495e-10,2.6622484533386994e-08
2082,2.7507077237073374,4.500943661353229,0.29941516995833756,2.4382100077413207e-09,1.3837236627656989e-09,-3.2939517484481753e-08,2.4420878417507154e-09,1.3849416924503315e-09,3.297083465081898e-08
2083,1.9416760402640028,0.0,0.37426896244792196,-6.7223608670496696e-09,5.245476117175805e-10,-8.65397986733033e-10,6.729377057933413e-09,5.250417592035881e-10,8.65791449055321e-10
2084,1.9416760402640028,0.0,0.29941516995833756,-3.999446735800489e-09,3.012890631002382e-10,-9.084999329843506e-10,4.003614665768112e-09,3.015749187751865e-10,9.088390432014455e-10
2085,2.0225792086083363,0.4091766964866572,0.37426896244792196,-6.218563157765598e-09,7.554804129877863e-10,6.821532137378669e-10,6.22492609667637e-09,7.561597057695858e-10,6.894929419443272e-10
2086,2.0225792086083363,0.4091766964866572,0.29941516995833756,-3.7242290950453463e-09,4.534265431991028e-10,6.460186848490567e-10,3.728036993207249e-09,4.538308558311348e-10,6.53613518065396e-10
2087,2.1034823769526696,0.8183533929733144,0.37426896244792196,-5.19630550271233e-09,9.995698492032394e-10,1.2563450351212908e-09,5.2014053428236555e-09,1.000458232650115e-09,1.2631556689154572e-09
2088,2.1034823769526696,0.8183533929733144,0.29941516995833756,-3.1165272211228015e-09,6.000014590239171e-10,1.2202345257555383e-09,3.1195853721772943e-09,6.005315355936944e-10,1.227145756190883e-09
2089,2.184385545297003,1.2275300894599717,0.37426896244792196,-4.0988532384875934e-09,1.2519690436633545e-09,8.018296797430671e-10,4.1025974636668786e-09,1.2530959958539198e-09,8.099559121455974e-10
2090,1.8607728719196692,0.0,0.07485379248958439,3.800426983409604e-09,-1.5205120549244494e-10,-4.069380294448101e-09,3.8044612478312105e-09,1.521873439031883e-10,4.071167736436622e-09
2091,2.184385545297003,1.2275300894599717,0.29941516995833756,-2.4623029732902117e-09,7.504608314741197e-10,7.632074746525871e-10,2.4645541298472306e-09,7.511339326429219e-10,7.715922560422847e-10
2092,2.2652887136413367,1.6367067859466289,0.37426896244792196,-2.941220707865459e-09,1.5010966721965392e-09,-7.202835597305472e-10,2.9435507413875796e-09,1.5024748109264839e-09,7.218588382658225e-10
2093,1.9416760402640028,0.4091766964866572,0.07485379248958439,3.5918927399880074e-09,-3.033927431226267e-10,-2.0642921184686708e-09,3.5956321506587714e-09,3.0365416078873336e-10,2.064428597350639e-09
2094,2.2652887136413367,1.6367067859466289,0.29941516995833756,-1.7725941936562901e-09,8.990698177736316e-10,-7.642798448421006e-10,1.7740039696671208e-09,8.998928630025326e-10,7.656907099468337e-10
2095,2.34619188198567,2.045883482433286,0.37426896244792196,-1.740819828520417e-09,1.7239620898049286e-09,-3.3009639874320946e-09,1.7417462039468697e-09,1.7255754456828382e-09,3.301703602003655e-09
2096,2.0225792086083363,0.8183533929733144,0.07485379248958439,2.9954398345523397e-09,-4.4404600801747357e-10,-1.0350508924406395e-09,2.9984384685469926e-09,4.4442649107504736e-10,1.0354781090968688e-09
2097,2.34619188198567,2.045883482433286,0.29941516995833756,-1.0567142707619952e-09,1.0316884114544765e-09,-3.352576335750097e-09,1.0572861236521365e-09,1.0326515950435516e-09,3.353336581012522e-09
2098,2.4270950503300033,2.4550601789199433,0.37426896244792196,-5.348098577458803e-10,1.9007853472306264e-09,-6.862933783065549e-09,5.348233390423275e-10,1.9025861153642816e-09,6.866960407104216e-09
2099,2.1034823769526696,1.2275300894599717,0.07485379248958439,2.3256088791307454e-09,-5.873572515397498e-10,-1.0109406344432395e-09,2.3277830674862017e-09,5.878685087159521e-10,1.0116288950349185e-09
2100,2.4270950503300033,2.4550601789199433,0.29941516995833756,-3.355837092695887e-10,1.1370837265214824e-09,-6.923304485439556e-09,3.355868291151886e-10,1.138158107961142e-09,6.927361442230392e-09
2101,2.507998218674337,2.8642368754066005,0.37426896244792196,6.333325734779276e-10,2.0217472456160064e-09,-1.1271485935458015e-08,6.364011643675336e-10,2.0236658204603214e-09,1.1280133256983164e-08
2102,2.184385545297003,1.6367067859466289,0.07485379248958439,1.6144923660110998e-09,-7.282684682409706e-10,-2.028008779576575e-09,1.6158009305676653e-09,7.289208015950561e-10,2.0280126070136122e-09
2103,2.507998218674337,2.8642368754066005,0.29941516995833756,3.660023174276999e-10,1.2100085844061394e-09,-1.134071546031201e-08,3.678280036467484e-10,1.2111525770378503e-09,1.1349401609424656e-08
2104,2.5889013870186703,3.2734135718932578,0.37426896244792196,1.7201798720469455e-09,2.091900547723775e-09,-1.6356245343612722e-08,1.7241483332733176e-09,2.093870374338693e-09,1.637040735493927e-08
2105,2.2652887136413367,2.045883482433286,0.07485379248958439,8.802903572225703e-10,-8.581760124537117e-10,-4.083742769367108e-09,8.807451646334449e-10,8.589655728539364e-10,4.0848487591375206e-09
2106,2.5889013870186703,3.2734135718932578,0.29941516995833756,1.0225390452549553e-09,1.2532823601405856e-09,-1.643290958817983e-08,1.024892408642651e-09,1.254457704140705e-09,1.644711875193881e-08
2107,2.6698045553630037,3.682590268379915,0.37426896244792196,2.6929018433137753e-09,2.14408468654719e-09,-2.196772585259381e-08,2.697991935191452e-09,2.1460741850634246e-09,2.198803225618531e-08
2108,2.34619188198567,2.4550601789199433,0.07485379248958439,1.4888807826094178e-10,-9.656840772082672e-10,-7.120005455550282e-09,1.4911956810254347e-10,9.665901552368506e-10,7.1238443724402294e-09
2109,2.6698045553630037,3.682590268379915,0.29941516995833756,1.6147362910520895e-09,1.2868885769782476e-09,-2.2048476298819992e-08,1.617761689643925e-09,1.2880788005922646e-09,2.2068835993152405e-08
2110,2.7507077237073374,4.091766964866572,0.37426896244792196,3.5159616244839617e-09,2.2442431621420687e-09,-2.8050410131362652e-08,3.522044279723789e-09,2.246293063453786e-09,2.8077368877127223e-08
2111,2.4270950503300033,3.682590268379915,0.0,-3.331067382957515e-09,-1.4457383335191622e-09,-1.804631112761052e-08,3.3363202686475697e-09,1.4469902335003647e-09,1.806039091692849e-08
2112,2.507998218674337,3.682590268379915,0.07485379248958439,-1.876875999169515e-09,-9.989629548762191e-10,-1.9527299401170692e-08,1.8800103646379326e-09,9.998651118158173e-10,1.9543516953965325e-08
2113,2.4270950503300033,2.8642368754066005,0.07485379248958439,-5.504839591905686e-10,-1.0436371204220421e-09,-1.102199619336233e-08,5.521938945127415e-10,1.044624798165598e-09,1.1029800314885566e-08
2114,2.5889013870186703,3.682590268379915,0.14970758497916878,-5.909317758552552e-10,-3.709318654954125e-10,-2.0873436519271984e-08,5.919918315712972e-10,3.712845512926347e-10,2.0891759680633634e-08
2115,2.7507077237073374,4.091766964866572,0.29941516995833756,2.117946435662458e-09,1.3511173936117627e-09,-2.8130425059542725e-08,2.1215592065067313e-09,1.3523498629308574e-09,2.815743897448266e-08
2116,1.9416760402640028,0.0,0.22456137746875315,-1.36610848781561e-09,9.982000018057867e-11,-9.299501725314734e-10,1.3675248526697485e-09,9.991086457932115e-11,9.302649977022732e-10
2117,2.0225792086083363,0.4091766964866572,0.22456137746875315,-1.2610222690881308e-09,1.5437742667852893e-10,6.281165414221144e-10,1.2623069497191867e-09,1.545083288368013e-10,6.358507332654438e-10
2118,2.1034823769526696,0.8183533929733144,0.22456137746875315,-1.0561813164018905e-09,2.0416890671941067e-10,1.202123412938801e-09,1.0572155158303125e-09,2.0434258940477624e-10,1.2090883825235678e-09
2119,1.8607728719196692,0.0,0.0,6.469066466043476e-09,-2.818896666423647e-10,-4.027842283081555e-09,6.4759309331030285e-09,2.821311767613609e-10,4.029609143392348e-09
2120,2.184385545297003,1.2275300894599717,0.22456137746875315,-8.426694003398736e-10,2.544419745127567e-10,7.436388563148716e-10,8.434405561681126e-10,2.546643401925786e-10,7.521649660758738e-10
2121,1.9416760402640028,0.4091766964866572,0.0,6.0423076124463e-09,-5.139747442310006e-10,-2.021953397340517e-09,6.0485942360883125e-09,5.144090968442507e-10,2.022077915025394e-09
2122,2.2652887136413367,1.6367067859466289,0.22456137746875315,-6.184995885300799e-10,3.040221522835085e-10,-7.867334297136163e-10,6.18997192047289e-10,3.042943919628376e-10,7.880675806532652e-10
2123,2.0225792086083363,0.8183533929733144,0.0,5.031818383806388e-09,-7.500263721039538e-10,-9.9406011804758e-10,5.036851821108976e-09,7.506598417945256e-10,9.945410871443894e-10
2124,2.34619188198567,2.045883482433286,0.22456137746875315,-3.840630286570004e-10,3.4738138038946185e-10,-3.37892027960754e-09,3.842841232764556e-10,3.4769961531606327e-10,3.3796914117506548e-09
2125,2.1034823769526696,1.2275300894599717,0.0,3.917099910891478e-09,-9.901711020474799e-10,-9.68736498473235e-10,3.920758813357669e-09,9.910243330751798e-10,9.695001369937399e-10
2126,2.4270950503300033,2.4550601789199433,0.22456137746875315,-1.4472827070427276e-10,3.816229850668394e-10,-6.95392195762386e-09,1.4473175684622402e-10,3.8197676690505296e-10,6.957994976034533e-09
2127,2.184385545297003,1.6367067859466289,0.0,2.7346472346747878e-09,-1.2262784748180227e-09,-1.982054759359598e-09,2.736863874209197e-09,1.2273677971845284e-09,1.982056580899582e-09
2128,2.507998218674337,2.8642368754066005,0.22456137746875315,9.28570223314309e-11,4.059211571274479e-10,-1.1375520370051004e-08,9.348827293058175e-11,4.062963835566485e-10,1.1384226776425924e-08
2129,2.2652887136413367,2.045883482433286,0.0,1.5111844233731656e-09,-1.4430613329798006e-09,-4.031724387149505e-09,1.5119749377363867e-09,1.4443795792333979e-09,4.0328103814253404e-09
2130,2.5889013870186703,3.2734135718932578,0.22456137746875315,3.2064285896523046e-10,4.2086957267164016e-10,-1.6470941868877805e-08,3.2140254097960026e-10,4.212553772787864e-10,1.6485174974153853e-08
2131,2.4270950503300033,3.2734135718932578,0.0,-2.1459644027609337e-09,-1.5897593039275947e-09,-1.4683772705300955e-08,2.1499658774690945e-09,1.5912049187936655e-09,1.4694918854043317e-08
2132,2.34619188198567,2.4550601789199433,0.0,2.892650731800403e-10,-1.6220328502176942e-09,-7.060105450517553e-09,2.89527538895636e-10,1.6235442356372214e-09,7.063918105317174e-09
2133,2.507998218674337,3.2734135718932578,0.07485379248958439,-1.1914357032968072e-09,-1.0946700154456591e-09,-1.5638183470212136e-08,1.1938451221196887e-09,1.0957003641801533e-09,1.565088678865459e-08
2134,2.6698045553630037,3.682590268379915,0.22456137746875315,5.331767044369032e-10,4.334068789385342e-10,-2.2087539275140238e-08,5.341582922576623e-10,4.3380058150905407e-10,2.2107924943532063e-08
2135,2.8316108920516707,4.500943661353229,0.37426896244792196,3.845765367539866e-09,2.4443022236430993e-09,-3.473858734418157e-08,3.852257809653771e-09,2.4465183607878784e-09,3.4772810658081134e-08
2136,1.9416760402640028,0.0,0.14970758497916878,1.2367581197381242e-09,-9.466766146566002e-11,-9.311652795264924e-10,1.2380606869635382e-09,9.476793164576176e-11,9.314791265413623e-10
2137,2.0225792086083363,0.4091766964866572,0.14970758497916878,1.1916589555558048e-09,-1.4369164962823025e-10,6.279026348239767e-10,1.1928866768711797e-09,1.4383419702823115e-10,6.356417494373231e-10
2138,2.1034823769526696,0.8183533929733144,0.14970758497916878,9.976384889181853e-10,-1.9044044278235314e-10,1.2019136072724838e-09,9.98622152857642e-10,1.9062300730428575e-10,1.208880909469745e-09
2139,2.184385545297003,1.2275300894599717,0.14970758497916878,7.712080910242784e-10,-2.3983880941560227e-10,7.430211862210082e-10,7.719123501049773e-10,2.4006655488166187e-10,7.515515200451158e-10
2140,2.2652887136413367,1.6367067859466289,0.14970758497916878,5.306036738359531e-10,-2.8876180656060973e-10,-7.878261050297476e-10,5.310153745797456e-10,2.890393022527085e-10,7.891555474889034e-10
2141,2.34619188198567,2.045883482433286,0.14970758497916878,2.8462853666923426e-10,-3.3425890380415484e-10,-3.3803456369759433e-09,2.847582339458635e-10,3.3458414917237625e-10,3.3811180117702273e-09
2142,2.4270950503300033,2.4550601789199433,0.14970758497916878,4.321572231538195e-11,-3.7101171192918315e-10,-6.955328854770312e-09,4.335710488033718e-11,3.7137679080820187e-10,6.959403956977579e-09
2143,2.507998218674337,2.8642368754066005,0.14970758497916878,-1.823319266856274e-10,-3.954555388181492e-10,-1.1376607259668469e-08,1.8293943345887792e-10,3.958472818376706e-10,1.1385315877593708e-08
2144,2.507998218674337,4.500943661353229,0.0,-4.716995341480976e-09,-1.638783350503383e-09,-2.6493478928137117e-08,4.724012032122078e-09,1.6400859014805751e-09,2.651553936266509e-08
2145,2.507998218674337,4.091766964866572,0.0,-4.170958965139642e-09,-1.5996043238238957e-09,-2.3014085047901444e-08,4.1773453559591316e-09,1.6009572598821758e-09,2.3033328871983733e-08
2146,2.5889013870186703,4.500943661353229,0.07485379248958439,-2.6154701533346793e-09,-1.1275676068311494e-09,-2.881817663758523e-08,2.6196019221346825e-09,1.1285056559508016e-09,2.884339592534202e-08
2147,2.5889013870186703,4.091766964866572,0.07485379248958439,-2.346272812989484e-09,-1.0833725329565779e-09,-2.487750810102773e-08,2.3500618840036015e-09,1.0843255585472338e-09,2.4899404009674906e-08
2148,2.6698045553630037,4.500943661353229,0.14970758497916878,-7.75154795302673e-10,-4.1365325888872173e-10,-3.097622817402351e-08,7.765574555815091e-10,4.1401317424609997e-10,3.1004544642205537e-08
2149,2.6698045553630037,4.091766964866572,0.14970758497916878,-7.186706108825963e-10,-3.9467933670027064e-10,-2.6593757485525594e-08,7.199465819860717e-10,3.950413183884443e-10,2.661825534822877e-08
2150,2.7507077237073374,4.500943661353229,0.22456137746875315,8.528496151235003e-10,4.692008805453605e-10,-3.297233955956911e-08,8.54092599418414e-10,4.696114969249535e-10,3.30036780649989e-08
2151,2.4270950503300033,2.8642368754066005,0.0,-8.831761013082165e-10,-1.7515681152530012e-09,-1.0953303516321569e-08,8.860404173013127e-10,1.7532136706040213e-09,1.0961074482900453e-08
2152,2.5889013870186703,3.2734135718932578,0.14970758497916878,-3.8275524530272726e-10,-4.0912880163147825e-10,-1.6471208652965625e-08,3.8358321176362683e-10,4.095308952197156e-10,1.648544335849021e-08
2153,2.7507077237073374,4.091766964866572,0.22456137746875315,7.238898691089635e-10,4.568927805171933e-10,-2.816647772115426e-08,7.250625841956184e-10,4.5730604333369326e-10,2.8193516140221e-08
2154,2.8316108920516707,4.500943661353229,0.29941516995833756,2.3081509859903357e-09,1.4893642249959448e-09,-3.4810340752053946e-08,2.3119714343507733e-09,1.4907131333196425e-09,3.484461452699806e-08
2155,2.0225792086083363,0.0,0.37426896244792196,-6.828122136439516e-09,7.554811628060078e-10,2.3316346054260413e-09,6.835150981490642e-09,7.562334501057612e-10,2.338000260330484e-09
2156,2.0225792086083363,0.0,0.29941516995833756,-4.064235986185701e-09,4.4047024270895164e-10,2.2948614631621733e-09,4.068411659714146e-09,4.4091148857522725e-10,2.3012544278411928e-09
2157,2.1034823769526696,0.4091766964866572,0.37426896244792196,-6.314568219981924e-09,9.80122255744269e-10,3.4303082919037255e-09,6.320935804623899e-09,9.810545247198908e-10,3.437634355862318e-09
2158,2.1034823769526696,0.4091766964866572,0.29941516995833756,-3.782359303234667e-09,5.875358106288931e-10,3.400000394801669e-09,3.786169876043374e-09,5.88091226578339e-10,3.4073433973838488e-09
2159,2.184385545297003,0.8183533929733144,0.37426896244792196,-5.291665850601827e-09,1.2297900477827308e-09,3.5493908934965494e-09,5.296770317561068e-09,1.230940904419691e-09,3.5569759242673957e-09
2160,2.184385545297003,0.8183533929733144,0.29941516995833756,-3.174021060873931e-09,7.373459813714183e-10,3.5188367843170514e-09,3.1770820765953045e-09,7.380330286886988e-10,3.526440977050986e-09
2161,2.2652887136413367,1.2275300894599717,0.37426896244792196,-4.1993149215077385e-09,1.494679883133088e-09,2.6149420197077083e-09,4.203069991128708e-09,1.4960861752069134e-09,2.6219422992004663e-09
2162,1.9416760402640028,0.0,0.07485379248958439,3.866749248874555e-09,-2.9563691521453605e-10,-9.13029948030201e-10,3.8708002041923494e-09,2.959318488434749e-10,9.133647993763181e-10
2163,2.2652887136413367,1.2275300894599717,0.29941516995833756,-2.5227981398265737e-09,8.953840270029322e-10,2.5812576535516847e-09,2.525056018027508e-09,8.962242774313666e-10,2.5882886569114927e-09
2164,2.34619188198567,1.6367067859466289,0.37426896244792196,-3.051080153470936e-09,1.7559449749533255e-09,5.859254305406512e-10,3.053433181693022e-09,1.7576173855756881e-09,5.942419114113449e-10
2165,2.0225792086083363,0.4091766964866572,0.07485379248958439,3.654826367144012e-09,-4.4310666934966733e-10,6.456758270213892e-10,3.658577045375392e-09,4.4352273317859794e-10,6.532831892877303e-10
2166,2.34619188198567,1.6367067859466289,0.29941516995833756,-1.8387069194118538e-09,1.0512604319756737e-09,5.460218661617317e-10,1.840130653371004e-09,1.0522595057477587e-09,5.54746296962038e-10
2167,2.4270950503300033,2.045883482433286,0.37426896244792196,-1.8632261705648764e-09,1.985397628450434e-09,-2.5211904693595698e-09,1.8641940980649247e-09,1.9873124822776196e-09,2.5215924155699443e-09
2168,2.1034823769526696,0.8183533929733144,0.07485379248958439,3.057809181838925e-09,-5.864095831171554e-10,1.2196183567071029e-09,3.0608162509544153e-09,5.869487300683684e-10,1.2265364697448334e-09
2169,2.4270950503300033,2.045883482433286,0.29941516995833756,-1.130169960826613e-09,1.187674691333304e-09,-2.5696362368501525e-09,1.130766834529049e-09,1.188818100906625e-09,2.5700563704831482e-09
2170,2.507998218674337,2.4550601789199433,0.37426896244792196,-6.719768069737333e-10,2.1602664673413458e-09,-6.609918488514002e-09,6.719768168963608e-10,2.1623656195991e-09,6.614159663198087e-09
2171,2.184385545297003,1.2275300894599717,0.07485379248958439,2.3904070822152063e-09,-7.361328894362806e-10,7.613187347011032e-10,2.39259052511596e-09,7.368117751383691e-10,7.69715833330564e-10
2172,2.507998218674337,2.4550601789199433,0.29941516995833756,-4.177119258366406e-10,1.2916537139053804e-09,-6.6679878048708505e-09,4.177128978300766e-10,1.292906309690318e-09,6.672259814938259e-09
2173,2.5889013870186703,2.8642368754066005,0.37426896244792196,4.794166419030218e-10,2.2700669212562584e-09,-1.1524726395983111e-08,4.828803256589988e-10,2.272270415443326e-09,1.1534256928682011e-08
2174,2.2652887136413367,1.6367067859466289,0.07485379248958439,1.6841600552523489e-09,-8.839748793749763e-10,-7.676032914083386e-10,1.6854830144006451e-09,8.848034961004472e-10,7.68999133855851e-10
2175,2.5889013870186703,2.8642368754066005,0.29941516995833756,2.7401838697491883e-10,1.3575689317348751e-09,-1.1592369564927404e-08,2.760950118276761e-10,1.358883014639325e-09,1.1601940546263664e-08
2176,2.6698045553630037,3.2734135718932578,0.37426896244792196,1.5476382309103282e-09,2.321401801446483e-09,-1.707415682209401e-08,1.5516361016888677e-09,2.3236351253572946e-09,1.7089815341294896e-08
2177,2.34619188198567,2.045883482433286,0.07485379248958439,9.567550225586575e-10,-1.018510831813425e-09,-3.356908930257548e-09,9.572345594149627e-10,1.0194811804039418e-09,3.357672885307013e-09
2178,2.6698045553630037,3.2734135718932578,0.29941516995833756,9.197696713234949e-10,1.3892399534224807e-09,-1.7149634532468883e-08,9.221403201611847e-10,1.3905726370046453e-09,1.716534264039588e-08
2179,2.7507077237073374,3.682590268379915,0.37426896244792196,2.4991989611091348e-09,2.3508849312412076e-09,-2.3093424529340727e-08,2.5042494603371712e-09,2.3531132317111617e-09,2.311576402164085e-08
2180,2.4270950503300033,2.4550601789199433,0.07485379248958439,2.336166434405818e-10,-1.1261946158012783e-09,-6.927579424744053e-09,2.3369311764844136e-10,1.1272801546640073e-09,6.9316426047347635e-09
2181,2.7507077237073374,3.682590268379915,0.29941516995833756,1.500070675590975e-09,1.409044595575334e-09,-2.3172942080877376e-08,1.50307212594199e-09,1.410377579771148e-09,2.319533750646685e-08
2182,2.8316108920516707,4.091766964866572,0.37426896244792196,3.2986193252330595e-09,2.4297099692983825e-09,-2.9520215426360252e-08,3.3046142406464893e-09,2.4319783165572984e-09,2.9549665145900382e-08
2183,2.507998218674337,3.682590268379915,0.0,-3.119917725837961e-09,-1.676851927123145e-09,-1.9442533589658874e-08,3.1251446972776184e-09,1.6783539152430191e-09,1.9458705431062023e-08
2184,2.5889013870186703,3.682590268379915,0.07485379248958439,-1.7525274763067667e-09,-1.1358737577334574e-09,-2.0831050486954678e-08,1.755644904392868e-09,1.136924114552772e-09,2.0849349663996234e-08
2185,2.507998218674337,2.8642368754066005,0.07485379248958439,-4.5585023092365926e-10,-1.1989890821772623e-09,-1.1344002666351204e-08,4.576610176264486e-10,1.2001490442315465e-09,1.1352695430937023e-08
2186,2.6698045553630037,3.682590268379915,0.14970758497916878,-5.495148427275071e-10,-4.181488763166137e-10,-2.208608245422832e-08,5.505702139612735e-10,4.185504421217607e-10,2.21064681739596e-08
2187,2.8316108920516707,4.091766964866572,0.29941516995833756,1.990979489447865e-09,1.460534596311416e-09,-2.9598460730786515e-08,1.9945409332927895e-09,1.4618980208737827e-09,2.962796778606552e-08
2188,2.0225792086083363,0.0,0.22456137746875315,-1.3900074836666894e-09,1.4524619850383572e-10,2.2766141509957734e-09,1.3914262401914082e-09,1.4538780591844748e-10,2.2830221061501996e-09
2189,2.1034823769526696,0.4091766964866572,0.22456137746875315,-1.2816529367978303e-09,1.976959476334614e-10,3.3850162797126407e-09,1.2829382074108114e-09,1.9787603802264197e-10,3.3923687451433517e-09
2190,2.184385545297003,0.8183533929733144,0.22456137746875315,-1.0761799211980172e-09,2.488562183993447e-10,3.5034576486001055e-09,1.077215104123875e-09,2.490817909709652e-10,3.5110720739703746e-09
2191,1.9416760402640028,0.0,0.0,6.5828757290974125e-09,-5.178125284456465e-10,-8.761369787782593e-10,6.589768345717311e-09,5.183151259978498e-10,8.765177579721058e-10
2192,2.2652887136413367,1.2275300894599717,0.22456137746875315,-8.63467996119955e-10,3.0208022035273866e-10,2.564058658036491e-09,8.642417433653795e-10,3.023583012084978e-10,2.5711053693752248e-09
2193,2.0225792086083363,0.4091766964866572,0.0,6.149281076889133e-09,-7.452089951233732e-10,6.827561884413302e-10,6.1555864565419295e-09,7.458999426951861e-10,6.901095636550218e-10
2194,2.34619188198567,1.6367067859466289,0.22456137746875315,-6.411050412162419e-10,3.542221346905334e-10,5.254532331083739e-10,6.416077466836837e-10,3.5455314483599876e-10,5.34410120428782e-10
2195,2.1034823769526696,0.8183533929733144,0.0,5.137157697430267e-09,-9.86613319435789e-10,1.2552866579427602e-09,5.142205249321546e-09,9.875114011860867e-10,1.2621085432505258e-09
2196,2.4270950503300033,2.045883482433286,0.22456137746875315,-4.090213271610999e-10,3.986289660223294e-10,-2.5945955919878438e-09,4.0925120161108797e-10,3.9900726661481513e-10,2.5950254518269753e-09
2197,2.184385545297003,1.2275300894599717,0.0,4.026118489119449e-09,-1.2382611141409052e-09,7.985861501081756e-10,4.029793220145537e-09,1.239394664057154e-09,8.06731672860475e-10
2198,2.507998218674337,2.4550601789199433,0.22456137746875315,-1.7252817761904517e-10,4.319384196052212e-10,-6.697657112733873e-09,1.7253770940069631e-10,4.323513664775859e-10,6.701945555838532e-09
2199,2.2652887136413367,1.6367067859466289,0.0,2.8517331038983647e-09,-1.4863827134600819e-09,-7.259575593309301e-10,2.8539743835606232e-09,1.4877670253860723e-09,7.275044164611473e-10
2200,2.5889013870186703,2.8642368754066005,0.22456137746875315,6.187650273647769e-11,4.532917950988932e-10,-1.1626561547911909e-08,6.266140638423791e-11,4.537232461322956e-10,1.1636153636841915e-08
2201,2.34619188198567,2.045883482433286,0.0,1.6398103936529448e-09,-1.7107077432667524e-09,-3.308349795631523e-09,1.6406428248302699e-09,1.7123285532741107e-09,3.3090955375982415e-09
2202,2.6698045553630037,3.2734135718932578,0.22456137746875315,2.864767521458585e-10,4.637227224947927e-10,-1.7187197159033086e-08,2.872425022299202e-10,4.641603885883162e-10,1.72029303638549e-08
2203,2.507998218674337,3.2734135718932578,0.0,-1.96189717567814e-09,-1.8356301129894728e-09,-1.556085876507009e-08,1.965913181661324e-09,1.8373458281302166e-09,1.5573520751931946e-08
2204,2.4270950503300033,2.4550601789199433,0.0,4.3192834691848376e-10,-1.8893184302512103e-09,-6.870222698300658e-09,4.320097649257794e-10,1.8911301066219657e-09,6.874259610490667e-09
2205,2.5889013870186703,3.2734135718932578,0.07485379248958439,-1.084902876264475e-09,-1.2404623172341033e-09,-1.6433694393325465e-08,1.087324222778018e-09,1.2416529813933094e-09,1.6447908369236538e-08
2206,2.7507077237073374,3.682590268379915,0.22456137746875315,4.9608096522212e-10,4.711658802836955e-10,-2.321140688528706e-08,4.970533072730175e-10,4.716066211315034e-10,2.3233829433216205e-08
2207,2.912514060396004,4.500943661353229,0.37426896244792196,3.622328680194577e-09,2.6139309382899513e-09,-3.649373403617206e-08,3.6287113716773867e-09,2.6163558897871387e-09,3.653084540013436e-08
2208,2.0225792086083363,0.0,0.14970758497916878,1.2536653755618499e-09,-1.4364512763024243e-10,2.2758477246860033e-09,1.2549710796345716e-09,1.4379974608574622e-10,2.282257958361528e-09
2209,2.1034823769526696,0.4091766964866572,0.14970758497916878,1.208386417896024e-09,-1.9125717344904516e-10,3.3850324713861623e-09,1.209615680538679e-09,1.9145232028007526e-10,3.3923867656950113e-09
2210,2.184385545297003,0.8183533929733144,0.14970758497916878,1.0149972455055322e-09,-2.383658643636957e-10,3.503284922659085e-09,1.0159818468021036e-09,2.3860141736816027e-10,3.5109005258878395e-09
2211,2.2652887136413367,1.2275300894599717,0.14970758497916878,7.899971989001781e-10,-2.8933260751161207e-10,2.5633552379908354e-09,7.907030118396209e-10,2.8961579807831513e-10,2.5704020221024524e-09
2212,2.34619188198567,1.6367067859466289,0.14970758497916878,5.513929533010256e-10,-3.4034321095213355e-10,5.241588084140499e-10,5.518084062334986e-10,3.406788276471347e-10,5.331264153484146e-10
2213,2.4270950503300033,2.045883482433286,0.14970758497916878,3.0798229368308276e-10,-3.8752463144404995e-10,-2.596290926251491e-09,3.0811945872118135e-10,3.8790954074993443e-10,2.596722071215429e-09
2214,2.507998218674337,2.4550601789199433,0.14970758497916878,6.948635718006123e-11,-4.2473250557785983e-10,-6.6993487107015446e-09,6.954179037500448e-11,4.2515700537970124e-10,6.703639527740363e-09
2215,2.5889013870186703,2.8642368754066005,0.14970758497916878,-1.526203141860405e-10,-4.4806915819922105e-10,-1.1627920937721039e-08,1.532631726960264e-10,4.4851808045933825e-10,1.1637515409693808e-08
2216,2.5889013870186703,4.500943661353229,0.0,-4.4539747825501e-09,-1.8498250034634233e-09,-2.8722187273699735e-08,4.4609121118681015e-09,1.8513628582983135e-09,2.874735137192712e-08
2217,2.5889013870186703,4.091766964866572,0.0,-3.930650545819265e-09,-1.8139088011921232e-09,-2.4790020665739655e-08,3.936973469539971e-09,1.8154957476000098e-09,2.4811865825454178e-08
2218,2.6698045553630037,4.500943661353229,0.07485379248958439,-2.456396033254187e-09,-1.2508907014280852e-09,-3.092704871113418e-08,2.4604746827835447e-09,1.251967742659939e-09,3.0955335095338825e-08
2219,2.6698045553630037,4.091766964866572,0.07485379248958439,-2.2029592403576542e-09,-1.2096901474701693e-09,-2.654921168454909e-08,2.206706672020236e-09,1.210781084074041e-09,2.6573682175470397e-08
2220,2.7507077237073374,4.500943661353229,0.14970758497916878,-7.152059829491749e-10,-4.556150246970427e-10,-3.29652080581521e-08,7.165892432251799e-10,4.560201488034033e-10,3.2996541788707863e-08
2221,2.7507077237073374,4.091766964866572,0.14970758497916878,-6.685882028286455e-10,-4.382476514504445e-10,-2.8162195028337626e-08,6.698503268702755e-10,4.3865468886708985e-10,2.8189230823309102e-08
2222,2.8316108920516707,4.500943661353229,0.22456137746875315,8.179522237327303e-10,5.015090014226999e-10,-3.484221685366981e-08,8.191799086119186e-10,5.01963112955614e-10,3.4876512610003474e-08
2223,2.507998218674337,2.8642368754066005,0.0,-7.239370546459396e-10,-2.009568411491884e-09,-1.1277058865477438e-08,7.269875728724142e-10,2.0115019298574954e-09,1.1285717148154746e-08
2224,2.6698045553630037,3.2734135718932578,0.14970758497916878,-3.4868211670340103e-10,-4.5920559874400203e-10,-1.7187670087700817e-08,3.495155083624665e-10,4.5966090181460304e-10,1.7203404882503433e-08
2225,2.8316108920516707,4.091766964866572,0.22456137746875315,6.851161337876687e-10,4.902385038859039e-10,-2.9633560425650495e-08,6.862716700545885e-10,4.906950771212879e-10,2.966309278071909e-08
2226,2.912514060396004,4.500943661353229,0.29941516995833756,2.181957094590668e-09,1.5885041728049827e-09,-3.656323272951184e-08,2.185716804796095e-09,1.5899784439396288e-09,3.660039604441241e-08
2227,2.1034823769526696,0.0,0.37426896244792196,-6.915694168285492e-09,9.84303742897459e-10,5.5683285167360545e-09,6.922719142789039e-09,9.853128869755547e-10,5.577495496160913e-09
2228,2.1034823769526696,0.0,0.29941516995833756,-4.118128139690701e-09,5.784816508377609e-10,5.537992615005269e-09,4.1223014998223735e-09,5.790774801655191e-10,5.5471685598074784e-09
2229,2.184385545297003,0.4091766964866572,0.37426896244792196,-6.394488708234322e-09,1.201750332591964e-09,6.21584681981923e-09,6.400847223045163e-09,1.2029344456809294e-09,6.225642199866052e-09
2230,2.184385545297003,0.4091766964866572,0.29941516995833756,-3.830921071278386e-09,7.198522364291571e-10,6.191436908974483e-09,3.834726070130947e-09,7.205581686875465e-10,6.201243851161037e-09
2231,2.2652887136413367,0.8183533929733144,0.37426896244792196,-5.373992037919483e-09,1.4564942408116363e-09,5.880643346304403e-09,5.379091647157846e-09,1.4579063340319754e-09,5.890130261849548e-09
2232,2.2652887136413367,0.8183533929733144,0.29941516995833756,-3.2238175414038917e-09,8.726048288217371e-10,5.855699554615468e-09,3.2268758437020394e-09,8.734482200695592e-10,5.865199618974205e-09
2233,2.34619188198567,1.2275300894599717,0.37426896244792196,-4.289089010442952e-09,1.7336148680304395e-09,4.46883431290751e-09,4.292849129501683e-09,1.7352989462840643e-09,4.476948622269044e-09
2234,2.0225792086083363,0.0,0.07485379248958439,3.9243682403922525e-09,-4.383981020132699e-10,2.2918154642530386e-09,3.9284276888217065e-09,4.3885201117247284e-10,2.298215423325346e-09
2235,2.34619188198567,1.2275300894599717,0.29941516995833756,-2.57702181716599e-09,1.038062953282224e-09,4.440096001940043e-09,2.579283082813141e-09,1.039069530122337e-09,4.448224539222525e-09
2236,2.4270950503300033,1.6367067859466289,0.37426896244792196,-3.151847540064339e-09,2.0065570775005497e-09,1.9369656288146448e-09,3.1542206792242874e-09,2.0085220442485113e-09,1.9428890545656997e-09
2237,2.1034823769526696,0.4091766964866572,0.07485379248958439,3.7089879092956677e-09,-5.814531299575593e-10,3.4003360366383223e-09,3.712742185202602e-09,5.820237815221882e-10,3.407684531004686e-09
2238,2.4270950503300033,1.6367067859466289,0.29941516995833756,-1.8995612274568455e-09,1.200901485436965e-09,1.9011558771675672e-09,1.900997266437796e-09,1.2020756670373918e-09,1.907116087106041e-09
2239,2.507998218674337,2.045883482433286,0.37426896244792196,-1.977579996673452e-09,2.242197986436576e-09,-1.6903791339163972e-09,1.978587943809259e-09,2.244412339958384e-09,1.6904835100579933e-09
2240,2.184385545297003,0.8183533929733144,0.07485379248958439,3.1126175831590883e-09,-7.270768129633679e-10,3.518334479334308e-09,3.1156274532607587e-09,7.277742645982265e-10,3.525942171094344e-09
2241,2.507998218674337,2.045883482433286,0.29941516995833756,-1.199026561061279e-09,1.3408840493320883e-09,-1.735611580957737e-09,1.1996475741572683e-09,1.3422065404286764e-09,1.7357286115434756e-09
2242,2.5889013870186703,2.4550601789199433,0.37426896244792196,-8.016490614581112e-10,2.4148570604341596e-09,-6.298877941417369e-09,8.016585912663677e-10,2.4172520778129637e-09,6.303328637052027e-09
2243,2.2652887136413367,1.2275300894599717,0.07485379248958439,2.4488442809105563e-09,-8.829747488370979e-10,2.5791227966091755e-09,2.4510334317270805e-09,8.838206792462309e-10,2.586154022892384e-09
2244,2.5889013870186703,2.4550601789199433,0.29941516995833756,-4.955616332669632e-10,1.4433008362750512e-09,-6.354551613840447e-09,4.955718385317631e-10,1.4447301285173497e-09,6.359033421171199e-09
2245,2.6698045553630037,2.8642368754066005,0.37426896244792196,3.3261760329372685e-10,2.5129955675737327e-09,-1.1712017525232774e-08,3.3683288181762044e-10,2.5154809278688476e-09,1.1722427712358373e-08
2246,2.34619188198567,1.6367067859466289,0.07485379248958439,1.7483896993708263e-09,-1.037606245101835e-09,5.421080020299286e-10,1.7497253428254248e-09,1.0386103118416119e-09,5.508622175037337e-10
2247,2.6698045553630037,2.8642368754066005,0.29941516995833756,1.861294028696923e-10,1.5018337902028204e-09,-1.177788783587577e-08,1.8869988205893117e-10,1.5033161230551635e-09,1.178833984049401e-08
2248,2.7507077237073374,3.2734135718932578,0.37426896244792196,1.382050599196875e-09,2.5448374315012398e-09,-1.771717134465233e-08,1.3860915936400496e-09,2.5473302636888703e-09,1.773431220203906e-08
2249,2.4270950503300033,2.045883482433286,0.07485379248958439,1.0285368004558016e-09,-1.1765532761328152e-09,-2.574759046477527e-09,1.0290401362625749e-09,1.1777034540025058e-09,2.5751830147167416e-09
2250,2.7507077237073374,3.2734135718932578,0.29941516995833756,8.210480619612991e-10,1.5214257364056629e-09,-1.779113097099327e-08,8.234444689834133e-10,1.5229133205216891e-09,1.7808323553624397e-08
2251,2.8316108920516707,3.682590268379915,0.37426896244792196,2.3125181991439024e-09,2.5506736318339447e-09,-2.413373108436951e-08,2.3175292053818866e-09,2.5531351023207824e-09,2.4158074632005045e-08
2252,2.507998218674337,2.4550601789199433,0.07485379248958439,3.141729335764631e-10,-1.2841649256201751e-09,-6.673094785989677e-09,3.141948851619521e-10,1.285428900943758e-09,6.67737390101672e-09
2253,2.8316108920516707,3.682590268379915,0.29941516995833756,1.3895642341877023e-09,1.5268150096517884e-09,-2.421153147432542e-08,1.3925417818514921e-09,1.5282872354142637e-09,2.4235933213072294e-08
2254,2.912514060396004,4.091766964866572,0.37426896244792196,3.0884320971032955e-09,2.6064662698556873e-09,-3.0891757791231325e-08,3.0943354251186968e-09,2.6089453817715465e-09,3.0923650439040404e-08
2255,2.5889013870186703,3.682590268379915,0.0,-2.9122649920206564e-09,-1.903063650568277e-09,-2.0746784904675023e-08,2.917461287868827e-09,1.904812996463437e-09,2.076503475639244e-08
2256,2.6698045553630037,3.682590268379915,0.07485379248958439,-1.631100087806622e-09,-1.2698654211419257e-09,-2.2044213748235243e-08,1.6341987348197322e-09,1.2710620357580778e-09,2.2064573760476413e-08
2257,2.5889013870186703,2.8642368754066005,0.07485379248958439,-3.6512608635868933e-10,-1.3517401214859804e-09,-1.1596450349776673e-08,3.6709299802325557e-10,1.3530710626941222e-09,1.1606028478216778e-08
2258,2.7507077237073374,3.682590268379915,0.14970758497916878,-5.094805775088011e-10,-4.6468390896337047e-10,-2.32100085865829e-08,5.105309705780794e-10,4.6513388563011084e-10,2.3232430976074523e-08
2259,2.912514060396004,4.091766964866572,0.29941516995833756,1.8683556198536787e-09,1.5644440572469853e-09,-3.0967616229461477e-08,1.8718634058915894e-09,1.5659336542593303e-09,3.0999567879353287e-08
2260,2.1034823769526696,0.0,0.22456137746875315,-1.4097474002158871e-09,1.9037995795781398e-10,5.522981320984116e-09,1.4111646007080372e-09,1.9057203594668018e-10,5.53216274325724e-09
2261,2.184385545297003,0.4091766964866572,0.22456137746875315,-1.2989366203218139e-09,2.404618416497222e-10,6.1794063241022885e-09,1.300219542273672e-09,2.4069105398928685e-10,6.189219964803833e-09
2262,2.2652887136413367,0.8183533929733144,0.22456137746875315,-1.0936379109744212e-09,2.9290201485133747e-10,5.843076620682087e-09,1.0946722436630247e-09,2.931794219459744e-10,5.8525836646616175e-09
2263,2.0225792086083363,0.0,0.0,6.681086256901039e-09,-7.523187111612552e-10,2.3238427301158116e-09,6.687992307956258e-09,7.530829551991298e-10,2.3302204984137414e-09
2264,2.34619188198567,1.2275300894599717,0.22456137746875315,-8.822708419004977e-10,3.48994129028445e-10,4.425256733730119e-09,8.830461578757927e-10,3.493277942180439e-10,4.433392170708618e-09
2265,2.1034823769526696,0.4091766964866572,0.0,6.24117687918584e-09,-9.741752771308468e-10,3.431972354750503e-09,6.247487791166704e-09,9.751228999804274e-10,3.439307633817378e-09
2266,2.4270950503300033,1.6367067859466289,0.22456137746875315,-6.621028055450915e-10,4.034897484960044e-10,1.8824636938993387e-09,6.626101208197704e-10,4.0387939539942696e-10,1.8884425819447786e-09
2267,2.184385545297003,0.8183533929733144,0.0,5.229730886737356e-09,-1.2203326522135904e-09,3.5485350510938487e-09,5.2347829757888335e-09,1.2214949594085223e-09,3.5561258074382696e-09
2268,2.507998218674337,2.045883482433286,0.22456137746875315,-4.326003600157513e-10,4.4885538449387595e-10,-1.759163064495931e-09,4.3283877519719557e-10,4.4929346328589057e-10,1.759287058763777e-09
2269,2.2652887136413367,1.2275300894599717,0.0,4.124411881150132e-09,-1.483031708450406e-09,2.611318058847504e-09,4.128096504542834e-09,1.4844447966205143e-09,2.618318722165863e-09
2270,2.5889013870186703,2.4550601789199433,0.22456137746875315,-1.9901885529922084e-10,4.812127273009183e-10,-6.383221178394648e-09,1.9903586709739717e-10,4.816842934637619e-10,6.3877196733570235e-09
2271,2.34619188198567,1.6367067859466289,0.0,2.9595858723871098e-09,-1.7427914676094826e-09,5.793072414753536e-10,2.961849021141892e-09,1.74446960905572e-09,5.876664953033221e-10
2272,2.6698045553630037,2.8642368754066005,0.22456137746875315,3.214848027128388e-11,4.993936248336515e-10,-1.1811357964526348e-08,3.3368662097470666e-11,4.998806164640334e-10,1.1821831797183211e-08
2273,2.4270950503300033,2.045883482433286,0.0,1.7604297278222187e-09,-1.9742667642107907e-09,-2.529837767544085e-09,1.7613026521898198e-09,1.9761886913077326e-09,2.5302460359550477e-09
2274,2.7507077237073374,3.2734135718932578,0.22456137746875315,2.535326001382763e-10,5.05034451505099e-10,-1.7828029397310457e-08,2.5430804655833667e-10,5.05523028051223e-10,1.784524809387307e-08
2275,2.5889013870186703,3.2734135718932578,0.0,-1.7830426899326339e-09,-2.076976431724317e-09,-1.635754385106083e-08,1.7870786076191986e-09,2.0789597266846595e-09,1.6371713917028753e-08
2276,2.507998218674337,2.4550601789199433,0.0,5.674335023714885e-10,-2.1521871931833284e-09,-6.618526004478883e-09,5.674517697148456e-10,2.154297409236621e-09,6.622778972339284e-09
2277,2.6698045553630037,3.2734135718932578,0.07485379248958439,-9.821477821824062e-10,-1.383557969278391e-09,-1.7151013122164505e-08,9.845856376799923e-10,1.3849072112289564e-09,1.7166726034888066e-08
2278,2.8316108920516707,3.682590268379915,0.22456137746875315,4.602592470074454e-10,5.071145072866215e-10,-2.4249123982954184e-08,4.61222333688363e-10,5.076008206923313e-10,2.4273553823545285e-08
2279,2.9934172287403378,4.500943661353229,0.37426896244792196,3.407011319451894e-09,2.77283448703315e-09,-3.8133624228276744e-08,3.413279700077791e-09,2.775458415455654e-09,3.8173551557483166e-08
2280,2.1034823769526696,0.0,0.14970758497916878,1.2682097748749822e-09,-1.9204738049448258e-10,5.52263709597113e-09,1.2695165697968442e-09,1.9225614259533458e-10,5.531820522742725e-09
2281,2.184385545297003,0.4091766964866572,0.14970758497916878,1.2223488958835567e-09,-2.381256989131758e-10,6.1796485792049435e-09,1.2235773746013794e-09,2.3837305170069654e-10,6.189464158209649e-09
2282,2.2652887136413367,0.8183533929733144,0.14970758497916878,1.0298091924383757e-09,-2.854924351295763e-10,5.842929575863023e-09,1.0307928669442332e-09,2.857805058608616e-10,5.8524376279662665e-09
2283,2.34619188198567,1.2275300894599717,0.14970758497916878,8.065660048133079e-10,-3.3804784540430464e-10,4.4244246191865694e-09,8.072721232845376e-10,3.3838594070440526e-10,4.4325596540545616e-09
2284,2.4270950503300033,1.6367067859466289,0.14970758497916878,5.702150874513401e-10,-3.912689507959101e-10,1.8809237230281426e-09,5.706336358383276e-10,3.916620400607647e-10,1.886901809071066e-09
2285,2.507998218674337,2.045883482433286,0.14970758497916878,3.295863839875157e-10,-4.400882974531355e-10,-1.7611551901107016e-09,3.297305947895365e-10,4.4053231242462455e-10,1.7612802133780016e-09
2286,2.5889013870186703,2.4550601789199433,0.14970758497916878,9.418803150950877e-11,-4.776380664851023e-10,-6.3852190653986505e-09,9.421101763018228e-11,4.781215957068761e-10,6.389720200089383e-09
2287,2.6698045553630037,2.8642368754066005,0.14970758497916878,-1.244269093518028e-10,-4.999459338251782e-10,-1.1812988352515159e-08,1.2512166775387203e-10,5.004516161142366e-10,1.1823464709233647e-08
2288,2.6698045553630037,4.500943661353229,0.0,-4.192266322838161e-09,-2.0538574598848615e-09,-3.083157266385315e-08,4.199111510233827e-09,2.055626199789821e-09,3.0859799446536386e-08
2289,2.6698045553630037,4.091766964866572,0.0,-3.6931616780592615e-09,-2.0221017200558476e-09,-2.646231844353947e-08,3.699411908260915e-09,2.0239187093488228e-09,2.6486734331635765e-08
2290,2.7507077237073374,4.500943661353229,0.07485379248958439,-2.2990771201326213e-09,-1.3698103681360424e-09,-3.291651004328611e-08,2.303096667941945e-09,1.3710230244333273e-09,3.29478116054556e-08
2291,2.7507077237073374,4.091766964866572,0.07485379248958439,-2.062294254672342e-09,-1.332320570927959e-09,-2.8118163719831984e-08,2.0659958609624613e-09,1.3335466991033792e-09,2.8145170303282644e-08
2292,2.8316108920516707,4.500943661353229,0.14970758497916878,-6.562002180378083e-10,-4.964291567715135e-10,-3.4834963847240165e-08,6.575630597374946e-10,4.968783932082802e-10,3.486925430141898e-08
2293,2.8316108920516707,4.091766964866572,0.14970758497916878,-6.198329755660142e-10,-4.809594819849726e-10,-2.962916360921404e-08,6.210804831300245e-10,4.814108700981408e-10,2.9658692957567884e-08
2294,2.912514060396004,4.500943661353229,0.22456137746875315,7.843850490714372e-10,5.311145481725882e-10,-3.659383012510287e-08,7.85596557325959e-10,5.316100490789816e-10,3.663101586461089e-08
2295,2.5889013870186703,2.8642368754066005,0.0,-5.712794221606211e-10,-2.2629829753338254e-09,-1.1531540870929981e-08,5.746249848679846e-10,2.2652021600872635e-09,1.1541083309192553e-08
2296,2.7507077237073374,3.2734135718932578,0.14970758497916878,-3.161677728945554e-10,-5.086155360568411e-10,-1.782866807591776e-08,3.170081708999723e-10,5.091235761458454e-10,1.7845888357600575e-08
2297,2.912514060396004,4.091766964866572,0.22456137746875315,6.477250906943102e-10,5.212518195188794e-10,-3.100144004275969e-08,6.488625703956415e-10,5.21749769829734e-10,3.1033417570818204e-08
2298,2.9934172287403378,4.500943661353229,0.29941516995833756,2.0608316239196503e-09,1.6807325008166682e-09,-3.820025112960748e-08,2.064528128927476e-09,1.6823259164657564e-09,3.824023132080645e-08
2299,2.184385545297003,0.0,0.37426896244792196,-6.984868539715202e-09,1.2099137075034279e-09,8.835636366599088e-09,6.991873132935883e-09,1.2111775917074128e-09,8.84799160754655e-09
2300,2.184385545297003,0.0,0.29941516995833756,-4.1610007653862685e-09,7.145646865899183e-10,8.811778490596595e-09,4.165161770367836e-09,7.153139235904119e-10,8.824144155425887e-09
2301,2.2652887136413367,0.4091766964866572,0.37426896244792196,-6.458241550865134e-09,1.4195660897395246e-09,9.031386672557971e-09,6.464577400957988e-09,1.4209999578818237e-09,9.043837446186952e-09
2302,2.2652887136413367,0.4091766964866572,0.29941516995833756,-3.869846876943681e-09,8.498799243062786e-10,9.012913991736289e-09,3.873638160473584e-09,8.507352585602604e-10,9.025378301349206e-09
2303,2.34619188198567,0.8183533929733144,0.37426896244792196,-5.443214105329197e-09,1.6792647896365206e-09,8.244202814706027e-09,5.44829954554392e-09,1.6809357818376403e-09,8.255763910095007e-09
2304,2.34619188198567,0.8183533929733144,0.29941516995833756,-3.2658658294043243e-09,1.005593696522463e-09,8.224898257577829e-09,3.268915963585297e-09,1.0065921122695752e-09,8.236473246109715e-09
2305,2.4270950503300033,1.2275300894599717,0.37426896244792196,-4.368160799869119e-09,1.9685947014298826e-09,6.358817642246783e-09,4.371920186570728e-09,1.970553907552037e-09,6.368340517857856e-09
2306,2.1034823769526696,0.0,0.07485379248958439,3.9729922580307924e-09,-5.796888684642667e-10,5.536353264321305e-09,3.9770520034013665e-09,5.803010162645911e-10,5.545535050743305e-09
2307,2.4270950503300033,1.2275300894599717,0.29941516995833756,-2.624942960943992e-09,1.178458233186942e-09,6.335007616051418e-09,2.6272043107486635e-09,1.1796296128291328e-09,6.344541773298835e-09
2308,2.507998218674337,1.6367067859466289,0.37426896244792196,-3.243575972461783e-09,2.2528846748839065e-09,3.328726106227674e-09,3.2459660538409045e-09,2.2551394720107727e-09,3.3350399992208324e-09
2309,2.184385545297003,0.4091766964866572,0.07485379248958439,3.754203829519491e-09,-7.178637716043285e-10,6.192432588359397e-09,3.75795402461289e-09,7.185880896506097e-10,6.2022453653309815e-09
2310,2.507998218674337,1.6367067859466289,0.29941516995833756,-1.9551288827242528e-09,1.3480005289760095e-09,3.296982261370659e-09,1.956575448412241e-09,1.3493482769618916e-09,3.303306875692279e-09
2311,2.5889013870186703,2.045883482433286,0.37426896244792196,-2.0838682140867026e-09,2.494338293189517e-09,-8.124376301901649e-10,2.0849142461211124e-09,2.4968493001698863e-09,8.124846196162331e-10
2312,2.2652887136413367,0.8183533929733144,0.07485379248958439,3.1597473819024628e-09,-8.65526093551904e-10,5.855275531136198e-09,3.1627544219208936e-09,8.663807801126868e-10,5.864778568072613e-09
2313,2.5889013870186703,2.045883482433286,0.29941516995833756,-1.2632050153808822e-09,1.4913044702156593e-09,-8.544407301307972e-10,1.2638490762560688e-09,1.4928043984822574e-09,8.544731917201597e-10
2314,2.6698045553630037,2.4550601789199433,0.37426896244792196,-9.236680440496033e-10,2.664447286569822e-09,-5.933568430498168e-09,9.236989955863673e-10,2.6671350209823023e-09,5.9382284068686414e-09
2315,2.34619188198567,1.2275300894599717,0.07485379248958439,2.5008114912299514e-09,-1.027543864784981e-09,4.437589059847699e-09,2.5030027733575644e-09,1.0285555785192563e-09,4.445716372056628e-09
2316,2.6698045553630037,2.4550601789199433,0.29941516995833756,-5.689552329823652e-10,1.591934797628806e-09,-5.9867572385699104e-09,5.689806487366252e-10,1.5935389196576843e-09,5.991448347749243e-09
2317,2.7507077237073374,2.8642368754066005,0.37426896244792196,1.9341807012665466e-10,2.7504137262221955e-09,-1.1836804319570467e-08,1.9943596274172683e-10,2.753177365189333e-09,1.1848090881292528e-08
2318,2.4270950503300033,1.6367067859466289,0.07485379248958439,1.8070407064520458e-09,-1.1889710526647708e-09,1.896526808763164e-09,1.8083871939008395e-09,1.1901491225639812e-09,1.9024845583722925e-09
2319,2.7507077237073374,2.8642368754066005,0.29941516995833756,1.0271118683250937e-10,1.64272392357356e-09,-1.1900680138772707e-08,1.0655121562306544e-10,1.6443723536708434e-09,1.1912009651699922e-08
2320,2.8316108920516707,3.2734135718932578,0.37426896244792196,1.2243960203077574e-09,2.762116471830901e-09,-1.828859607868235e-08,1.2284990781629188e-09,2.7648642487037166e-09,1.83072032066442e-08
2321,2.507998218674337,2.045883482433286,0.07485379248958439,1.0953985878147694e-09,-1.3321343888461219e-09,-1.741599232076937e-09,1.0959246392487505e-09,1.3334629794429728e-09,1.7417193012119615e-09
2322,2.8316108920516707,3.2734135718932578,0.29941516995833756,7.27018944601893e-10,1.6498063641490668e-09,-1.8360658932515937e-08,7.294526614948533e-10,1.6514460371232018e-09,1.8379319636147215e-08
2323,2.912514060396004,3.682590268379915,0.37426896244792196,2.134407924670394e-09,2.7432015498158823e-09,-2.5092006133531388e-08,2.1393810043316384e-09,2.745889946238263e-09,2.5118321941203513e-08
2324,2.5889013870186703,2.4550601789199433,0.07485379248958439,3.902475997658637e-10,-1.4394379603502574e-09,-6.360552630555474e-09,3.9025058104922595e-10,1.4408790066319764e-09,6.365042355580724e-09
2325,2.912514060396004,3.682590268379915,0.29941516995833756,1.2841635266581354e-09,1.6400563360371967e-09,-2.516757573033315e-08,1.2871180402783603e-09,1.6416638870976197e-09,2.5193951577348104e-08
2326,2.9934172287403378,4.091766964866572,0.37426896244792196,2.887437060319987e-09,2.7740561358998874e-09,-3.216844535755691e-08,2.8932463288833145e-09,2.776737492380787e-09,3.220272950619264e-08
2327,2.6698045553630037,3.682590268379915,0.0,-2.7093146337514826e-09,-2.124003796276282e-09,-2.1960857695492084e-08,2.714477074705101e-09,2.1259970046945595e-09,2.1981165048609775e-08
2328,2.7507077237073374,3.682590268379915,0.07485379248958439,-1.513356591177324e-09,-1.4007168214390567e-09,-2.3168839325997142e-08,1.516435610756471e-09,1.4020574285929117e-09,2.3191234468192407e-08
2329,2.6698045553630037,2.8642368754066005,0.07485379248958439,-2.7869695084084743e-10,-1.5017318719981441e-09,-1.1782756149395197e-08,2.8092081603669146e-10,1.503232213730083e-09,1.1793215745194508e-08
2330,2.8316108920516707,3.682590268379915,0.14970758497916878,-4.710471818174627e-10,-5.104744430713829e-10,-2.4247719084258427e-08,4.720927276197574e-10,5.109723174612441e-10,2.4272148600635065e-08
2331,2.9934172287403378,4.091766964866572,0.29941516995833756,1.7512658927372986e-09,1.6625635530478787e-09,-3.224130893028247e-08,1.7547185172803992e-09,1.664174005117896e-09,3.227565314763437e-08
2332,2.184385545297003,0.0,0.22456137746875315,-1.4252956839583684e-09,2.348707346514892e-10,8.800044606459417e-09,1.4267073810565057e-09,2.351130127550144e-10,8.812416524705566e-09
2333,2.2652887136413367,0.4091766964866572,0.22456137746875315,-1.312838111590057e-09,2.8249534022022855e-10,9.003884725179507e-09,1.3141158069084352e-09,2.8277347913627324e-10,9.016356711101655e-09
2334,2.34619188198567,0.8183533929733144,0.22456137746875315,-1.1085239026228694e-09,3.3633702765700797e-10,8.215055579968255e-09,1.1095556103295871e-09,3.3666592717690247e-10,8.226637784173699e-09
2335,2.1034823769526696,0.0,0.0,6.7632076384240705e-09,-9.843899737930673e-10,5.56336864207236e-09,6.7701123978245115e-09,9.854146499422633e-10,5.572544710413344e-09
2336,2.4270950503300033,1.2275300894599717,0.22456137746875315,-8.990566441329868e-10,3.9526816456017604e-10,6.322512027361546e-09,8.998325202887015e-10,3.956569815402405e-10,6.332051375384282e-09
2337,2.184385545297003,0.4091766964866572,0.0,6.317699244639141e-09,-1.1999929592571917e-09,6.2185265104640545e-09,6.324002445901076e-09,1.2011957829143885e-09,6.228331732269393e-09
2338,2.507998218674337,1.6367067859466289,0.22456137746875315,-6.814721322065413e-10,4.5190120028633873e-10,3.2801570297409595e-09,6.819835213632811e-10,4.5234908876489596e-10,3.2864862816403875e-09
2339,2.2652887136413367,0.8183533929733144,0.0,5.309342968872322e-09,-1.450442567962241e-09,5.87992919111012e-09,5.314390008736463e-09,1.4518673815625289e-09,5.88942088826004e-09
2340,2.5889013870186703,2.045883482433286,0.22456137746875315,-4.547693035922058e-10,4.980968802895218e-10,-8.765522515226303e-10,4.5501593532656706e-10,4.985942462813263e-10,8.765782405451582e-10
2341,2.34619188198567,1.2275300894599717,0.0,4.211856829838864e-09,-1.7240298592204339e-09,4.464630265493663e-09,4.215545286515412e-09,1.7257204561002592e-09,4.472742485482669e-09
2342,2.6698045553630037,2.4550601789199433,0.22456137746875315,-2.2412840004830353e-10,5.294067378355571e-10,-6.014346279632155e-09,2.241536688793937e-10,5.299362599739341e-10,6.019054220780752e-09
2343,2.4270950503300033,1.6367067859466289,0.0,3.0580843062904856e-09,-1.9952438262443073e-09,1.9292193691100306e-09,3.060366222601716e-09,1.9972135493198556e-09,1.935138524961827e-09
2344,2.7507077237073374,2.8642368754066005,0.22456137746875315,3.83655853990893e-12,5.442004933620348e-10,-1.1933275346623599e-08,8.887042088357311e-12,5.447422235609675e-10,1.1944627311314017e-08
2345,2.507998218674337,2.045883482433286,0.0,1.8727601339851262e-09,-2.2334981924224656e-09,-1.7003890579684183e-09,1.873671786698429e-09,2.2357189661544154e-09,1.700498328646177e-09
2346,2.8316108920516707,3.2734135718932578,0.22456137746875315,2.2207922430296794e-10,5.448244447588258e-10,-1.8396665527052644e-08,2.2286930972820552e-10,5.453628050834487e-10,1.8415353242301308e-08
2347,2.6698045553630037,3.2734135718932578,0.0,-1.6103692717161758e-09,-2.313453888925747e-09,-1.7076357147577447e-08,1.6144334550796914e-09,2.3157016886488804e-09,1.709202379012601e-08
2348,2.5889013870186703,2.4550601789199433,0.0,6.953708183645443e-10,-2.4103968013371326e-09,-6.308895094843069e-09,6.953713314827097e-10,2.4128031817893516e-09,6.313358988737348e-09
2349,2.7507077237073374,3.2734135718932578,0.07485379248958439,-8.837140536177328e-10,-1.5237658073128783e-09,-1.7792985016487613e-08,8.861750006244649e-10,1.5252716609574638e-09,1.781018241249614e-08
2350,2.912514060396004,3.682590268379915,0.22456137746875315,4.2608412091958004e-10,5.411939063573803e-10,-2.5204016148417752e-08,4.2703810722282724e-10,5.417241590597796e-10,2.52304208887507e-08
2351,3.074320397084671,4.500943661353229,0.37426896244792196,3.201970934846677e-09,2.920534199771999e-09,-3.96617508904903e-08,3.208122099881992e-09,2.9233460051797068e-09,3.9704417277833715e-08
2352,2.184385545297003,0.0,0.14970758497916878,1.2803262863285118e-09,-2.397938655026998e-10,8.800142291844201e-09,1.2816321555200547e-09,2.4005617535485316e-10,8.81251659193785e-09
2353,2.2652887136413367,0.4091766964866572,0.14970758497916878,1.2335386888240658e-09,-2.8416018620796455e-10,9.004388840977726e-09,1.234764060075912e-09,2.8445906422736997e-10,9.016862948117864e-09
2354,2.34619188198567,0.8183533929733144,0.14970758497916878,1.0420837353442312e-09,-3.315846615453489e-10,8.214948336487452e-09,1.0430646314157761e-09,3.319246497443155e-10,8.226531452211266e-09
2355,2.4270950503300033,1.2275300894599717,0.14970758497916878,8.209195807840123e-10,-3.8578374023300106e-10,6.321527075537662e-09,8.216247694425966e-10,3.8617610139545473e-10,6.3310657745872415e-09
2356,2.507998218674337,1.6367067859466289,0.14970758497916878,5.870621665371464e-10,-4.413909146343661e-10,3.2783519222312116e-09,5.874831363780718e-10,4.418407445964032e-10,3.284679538010767e-09
2357,2.5889013870186703,2.045883482433286,0.14970758497916878,3.493956944949309e-10,-4.918549695639363e-10,-8.788354461257071e-10,3.495465076347916e-10,4.923574571050224e-10,8.788605266252213e-10
2358,2.6698045553630037,2.4550601789199433,0.14970758497916878,1.172564138483919e-10,-5.297075019321266e-10,-6.016624944236518e-09,1.1726496663510527e-10,5.302495643876898e-10,6.021335791068648e-09
2359,2.7507077237073374,2.8642368754066005,0.14970758497916878,-9.782579080350832e-11,-5.51056316668626e-10,-1.193512250297292e-08,9.860045684588184e-11,5.516182656266158e-10,1.1946477145678736e-08
2360,2.7507077237073374,4.500943661353229,0.0,-3.933159139084788e-09,-2.2503759809959446e-09,-3.2821990237661025e-08,3.939901689722912e-09,2.252369932556277e-09,3.285322834773561e-08
2361,2.7507077237073374,4.091766964866572,0.0,-3.4597801982755053e-09,-2.223767363973414e-09,-2.8032281312486236e-08,3.46595060128165e-09,2.225809504485526e-09,2.8059229916483144e-08
2362,2.8316108920516707,4.500943661353229,0.07485379248958439,-2.144442008822874e-09,-1.4840370339744488e-09,-3.478697624018361e-08,2.148398017551198e-09,1.4853812570103266e-09,3.4821232789328324e-08
2363,2.8316108920516707,4.091766964866572,0.07485379248958439,-1.9251848407101637e-09,-1.4510766645858437e-09,-2.9585837956511852e-08,1.928837728855407e-09,1.4524347753385563e-09,2.961533655728169e-08
2364,2.912514060396004,4.500943661353229,0.14970758497916878,-5.984806904411101e-10,-5.360837003368736e-10,-3.658639899321882e-08,5.998230766396218e-10,5.365757309065458e-10,3.6623579008647345e-08
2365,2.912514060396004,4.091766964866572,0.14970758497916878,-5.726906463625522e-10,-5.228339325473969e-10,-3.0996865634791924e-08,5.739234346696527e-10,5.233288180177984e-10,3.102883984494136e-08
2366,2.9934172287403378,4.500943661353229,0.22456137746875315,7.525440665489363e-10,5.578241123964239e-10,-3.8229251704608336e-08,7.537386693414536e-10,5.583586490533104e-10,3.826925450113106e-08
2367,2.6698045553630037,2.8642368754066005,0.0,-4.2576868915560697e-10,-2.511553617322511e-09,-1.1720060531965782e-08,4.296184358928264e-10,2.5140556702280238e-09,1.1730483434184734e-08
2368,2.8316108920516707,3.2734135718932578,0.14970758497916878,-2.8533186332507157e-10,-5.57288645397731e-10,-1.8397395901908052e-08,2.8618150818957533e-10,5.578489254254578e-10,1.8416085238908367e-08
2369,2.9934172287403378,4.091766964866572,0.22456137746875315,6.121451616377021e-10,5.497920338760322e-10,-3.2273556252428066e-08,6.132638581910091e-10,5.503292223219718e-10,3.230792664174348e-08
2370,3.074320397084671,4.500943661353229,0.29941516995833756,1.9459979554863013e-09,1.7657716935418818e-09,-3.9724927015201184e-08,1.9496298120270137e-09,1.7674772018717785e-09,3.9767646443397557e-08
2371,2.2652887136413367,0.0,0.37426896244792196,-7.035695312107358e-09,1.4313350803939244e-09,1.2124645382849997e-08,7.042663137086999e-09,1.4328508716507343e-09,1.2140251129729366e-08
2372,2.2652887136413367,0.0,0.29941516995833756,-4.192823919779863e-09,8.480494614509699e-10,1.21072674598345e-08,4.196962676634184e-09,8.489506174752212e-10,1.2122887693281193e-08
2373,2.34619188198567,0.4091766964866572,0.37426896244792196,-6.505938545237952e-09,1.632924931287427e-09,1.1869684880944072e-08,6.512238418169187e-09,1.6346056109846093e-09,1.1884834807563202e-08
2374,2.34619188198567,0.4091766964866572,0.29941516995833756,-3.899169669207461e-09,9.77225872282998e-10,1.1857158460781724e-08,3.902939318628368e-09,9.782290301237661e-10,1.1872325445085693e-08
2375,2.4270950503300033,0.8183533929733144,0.37426896244792196,-5.499394152627029e-09,1.8976925756937492e-09,1.0634133471990105e-08,5.504456468340323e-09,1.8996192463700336e-09,1.0647820269270921e-08
2376,2.4270950503300033,0.8183533929733144,0.29941516995833756,-3.300205963563538e-09,1.1361090869762473e-09,1.0620468448377784e-08,3.3032426971187693e-09,1.1372606712429945e-09,1.0634171582761901e-08
2377,2.507998218674337,1.2275300894599717,0.37426896244792196,-4.4365742358798344e-09,2.19931769215884e-09,8.280255756464436e-09,4.4403273252033236e-09,2.2015485810921555e-09,8.291280623927162e-09
2378,2.184385545297003,0.0,0.07485379248958439,4.012456751710595e-09,-7.19016716653005e-10,8.811591279768135e-09,4.016508656515575e-09,7.197856163591796e-10,8.823963936260907e-09
2379,2.507998218674337,1.2275300894599717,0.29941516995833756,-2.6665868426980576e-09,1.3164311457934242e-09,8.261354397426558e-09,2.6688451061978224e-09,1.3177653165914616e-09,8.272390829700163e-09
2380,2.5889013870186703,1.6367067859466289,0.37426896244792196,-3.326323505799322e-09,2.4947865536071994e-09,4.7574882516007344e-09,3.328727280770883e-09,2.497327704289469e-09,4.7645607115836145e-09
2381,2.2652887136413367,0.4091766964866572,0.07485379248958439,3.7904206411990154e-09,-8.518971566943783e-10,9.014665163034669e-09,3.79415913955883e-09,8.527735239308571e-10,9.027135834097479e-09
2382,2.5889013870186703,1.6367067859466289,0.29941516995833756,-2.0053986577202137e-09,1.4925053509164988e-09,4.729804480169812e-09,2.0068539540747975e-09,1.494024658608958e-09,4.7368814194843145e-09
2383,2.6698045553630037,2.045883482433286,0.37426896244792196,-2.1820739092098787e-09,2.7417601172977353e-09,1.0922925640988249e-10,2.1831558216208833e-09,2.744564269461218e-09,1.1547269433648021e-10
2384,2.34619188198567,0.8183533929733144,0.07485379248958439,3.1991824830898372e-09,-1.0013170630430086e-09,8.224590127142414e-09,3.2021811454688652e-09,1.0023273666438289e-09,8.236167783115109e-09
2385,2.6698045553630037,2.045883482433286,0.29941516995833756,-1.3226171333505184e-09,1.6389008955739403e-09,7.050124380573013e-11,1.3232830205666713e-09,1.6405762300467155e-09,7.927416623046737e-11
2386,2.7507077237073374,2.4550601789199433,0.37426896244792196,-1.037845955862449e-09,2.9089417473481593e-09,-5.517262739336278e-09,1.0379048241799263e-09,2.9119185638889617e-09,5.522139330727764e-09
2387,2.4270950503300033,1.2275300894599717,0.07485379248958439,2.546307955429552e-09,-1.1695182622678875e-09,6.332054968744761e-09,2.54849782012395e-09,1.1706939951079211e-09,6.34158714328779e-09
2388,2.7507077237073374,2.4550601789199433,0.29941516995833756,-6.37687130910597e-10,1.7374681096531121e-09,-5.567833660169022e-09,6.377310181494485e-10,1.739244938722024e-09,5.57274114496322e-09
2389,2.8316108920516707,2.8642368754066005,0.37426896244792196,6.239899304091037e-11,2.9822797352125407e-09,-1.1902381053251742e-08,7.650878115557617e-11,2.9853176126351093e-09,1.1914542066708305e-08
2390,2.507998218674337,1.6367067859466289,0.07485379248958439,1.86010634208623e-09,-1.337849595096751e-09,3.2915800445872394e-09,1.861461730921053e-09,1.339199780627317e-09,3.2978997038910306e-09
2391,2.8316108920516707,2.8642368754066005,0.29941516995833756,2.418644266778942e-11,1.7802020580693894e-09,-1.1964001909041234e-08,3.532235444722716e-11,1.782014174537412e-09,1.1976206807659938e-08
2392,2.912514060396004,3.2734135718932578,0.37426896244792196,1.0757803100812758e-09,2.9732149428630317e-09,-1.879214577538488e-08,1.079970326282991e-09,2.9762126171923084e-09,1.8812201996708703e-08
2393,2.5889013870186703,2.045883482433286,0.07485379248958439,1.1572546871267117e-09,-1.485106889997886e-09,-8.612765178958997e-10,1.157802224330821e-09,1.4866121099156908e-09,8.613059207809394e-10
2394,2.912514060396004,3.2734135718932578,0.29941516995833756,6.383765382800038e-10,1.7743718305741513e-09,-1.8861933683001644e-08,6.408626922449085e-10,1.7761604779967343e-09,1.8882045021572775e-08
2395,2.9934172287403378,3.682590268379915,0.37426896244792196,1.9664989251111936e-09,2.9282665221486575e-09,-2.5972536163712703e-08,1.9714368855940435e-09,2.9311750841485467e-09,2.6000790345058308e-08
2396,2.6698045553630037,2.4550601789199433,0.07485379248958439,4.616735454615557e-10,-1.5919383155002433e-09,-5.9935775129052136e-09,4.616739056036997e-10,1.5935547354632659e-09,5.998277354822768e-09
2397,2.9934172287403378,3.682590268379915,0.29941516995833756,1.1848376545331569e-09,1.7486355507868807e-09,-2.6045403298215342e-08,1.1877707528905702e-09,1.7503741856102481e-09,2.6073718862527438e-08
2398,3.074320397084671,4.091766964866572,0.37426896244792196,2.697645484559596e-09,2.9321186800757622e-09,-3.335493640272085e-08,2.7033598144270833e-09,2.9349928906123302e-09,3.339155799297801e-08
2399,2.7507077237073374,3.682590268379915,0.0,-2.5122614551046604e-09,-2.339319575693213e-09,-2.3086772275310335e-08,2.5173887168800888e-09,2.3415525205496968e-09,2.3109111805017166e-08
2400,2.8316108920516707,3.682590268379915,0.07485379248958439,-1.4000616266887415e-09,-1.5282578998733109e-09,-2.4207402092625295e-08,1.4031212840117916e-09,1.5297399336457277e-09,2.4231803070576243e-08
2401,2.7507077237073374,2.8642368754066005,0.07485379248958439,-1.9685795970843795e-10,-1.6488809746685288e-09,-1.1906176414104853e-08,1.9955109622296197e-10,1.6505488716490125e-09,1.1917514001257543e-08
2402,2.912514060396004,3.682590268379915,0.14970758497916878,-4.3441681612945026e-10,-5.555019803594633e-10,-2.5202539285422736e-08,4.3545815026662926e-10,5.560471634016346e-10,2.522894358538975e-08
2403,3.074320397084671,4.091766964866572,0.29941516995833756,1.6408778469261457e-09,1.7546762958879713e-09,-3.342425619390078e-08,1.6442747959235107e-09,1.7564017163096167e-09,3.346093815904901e-08
2404,2.2652887136413367,0.0,0.22456137746875315,-1.4366166585586712e-09,2.7839395926424597e-10,1.2098859257809459e-08,1.4380189936951235e-09,2.7868622662835894e-10,1.211448779115314e-08
2405,2.34619188198567,0.4091766964866572,0.22456137746875315,-1.323349257202485e-09,3.2364936846018664e-10,1.1851172349224188e-08,1.3246189580391225e-09,3.23976158770634e-10,1.186634872547994e-08
2406,2.4270950503300033,0.8183533929733144,0.22456137746875315,-1.1208392491939024e-09,3.79132700456669e-10,1.0613418371596762e-08,1.1218666469494598e-09,3.7951257420202714e-10,1.0627129812760824e-08
2407,2.184385545297003,0.0,0.0,6.82899963416123e-09,-1.213184122071014e-09,8.833542831691417e-09,6.835888432193041e-09,1.2144668171321112e-09,8.845909146281411e-09
2408,2.507998218674337,1.2275300894599717,0.22456137746875315,-9.13817689602757e-10,4.4089395150536395e-10,8.251189231718919e-09,9.145931677028994e-10,4.4133731325155073e-10,8.262230816043809e-09
2409,2.2652887136413367,0.4091766964866572,0.0,6.37876375072983e-09,-1.4219330999983366e-09,9.035205682518432e-09,6.3850460916993455e-09,1.4233885045716812e-09,9.04766708385342e-09
2410,2.5889013870186703,1.6367067859466289,0.22456137746875315,-6.99176591713987e-10,4.994913897783872e-10,4.714851502415858e-09,6.996915235955879e-10,4.999969300367608e-10,4.7219296170391504e-09
2411,2.34619188198567,0.8183533929733144,0.0,5.375949409643719e-09,-1.6762868486645765e-09,8.243678704196735e-09,5.380981958135205e-09,1.6779714688023263e-09,8.255244022923034e-09
2412,2.6698045553630037,2.045883482433286,0.22456137746875315,-4.754585517417912e-10,5.463667308559429e-10,4.987927490908272e-11,4.757130356581176e-10,5.469227400830176e-10,6.127192364805725e-11
2413,2.4270950503300033,1.2275300894599717,0.0,4.288492738601589e-09,-1.9608037327580265e-09,6.353909134249988e-09,4.2921789615513635e-09,1.962768887422513e-09,6.363428605695073e-09
2414,2.7507077237073374,2.4550601789199433,0.22456137746875315,-2.4774164631315956e-10,5.764633265365671e-10,-5.594238259207703e-09,2.477755570831275e-10,5.770500786121997e-10,5.599162611770839e-09
2415,2.507998218674337,1.6367067859466289,0.0,3.147339379983324e-09,-2.2434667519644048e-09,3.319761406515609e-09,3.1496366787765184e-09,2.2457249750127377e-09,3.3260668974351633e-09
2416,2.8316108920516707,2.8642368754066005,0.22456137746875315,-2.2859991602652578e-11,5.876902344709476e-10,-1.1995554540668653e-08,2.3943259317649392e-11,5.882858183767566e-10,1.2007782434901242e-08
2417,2.5889013870186703,2.045883482433286,0.0,1.9768114769375068e-09,-2.488236506104957e-09,-8.237821792994443e-10,1.9777597475399503e-09,2.490753146440215e-09,8.238228476105372e-10
2418,2.912514060396004,3.2734135718932578,0.22456137746875315,1.9240983882931777e-10,5.830985008909093e-10,-1.8896831179552303e-08,1.9322109223007172e-10,5.836853948910371e-10,1.8916970288318802e-08
2419,2.7507077237073374,3.2734135718932578,0.0,-1.4447741933945166e-09,-2.544768733464478e-09,-1.77200945816858e-08,1.4488787663840411e-09,2.547277512745242e-09,1.773724364786097e-08
2420,2.6698045553630037,2.4550601789199433,0.0,8.155956095068278e-10,-2.6638411817358133e-09,-5.944880393893428e-09,8.156001420444117e-10,2.666540750845998e-09,5.949554980363223e-09
2421,2.8316108920516707,3.2734135718932578,0.07485379248958439,-7.901228563110279e-10,-1.6609635574092237e-09,-1.8362775853968696e-08,7.926159061642976e-10,1.6626238358883078e-09,1.8381441497100098e-08
2422,2.9934172287403378,3.682590268379915,0.22456137746875315,3.9392627451076227e-10,5.733322483979562e-10,-2.608044176902769e-08,3.948714630841849e-10,5.7390469014252e-10,2.6108786771426764e-08
2423,3.1552235654290044,4.500943661353229,0.37426896244792196,3.0092507872861264e-09,3.0566506550734982e-09,-4.108279590768133e-08,3.0152840234997318e-09,3.0596378239934967e-09,4.112812056555944e-08
2424,2.2652887136413367,0.0,0.14970758497916878,1.2900218721218615e-09,-2.8685417699894325e-10,1.2099455624947025e-08,1.2913248095765902e-09,2.871689939995155e-10,1.2115086918597987e-08
2425,2.34619188198567,0.4091766964866572,0.14970758497916878,1.2419873147428352e-09,-3.2926663785355566e-10,1.1851994565723241e-08,1.2432072789247078e-09,3.296160419202271e-10,1.1867173189772122e-08
2426,2.4270950503300033,0.8183533929733144,0.14970758497916878,1.051858512702789e-09,-3.765056876215421e-10,1.0613380600631117e-08,1.0528348255062598e-09,3.7689679173763984e-10,1.0627092835207564e-08
2427,2.507998218674337,1.2275300894599717,0.14970758497916878,8.330995319002882e-10,-4.324255358151542e-10,8.250054297040543e-09,8.338025912701647e-10,4.328713760679778e-10,8.261095014955057e-09
2428,2.5889013870186703,1.6367067859466289,0.14970758497916878,6.01981668205118e-10,-4.905852724266143e-10,4.712796115752011e-09,6.024043735953666e-10,4.910910420550885e-10,4.719872202986448e-09
2429,2.6698045553630037,2.045883482433286,0.14970758497916878,3.6743559652325697e-10,-5.427549960659629e-10,4.734361026105596e-11,3.6759254146460833e-10,5.433152549169063e-10,5.915278241963428e-11
2430,2.7507077237073374,2.4550601789199433,0.14970758497916878,1.3868754686702656e-10,-5.809615440416886e-10,-5.596739400157436e-09,1.3868976596522431e-10,5.815615192962538e-10,5.601666948179654e-09
2431,2.8316108920516707,2.8642368754066005,0.14970758497916878,-7.285901790042763e-11,-6.01405448821821e-10,-1.1997545017656969e-08,7.376622764990467e-11,6.020230788184578e-10,1.2009775778712154e-08
2432,2.8316108920516707,4.500943661353229,0.0,-3.6780708303481616e-09,-2.4388641355043985e-09,-3.4693894325210245e-08,3.684702806938602e-09,2.441076498932372e-09,3.47280842303521e-08
2433,2.8316108920516707,4.091766964866572,0.0,-3.231994712893196e-09,-2.4185429364421192e-09,-2.9501421687219432e-08,3.2380802859898167e-09,2.4208044737340773e-09,2.9530859477574983e-08
2434,2.912514060396004,4.500943661353229,0.07485379248958439,-1.9935738712879217e-09,-1.5933106298821095e-09,-3.6539367434837825e-08,1.9974634886096805e-09,1.5947817136503901e-09,3.65765122116055e-08
2435,2.912514060396004,4.091766964866572,0.07485379248958439,-1.792646715512185e-09,-1.5658199881486315e-09,-3.095445476430117e-08,1.7962492975974573e-09,1.5673063852195995e-09,3.0986397031381255e-08
2436,2.9934172287403378,4.500943661353229,0.14970758497916878,-5.424689282090067e-10,-5.74564044905466e-10,-3.822161800992451e-08,5.437918794876942e-10,5.750973351215826e-10,3.826161474395272e-08
2437,2.9934172287403378,4.091766964866572,0.14970758497916878,-5.274916978145387e-10,-5.638819863825026e-10,-3.226877540506124e-08,5.287103425031618e-10,5.644193828838595e-10,3.23031422040376e-08
2438,3.074320397084671,4.500943661353229,0.22456137746875315,7.227882314330669e-10,5.815324275068925e-10,-3.975204970392672e-08,7.239654485641111e-10,5.821033120296938e-10,3.979479155731979e-08
2439,2.7507077237073374,2.8642368754066005,0.0,-2.878615266199293e-10,-2.75514945394139e-09,-1.1845830007095009e-08,2.9269388927830736e-10,2.7579310967597616e-09,1.185713014923844e-08
2440,2.912514060396004,3.2734135718932578,0.14970758497916878,-2.562865463237242e-10,-6.052033930248579e-10,-1.8897586958616517e-08,2.5714845513377127e-10,6.058153533590143e-10,1.891772776361086e-08
2441,3.074320397084671,4.091766964866572,0.22456137746875315,5.787657732560169e-10,5.757689636779402e-10,-3.3454659140100326e-08,5.798652262089209e-10,5.76343008594188e-10,3.3491367197709083e-08
2442,3.1552235654290044,4.500943661353229,0.29941516995833756,1.8386452550187831e-09,1.8434130963858493e-09,-4.1141973132104304e-08,1.8422123167454078e-09,1.8452226950926782e-09,4.118735011372002e-08
2443,2.34619188198567,0.0,0.37426896244792196,-7.0683488220444604e-09,1.6478722147636737e-09,1.5426784524214616e-08,7.075263874590835e-09,1.6496361589079718e-09,1.5445645910213503e-08
2444,2.34619188198567,0.0,0.29941516995833756,-4.21362326482258e-09,9.78501454860178e-10,1.5415861455462413e-08,4.217730206634413e-09,9.795525326502826e-10,1.5434742026962597e-08
2445,2.4270950503300033,0.4091766964866572,0.37426896244792196,-6.537807598114413e-09,1.8413812352257268e-09,1.4723686858831161e-08,6.5440587148240264e-09,1.843304847381123e-09,1.4741541120779066e-08
2446,2.4270950503300033,0.4091766964866572,0.29941516995833756,-3.9190043024907996e-09,1.1016463796325778e-09,1.4717062805236818e-08,3.922744762261576e-09,1.10279524400162e-09,1.473493805621748e-08
2447,2.507998218674337,0.8183533929733144,0.37426896244792196,-5.542719616487252e-09,2.1113624982065777e-09,1.304443311656621e-08,5.547750406448955e-09,2.113540894550325e-09,1.3060260521143624e-08
2448,2.507998218674337,0.8183533929733144,0.29941516995833756,-3.326969837717285e-09,1.263909687291626e-09,1.3036351432153197e-08,3.3299882647715865e-09,1.2652121738728608e-09,1.3052198151131573e-08
2449,2.5889013870186703,1.2275300894599717,0.37426896244792196,-4.494416962846775e-09,2.425346808765302e-09,1.0228357507367409e-08,4.498158624739725e-09,2.427845442616976e-09,1.0240922365242581e-08
2450,2.2652887136413367,0.0,0.07485379248958439,4.042736220575998e-09,-8.560117648882007e-10,1.210868317937891e-08,4.046772259762188e-09,8.569351084303611e-10,1.2124311625748086e-08
2451,2.5889013870186703,1.2275300894599717,0.29941516995833756,-2.7020350182301462e-09,1.4517209285213167e-09,1.0214331510593836e-08,2.7042872627985627e-09,1.4532156065248033e-09,1.0226909296437881e-08
2452,2.6698045553630037,1.6367067859466289,0.37426896244792196,-3.4000607719323314e-09,2.7319822735468763e-09,6.2195453916143435e-09,3.4024751746736348e-09,2.734805842384472e-09,6.2274987091592066e-09
2453,2.34619188198567,0.4091766964866572,0.07485379248958439,3.817685119742527e-09,-9.832178571153658e-10,1.185982078825296e-08,3.821404467277502e-09,9.842439483786552e-10,1.1874994495258685e-08
2454,2.6698045553630037,1.6367067859466289,0.29941516995833756,-2.050356131050977e-09,1.6342663147348617e-09,6.195939691367887e-09,2.0518184640040474e-09,1.6359548957650512e-09,6.203895725976033e-09
2455,2.7507077237073374,2.045883482433286,0.37426896244792196,-2.2720165217820233e-09,2.9843090860397503e-09,1.0713401923459772e-09,2.2731320428125576e-09,2.987402458218317e-09,1.0734501971609167e-09
2456,2.4270950503300033,0.8183533929733144,0.07485379248958439,3.230985424993714e-09,-1.13413423197229e-09,1.0620358376742357e-08,3.233970354800369e-09,1.1352979739912822e-09,1.0634063816099105e-08
2457,2.7507077237073374,2.045883482433286,0.29941516995833756,-1.377130533633469e-09,1.7835841778644012e-09,1.0359670874887536e-09,1.3778169899621231e-09,1.78543264154382e-09,1.038076883495348e-09
2458,2.8316108920516707,2.4550601789199433,0.37426896244792196,-1.1438006086961364e-09,3.148233328167024e-09,-5.053120960524457e-09,1.1438908547456205e-09,3.15149526857124e-09,5.058233089857979e-09
2459,2.507998218674337,1.2275300894599717,0.07485379248958439,2.5854031031659767e-09,-1.308645391863723e-09,8.257960530022683e-09,2.5875881259733934e-09,1.3099829236832355e-09,8.268994318320405e-09
2460,2.8316108920516707,2.4550601789199433,0.29941516995833756,-7.014977026320983e-10,1.8798198419279784e-09,-5.100910067877479e-09,7.015617637633045e-10,1.881767081670969e-09,5.106052558740436e-09
2461,2.912514060396004,2.8642368754066005,0.37426896244792196,-5.97034391433964e-11,3.2086025368156702e-09,-1.1912257660823033e-08,7.192260421014437e-11,3.211910258207596e-09,1.1925293370992286e-08
2462,2.5889013870186703,1.6367067859466289,0.07485379248958439,1.907654641759685e-09,-1.4840265611750128e-09,4.7236695536436706e-09,1.90901696104208e-09,1.4855466389277645e-09,4.7307403540332155e-09
2463,2.912514060396004,2.8642368754066005,0.29941516995833756,-4.899245042248646e-11,1.9142669911422416e-09,-1.1971368293311404e-08,5.4228463107803736e-11,1.9162401745985912e-09,1.1984448628825993e-08
2464,2.9934172287403378,3.2734135718932578,0.37426896244792196,9.373366666941657e-10,3.178145074292047e-09,-1.9232125856280813e-08,9.416454349715878e-10,3.181387223050579e-09,1.9253613440491825e-08
2465,2.6698045553630037,2.045883482433286,0.07485379248958439,1.2141030305664914e-09,-1.6353511408953292e-09,6.292688649313426e-11,1.214670713749463e-09,1.637030906948669e-09,7.24385451929474e-11
2466,2.9934172287403378,3.2734135718932578,0.29941516995833756,5.558007670719034e-10,1.8951171272886577e-09,-1.9299313737587764e-08,5.583587555046525e-10,1.897051407177855e-09,1.9320857595962163e-08
2467,3.074320397084671,3.682590268379915,0.37426896244792196,1.8103106810391416e-09,3.105715885959149e-09,-2.678044859331707e-08,1.8152176610076964e-09,3.10883740869103e-09,2.6810605902029653e-08
2468,2.7507077237073374,2.4550601789199433,0.07485379248958439,5.283412450054892e-10,-1.7416550793333242e-09,-5.5753054404191955e-09,5.283475552274619e-10,1.7434448600765711e-09,5.580222542428276e-09
2469,3.074320397084671,3.682590268379915,0.29941516995833756,1.092498422571266e-09,1.8524305411838447e-09,-2.6850211492353478e-08,1.0954125244522737e-09,1.8542957443025381e-09,2.6880430893332815e-08
2470,3.1552235654290044,4.091766964866572,0.37426896244792196,2.52088161586183e-09,3.0803342690497006e-09,-3.4456810956353145e-08,2.5265023081263342e-09,3.0833910479523007e-09,3.4495714461655536e-08
2471,2.8316108920516707,3.682590268379915,0.0,-2.3224526037166056e-09,-2.548713459826391e-09,-2.412702523062468e-08,2.3275451446485873e-09,2.551181462454198e-09,2.4151368072154734e-08
2472,2.912514060396004,3.682590268379915,0.07485379248958439,-1.2920289348798403e-09,-1.6523868076820831e-09,-2.5163239885748082e-08,1.2950705916127097e-09,1.6540073972274518e-09,2.5189614627958356e-08
2473,2.8316108920516707,2.8642368754066005,0.07485379248958439,-1.199000104092652e-10,-1.793177074529637e-09,-1.1969916388369269e-08,1.2363470548514783e-10,1.7950104153046428e-09,1.1982129941680004e-08
2474,2.9934172287403378,3.682590268379915,0.14970758497916878,-3.9981608944931854e-10,-5.997798215700352e-10,-2.6078857906868955e-08,4.008543306767627e-10,6.003716204566992e-10,2.6107202370467146e-08
2475,3.1552235654290044,4.091766964866572,0.29941516995833756,1.5382902469060692e-09,1.8405794150105474e-09,-3.45220759155282e-08,1.5416322805217959e-09,1.8424133249166645e-09,3.456103919183294e-08
2476,2.34619188198567,0.0,0.22456137746875315,-1.4436688306627394e-09,3.2078170642511174e-10,1.5410807839495892e-08,1.4450581258708282e-09,3.2112367858660954e-10,1.5429699023249198e-08
2477,2.4270950503300033,0.4091766964866572,0.22456137746875315,-1.3304903175077104e-09,3.6386148926234374e-10,1.4714121563175101e-08,1.3317494163890975e-09,3.6423652827321107e-10,1.4732008093117108e-08
2478,2.507998218674337,0.8183533929733144,0.22456137746875315,-1.130621464202178e-09,4.211900840404573e-10,1.3032073017865466e-08,1.1316429867396003e-09,4.2162034412017355e-10,1.304792939327169e-08
2479,2.2652887136413367,0.0,0.0,6.878449219771916e-09,-1.4380320627403823e-09,1.2125603051147583e-08,6.885307549927285e-09,1.439569134027862e-09,1.2141222210185345e-08
2480,2.5889013870186703,1.2275300894599717,0.22456137746875315,-9.265666966273987e-10,4.857489517727993e-10,1.0206480132083685e-08,9.273409000414914e-10,4.862462235502557e-10,1.0219063582364143e-08
2481,2.34619188198567,0.4091766964866572,0.0,6.424431899855437e-09,-1.6394106001359471e-09,1.187485906583925e-08,6.430680515931189e-09,1.6411148616694693e-09,1.18900201389178e-08
2482,2.6698045553630037,1.6367067859466289,0.22456137746875315,-7.151703081815669e-10,5.462216202291729e-10,6.182874839197255e-09,7.156882989595023e-10,5.467841269658092e-10,6.190830935734701e-09
2483,2.4270950503300033,0.8183533929733144,0.0,5.429599966700843e-09,-1.8973367832648568e-09,1.0633913514271518e-08,5.434608941531083e-09,1.8992776050039325e-09,1.0647603908404191e-08
2484,2.7507077237073374,2.045883482433286,0.22456137746875315,-4.945661644643849e-10,5.936380922692863e-10,1.0168898329204441e-09,4.948281355729672e-10,5.9425201514822e-10,1.0189985553092003e-09
2485,2.507998218674337,1.2275300894599717,0.0,4.354406224674799e-09,-2.1929306003287145e-09,8.274638430204689e-09,4.358084359578589e-09,2.1951666106664147e-09,8.285658762200745e-09
2486,2.8316108920516707,2.4550601789199433,0.22456137746875315,-2.697167982421744e-10,6.223242649967337e-10,-5.126028818180771e-09,2.69759480204981e-10,6.229674932674956e-10,5.13118807476186e-09
2487,2.5889013870186703,1.6367067859466289,0.0,3.2274857453509065e-09,-2.4871580421209886e-09,4.747359685420018e-09,3.2297949583908314e-09,2.4897010584107002e-09,4.754421737426657e-09
2488,2.912514060396004,2.8642368754066005,0.22456137746875315,-4.774003133779487e-11,6.298520568966043e-10,-1.2001732239935128e-08,4.8148928131752596e-11,6.305005505520607e-10,1.2014836019360494e-08
2489,2.6698045553630037,2.045883482433286,0.0,2.072628585201397e-09,-2.7383390464385958e-09,9.670991168628649e-11,2.073611130730747e-09,2.7411479980515103e-09,1.0349080940172988e-10
2490,2.9934172287403378,3.2734135718932578,0.22456137746875315,1.6479878136531496e-10,6.198455067190117e-10,-1.9332922141006614e-08,1.6563979562703033e-10,6.204796140828195e-10,1.935449433645492e-08
2491,2.8316108920516707,3.2734135718932578,0.0,-1.2872185615115092e-09,-2.7707369019135526e-09,-1.8291928525173605e-08,1.2913800069105985e-09,2.773502718506914e-09,1.831054410899986e-08
2492,2.7507077237073374,2.4550601789199433,0.0,9.27953094457172e-10,-2.9124961146308597e-09,-5.52961941033942e-09,9.27973280364797e-10,2.9154853567459362e-09,5.534512126418523e-09
2493,2.912514060396004,3.2734135718932578,0.07485379248958439,-7.019224190830056e-10,-1.7951128143925809e-09,-1.8864132612264453e-08,7.04459332631999e-10,1.7969250915048692e-09,1.8884249114432075e-08
2494,3.074320397084671,3.682590268379915,0.22456137746875315,3.6411712614515374e-10,6.034572478209236e-10,-2.688363113539367e-08,3.650540323340121e-10,6.040700446549119e-10,2.6913880200850223e-08
2495,3.2361267337733377,4.500943661353229,0.37426896244792196,2.8307784890344008e-09,3.1806993436319283e-09,-4.2402069136638124e-08,2.8366959225117777e-09,3.1838479168858256e-09,4.2449969072484275e-08
2496,2.34619188198567,0.0,0.14970758497916878,1.297370382108494e-09,-3.3313240787757614e-10,1.541196363868241e-08,1.2986683822331615e-09,3.334983206582788e-10,1.5430857886594993e-08
2497,2.4270950503300033,0.4091766964866572,0.14970758497916878,1.2477579527156364e-09,-3.7333362507239744e-10,1.4715305385361737e-08,1.2489702667614417e-09,3.737322653770405e-10,1.473319422629001e-08
2498,2.507998218674337,0.8183533929733144,0.14970758497916878,1.0591962088045293e-09,-4.202173843083245e-10,1.3032131277079018e-08,1.0601662199183382e-09,4.206585189502083e-10,1.3047988292888528e-08
2499,2.5889013870186703,1.2275300894599717,0.14970758497916878,8.431740802097805e-10,-4.779619627948469e-10,1.0205220420802433e-08,8.438738798804181e-10,4.784602704700748e-10,1.0217802764030371e-08
2500,2.6698045553630037,1.6367067859466289,0.14970758497916878,6.150574641027087e-10,-5.387807777988023e-10,6.180612636392029e-09,6.154812273643806e-10,5.393415976016669e-10,6.188566363283682e-09
2501,2.7507077237073374,2.045883482433286,0.14970758497916878,3.83776368479734e-10,-5.927521556692878e-10,1.0141578679495733e-09,3.839389531149407e-10,5.933694124130049e-10,1.016263675315139e-09
2502,2.8316108920516707,2.4550601789199433,0.14970758497916878,1.5850167536547563e-10,-6.31436851706204e-10,-5.128689219850542e-09,1.5850178698016537e-10,6.320939999789995e-10,5.13385199297218e-09
2503,2.912514060396004,2.8642368754066005,0.14970758497916878,-4.95762530514993e-11,-6.510137100265198e-10,-1.2003807921589973e-08,5.073189311585342e-11,6.516863405320751e-10,1.2016914779399173e-08
2504,2.912514060396004,4.500943661353229,0.0,-3.4288720250260965e-09,-2.618825952627105e-09,-3.644833462459634e-08,3.435387729777818e-09,2.6212488567192537e-09,3.648541022714071e-08
2505,2.912514060396004,4.091766964866572,0.0,-3.0116391975766535e-09,-2.606108607736494e-09,-3.087204612197935e-08,3.0176367649787964e-09,2.608582971834792e-09,3.0903925307167084e-08
2506,2.9934172287403378,4.500943661353229,0.07485379248958439,-1.8477658744457624e-09,-1.6974085549780664e-09,-3.8175852007640326e-08,1.8515877342642313e-09,1.699001120000735e-09,3.821581257889513e-08
2507,2.9934172287403378,4.091766964866572,0.07485379248958439,-1.6658159331118921e-09,-1.6764249469051918e-09,-3.222754094664039e-08,1.6693678677209278e-09,1.678035469967764e-09,3.226187494396547e-08
2508,3.074320397084671,4.500943661353229,0.14970758497916878,-4.886834777112733e-10,-6.118132407280993e-10,-3.974424640435164e-08,4.899890875965479e-10,6.123860776814079e-10,3.9786981883354555e-08
2509,3.074320397084671,4.091766964866572,0.14970758497916878,-4.846303445902284e-10,-6.040741840214192e-10,-3.344968608547455e-08,4.858360307734903e-10,6.046530114666473e-10,3.3486390265797647e-08
2510,3.1552235654290044,4.500943661353229,0.22456137746875315,6.954283404704975e-10,6.021931866943187e-10,-4.116695782556528e-08,6.965880823509814e-10,6.027973128688322e-10,4.121235659280138e-08
2511,2.8316108920516707,2.8642368754066005,0.0,-1.5810877272977461e-10,-2.9937518322413662e-09,-1.191207918648008e-08,1.6543772364401598e-10,2.996809331480196e-09,1.1924254777289528e-08
2512,2.9934172287403378,3.2734135718932578,0.14970758497916878,-2.2916611787209988e-10,-6.523723971633116e-10,-1.9333667656187014e-08,2.3004409559462132e-10,6.530353823829663e-10,1.9355241624354918e-08
2513,3.1552235654290044,4.091766964866572,0.22456137746875315,5.479275142004137e-10,5.991137463862974e-10,-3.4550377312564765e-08,5.490076997866135e-10,5.99721998090101e-10,3.458936614894195e-08
2514,3.2361267337733377,4.500943661353229,0.29941516995833756,1.739948850015227e-09,1.913352501540808e-09,-4.245667625921222e-08,1.743452560960713e-09,1.915257218732661e-09,4.250462678296436e-08
2515,2.4270950503300033,0.0,0.37426896244792196,-7.083050764805809e-09,1.8590969720468198e-09,1.8733755278422114e-08,7.089897768184425e-09,1.8611041548589323e-09,1.8755854464771752e-08
2516,2.4270950503300033,0.0,0.29941516995833756,-4.223490070452767e-09,1.105728205295622e-09,1.872921204212358e-08,4.227556130959135e-09,1.106926464886357e-09,1.8751335186550806e-08
2517,2.507998218674337,0.4091766964866572,0.37426896244792196,-6.5541907134606025e-09,2.044630140336722e-09,1.7586467853224946e-08,6.5603810915844576e-09,2.0467918017306528e-09,1.7607014108375607e-08
2518,2.507998218674337,0.4091766964866572,0.29941516995833756,-3.92956130856401e-09,1.2230120061577007e-09,1.758561229108895e-08,3.933265521267638e-09,1.2243038498350986e-09,1.7606183510894213e-08
2519,2.5889013870186703,0.8183533929733144,0.37426896244792196,-5.573566159850487e-09,2.3198674971699428e-09,1.546909030717735e-08,5.578557729451547e-09,2.3222930433045234e-09,1.548705691790817e-08
2520,2.5889013870186703,0.8183533929733144,0.29941516995833756,-3.3464025180974283e-09,1.3887298882515579e-09,1.546644258055546e-08,3.3493981516221143e-09,1.3901806976252137e-09,1.5484431622814697e-08
2521,2.6698045553630037,1.2275300894599717,0.37426896244792196,-4.541910627168284e-09,2.646211430225846e-09,1.2198082734701581e-08,4.545636314228415e-09,2.648973557752607e-09,1.2212203430743922e-08
2522,2.34619188198567,0.0,0.07485379248958439,4.063928449436958e-09,-9.903200924637996e-10,1.5419047311718748e-08,4.06794078890994e-09,9.913947558967052e-10,1.543793712219576e-08
2523,2.6698045553630037,1.2275300894599717,0.29941516995833756,-2.7314573753297394e-09,1.5840119703623596e-09,1.2188842444088002e-08,2.733700988652755e-09,1.585664741435486e-09,1.2202977817090244e-08
2524,2.7507077237073374,1.6367067859466289,0.37426896244792196,-3.464757727660463e-09,2.964135233314987e-09,7.710815859225862e-09,3.467180069783139e-09,2.9672370337127894e-09,7.719706143861311e-09
2525,2.4270950503300033,0.4091766964866572,0.07485379248958439,3.8361281417775e-09,-1.1115282162681485e-09,1.4720755805453453e-08,3.839821169071953e-09,1.112701008894486e-09,1.4738637958031705e-08
2526,2.7507077237073374,1.6367067859466289,0.29941516995833756,-2.0900236825840502e-09,1.7730829514423504e-09,7.691278640552065e-09,2.0914915506192285e-09,1.7749383771469371e-09,7.700171398203558e-09
2527,2.8316108920516707,2.045883482433286,0.37426896244792196,-2.35342455695372e-09,3.221784749413989e-09,2.0702219564784307e-09,2.354571510802919e-09,3.225163194541642e-09,2.072544551763227e-09
2528,2.507998218674337,0.8183533929733144,0.07485379248958439,3.2552971511716335e-09,-1.263781224334872e-09,1.3036511595771017e-08,3.2582633017769644e-09,1.2650956157531357e-09,1.3052360160316201e-08
2529,2.8316108920516707,2.045883482433286,0.29941516995833756,-1.4266142882866612e-09,1.925241588765643e-09,2.0382629954612894e-09,1.4273200915434725e-09,1.927260765479204e-09,2.0405723765104835e-09
2530,2.912514060396004,2.4550601789199433,0.37426896244792196,-1.241037394451722e-09,3.382240519186594e-09,-4.544721796476894e-09,1.2411606123656686e-09,3.3857834179593175e-09,4.5501060562879715e-09
2531,2.5889013870186703,1.2275300894599717,0.07485379248958439,2.61822156163899e-09,-1.4447602870764847e-09,1.0210566357720056e-08,2.6203985550317696e-09,1.4462569427854632e-09,1.0223140776409337e-08
2532,2.912514060396004,2.4550601789199433,0.29941516995833756,-7.601259474127018e-10,2.0189454288654218e-09,-4.589593708349974e-09,7.602109032349498e-10,2.0210606496697496e-09,4.595007363989817e-09
2533,2.9934172287403378,2.8642368754066005,0.37426896244792196,-1.721289963625756e-10,3.429433058412293e-09,-1.1870507421134032e-08,1.7588553640054146e-10,3.4330059596442136e-09,1.1884420668638707e-08
2534,2.6698045553630037,1.6367067859466289,0.07485379248958439,1.9497843086349004e-09,-1.627314180055013e-09,6.189194126423829e-09,1.9511516639537494e-09,1.6290016593591325e-09,6.197142993790328e-09
2535,2.9934172287403378,2.8642368754066005,0.29941516995833756,-1.164042698829531e-10,2.0449525031794813e-09,-1.192690816948196e-08,1.182629857664697e-10,2.0470839542905543e-09,1.1940866545363996e-08
2536,3.074320397084671,3.2734135718932578,0.37426896244792196,8.100870103258846e-10,3.3769278879239514e-09,-1.9613397041414653e-08,8.145545865620124e-10,3.380408809560831e-09,1.9636298247154497e-08
2537,2.7507077237073374,2.045883482433286,0.07485379248958439,1.2659614420601531e-09,-1.7827693457143076e-09,1.0278109979432337e-09,1.2665478859916941e-09,1.7846213416697033e-09,1.0299118962120172e-09
2538,3.074320397084671,3.2734135718932578,0.29941516995833756,4.79909045164806e-10,2.012030501845285e-09,-1.9677724114395658e-08,4.825634122362937e-10,2.014106897188693e-09,1.9700682273987408e-08
2539,3.1552235654290044,3.682590268379915,0.37426896244792196,1.6671911574660425e-09,3.275414028224681e-09,-2.752138051044678e-08,1.6720728120458942e-09,3.278740908947465e-09,2.7553405470815543e-08
2540,2.8316108920516707,2.4550601789199433,0.07485379248958439,5.901265870096328e-10,-1.8886036394764037e-09,-5.108857001441898e-09,5.901436103769656e-10,1.890564501916072e-09,5.114010079441953e-09
2541,3.1552235654290044,3.682590268379915,0.29941516995833756,1.007992460888859e-09,1.9513111870216875e-09,-2.7587673108342238e-08,1.010890821116264e-09,1.9532981882372184e-09,2.7619760141036936e-08
2542,3.2361267337733377,4.091766964866572,0.37426896244792196,2.358873320495553e-09,3.2183003513171867e-09,-3.548017256023668e-08,2.364404326574104e-09,3.221528532254184e-09,3.5521302763520436e-08
2543,2.912514060396004,3.682590268379915,0.0,-2.141416519932158e-09,-2.7519759281725695e-09,-2.5084999801970532e-08,2.1464763041748995e-09,2.754673792852896e-09,2.511131432979885e-08
2544,2.9934172287403378,3.682590268379915,0.07485379248958439,-1.190120050091631e-09,-1.7730558328941556e-09,-2.6040776917712036e-08,1.1931460734406568e-09,1.7748117968138266e-09,2.6069091067628784e-08
2545,2.912514060396004,2.8642368754066005,0.07485379248958439,-4.815558497299875e-11,-1.934650340903309e-09,-1.1977544824629416e-08,5.5579266118425076e-11,1.9366467704738825e-09,1.1990634448033752e-08
2546,3.074320397084671,3.682590268379915,0.14970758497916878,-3.675078551553785e-10,-6.433232023506561e-10,-2.6881935229904476e-08,3.685445010077995e-10,6.439608077655751e-10,2.6912183630566503e-08
2547,3.2361267337733377,4.091766964866572,0.29941516995833756,1.4445843353628938e-09,1.91998429931427e-09,-3.554084590161102e-08,1.4478737101807674e-09,1.9219196328829595e-09,3.558203427946798e-08
2548,2.4270950503300033,0.0,0.22456137746875315,-1.4464362657778813e-09,3.6205916688468583e-10,1.8727484632210296e-08,1.4478090873276862e-09,3.624502913967936e-10,1.874962071450342e-08
2549,2.507998218674337,0.4091766964866572,0.22456137746875315,-1.3343225434694413e-09,4.031530442150028e-10,1.758564656565051e-08,1.3355686342330873e-09,4.035757342738119e-10,1.760623096337997e-08
2550,2.5889013870186703,0.8183533929733144,0.22456137746875315,-1.137949048146461e-09,4.623681784624345e-10,1.5464861515524725e-08,1.138963277920322e-09,4.628482398589664e-10,1.5482861626096214e-08
2551,2.34619188198567,0.0,0.0,6.9116986481367385e-09,-1.6583290760998666e-09,1.5431018855095914e-08,6.918512359805761e-09,1.6601156392351099e-09,1.5449895767726724e-08
2552,2.6698045553630037,1.2275300894599717,0.22456137746875315,-9.373490566784805e-10,5.296517577525006e-10,1.218326592208198e-08,9.381212130975187e-10,5.302023683744603e-10,1.2197407659058782e-08
2553,2.4270950503300033,0.4091766964866572,0.0,6.454870162853146e-09,-1.8519126264369226e-09,1.4730377086146878e-08,6.461072717092886e-09,1.8538609368074525e-09,1.4748242736314614e-08
2554,2.7507077237073374,1.6367067859466289,0.22456137746875315,-7.294216987394405e-10,5.920082616502139e-10,7.68010556756175e-09,7.299423375624151e-10,5.926270259386905e-10,7.68899806137524e-09
2555,2.507998218674337,0.8183533929733144,0.0,5.470451412079339e-09,-2.113192445470055e-09,1.304461310973569e-08,5.475428303282766e-09,2.1153849578217675e-09,1.3060443349498807e-08
2556,2.8316108920516707,2.045883482433286,0.22456137746875315,-5.119911296922679e-10,6.398658824489079e-10,2.0207664686168945e-09,5.122602445432843e-10,6.405369483663789e-10,2.023067502971347e-09
2557,2.5889013870186703,1.2275300894599717,0.0,4.4097007780872395e-09,-2.4200453947742206e-09,1.0222129561725748e-08,4.413365430105168e-09,2.422547904770056e-09,1.023468867436246e-08
2558,2.912514060396004,2.4550601789199433,0.22456137746875315,-2.899220813910487e-10,6.669612688849167e-10,-4.613353749665084e-09,2.899734835076741e-10,6.676601891832977e-10,4.61878384030824e-09
2559,2.6698045553630037,1.6367067859466289,0.0,3.298564645722528e-09,-2.7259961717621846e-09,6.208427442997598e-09,3.3008824958764983e-09,2.728819830197348e-09,6.216368636228402e-09
2560,2.9934172287403378,2.8642368754066005,0.22456137746875315,-7.063145722177269e-11,6.707004763612295e-10,-1.1955975578010749e-08,7.08412698741151e-11,6.714008768995025e-10,1.1969957710807345e-08
2561,2.7507077237073374,2.045883482433286,0.0,2.1601203162014484e-09,-2.983646811199153e-09,1.0578673038594222e-09,2.1611347476041977e-09,2.9867441108855124e-09,1.0599620278146933e-09
2562,3.074320397084671,3.2734135718932578,0.22456137746875315,1.3948553147505992e-10,6.550493712917805e-10,-1.9709894818086313e-08,1.4036764519017568e-10,6.557293314761674e-10,1.9732881631928276e-08
2563,2.912514060396004,3.2734135718932578,0.0,-1.1387593179412182e-09,-2.9913009088260044e-09,-1.8795639551046183e-08,1.1429989232899922e-09,2.9943194073667207e-09,1.8815704587817853e-08
2564,2.8316108920516707,2.4550601789199433,0.0,1.0321177771477588e-09,-3.1563538321575944e-09,-5.066270793209889e-09,1.0321600767125262e-09,3.159628813582071e-09,5.071400673764697e-09
2565,2.9934172287403378,3.2734135718932578,0.07485379248958439,-6.196854930673079e-10,-1.9262299694416956e-09,-1.9301510585887514e-08,6.222810279275424e-10,1.9281915697117423e-09,1.9323059819001996e-08
2566,3.1552235654290044,3.682590268379915,0.22456137746875315,3.369560653488522e-10,6.315016933340156e-10,-2.7619265585931675e-08,3.378854898695313e-10,6.321529381234815e-10,2.7651382131614226e-08
2567,3.3170299021176715,4.500943661353229,0.37426896244792196,2.6685636436974723e-09,3.291871988254911e-09,-4.362522979444705e-08,2.674370570794332e-09,3.2951666237033386e-09,4.367562204877948e-08
2568,2.4270950503300033,0.0,0.14970758497916878,1.3024831962895193e-09,-3.7839452533265613e-10,1.8729225607680644e-08,1.3037742757041446e-09,3.788099077894591e-10,1.8751364999146433e-08
2569,2.507998218674337,0.4091766964866572,0.14970758497916878,1.2509394081366327e-09,-4.161951239275263e-10,1.758719431648309e-08,1.252141926766682e-09,4.1664148893466984e-10,1.760778106028414e-08
2570,2.5889013870186703,0.8183533929733144,0.14970758497916878,1.0641906756841543e-09,-4.6273442611554444e-10,1.5465021927000524e-08,1.065152789599378e-09,4.6322418473671943e-10,1.5483022505663407e-08
2571,2.6698045553630037,1.2275300894599717,0.14970758497916878,8.512372482772726e-10,-5.224377150253779e-10,1.2181913517672687e-08,8.519327622057284e-10,5.229872226162131e-10,1.2196053872568182e-08
2572,2.7507077237073374,1.6367067859466289,0.14970758497916878,6.263958149747106e-10,-5.859443302453995e-10,7.677689361876057e-09,6.268199965715181e-10,5.865592157733942e-10,7.686579133728438e-09
2573,2.8316108920516707,2.045883482433286,0.14970758497916878,3.985087306877546e-10,-6.418278768262346e-10,2.017890546421415e-09,3.9867645717061234e-10,6.425012962286337e-10,2.0201879879915908e-09
2574,2.912514060396004,2.4550601789199433,0.14970758497916878,1.7671766366832604e-10,-6.811508972865047e-10,-4.6161273695011525e-09,1.7671805377002292e-10,6.818643975828597e-10,4.621561311753876e-09
2575,2.9934172287403378,2.8642368754066005,0.14970758497916878,-2.8047074243907048e-11,-6.998846871987628e-10,-1.195810607586368e-08,2.979011342596784e-11,7.006115643098833e-10,1.1972091485576836e-08
2576,2.9934172287403378,4.500943661353229,0.0,-3.1878597160652654e-09,-2.7898233862593195e-09,-3.808759831992407e-08,3.1942552843595063e-09,2.7924478751864134e-09,3.8127487853392485e-08
2577,2.9934172287403378,4.091766964866572,0.0,-2.8007686392600487e-09,-2.786172851316681e-09,-3.2147745310787326e-08,2.806676645705063e-09,2.788852700831228e-09,3.218201454161501e-08
2578,3.074320397084671,4.500943661353229,0.07485379248958439,-1.7084518504724312e-09,-1.7961111523329189e-09,-3.9700124954622e-08,1.7122060529290873e-09,1.7978191397129687e-09,3.9742823752471824e-08
2579,3.074320397084671,4.091766964866572,0.07485379248958439,-1.5458933591214914e-09,-1.7827401971762513e-09,-3.340993822505695e-08,1.5493955446384515e-09,1.7844702635463246e-09,3.3446609073087237e-08
2580,3.1552235654290044,4.500943661353229,0.14970758497916878,-4.3771556880929525e-10,-6.477135830562304e-10,-4.115905884470553e-08,4.3900702368574323e-10,6.483241242671385e-10,4.120445089878338e-08
2581,3.1552235654290044,4.091766964866572,0.14970758497916878,-4.445506856105668e-10,-6.433391770419428e-10,-3.454524564785633e-08,4.4574509634613946e-10,6.439582872320044e-10,3.458423026098985e-08
2582,3.2361267337733377,4.500943661353229,0.22456137746875315,6.707522893433944e-10,6.197226174233324e-10,-4.247924680166731e-08,6.71894989232697e-10,6.203564415163333e-10,4.252721793234987e-08
2583,2.912514060396004,2.8642368754066005,0.0,-3.719837708182763e-11,-3.2274034838218052e-09,-1.1922417620638298e-08,5.808063380252926e-11,3.23073271592604e-09,1.193546894717708e-08
2584,3.074320397084671,3.2734135718932578,0.14970758497916878,-2.0412322530015927e-10,-6.988034892176501e-10,-1.9710616822389953e-08,2.0502179831150763e-10,6.995167362457645e-10,1.973360544376013e-08
2585,3.2361267337733377,4.091766964866572,0.22456137746875315,5.19957971753889e-10,6.19716207814319e-10,-3.556676813402336e-08,5.210194562536441e-10,6.203557596280293e-10,3.5607981023373657e-08
2586,3.3170299021176715,4.500943661353229,0.29941516995833756,1.6511433264289177e-09,1.9750231868771194e-09,-4.367462329178871e-08,1.6545869249016695e-09,1.9770131299875994e-09,4.372506329918412e-08
2587,2.507998218674337,0.0,0.37426896244792196,-7.0801302318946316e-09,2.0646753029427787e-09,2.203732072246428e-08,7.0868949339782515e-09,2.066919582302921e-09,2.2062626116667228e-08
2588,2.507998218674337,0.0,0.29941516995833756,-4.222644750539938e-09,1.2296399250330652e-09,2.203898962553104e-08,4.226661487542438e-09,1.2309817884036123e-09,2.206432360683539e-08
2589,2.5889013870186703,0.4091766964866572,0.37426896244792196,-6.555626571884815e-09,2.242377772433068e-09,2.045121950093328e-08,6.561745224182995e-09,2.2447716504034085e-09,2.0474434788329674e-08
2590,2.5889013870186703,0.4091766964866572,0.29941516995833756,-3.931187971093894e-09,1.3412100371905972e-09,2.0455884871412624e-08,3.934849482822259e-09,1.3426415435740783e-09,2.0479128994819585e-08
2591,2.6698045553630037,0.8183533929733144,0.37426896244792196,-5.592582669425233e-09,2.5228408952974743e-09,1.790231640488176e-08,5.59752812249152e-09,2.525508459506263e-09,1.7922411540598928e-08
2592,2.6698045553630037,0.8183533929733144,0.29941516995833756,-3.358889858717861e-09,1.5103182649063568e-09,1.7904842447391917e-08,3.3618587064787393e-09,1.5119145555087933e-09,1.7924963104881745e-08
2593,2.7507077237073374,1.2275300894599717,0.37426896244792196,-4.57954286890811e-09,2.861555156670816e-09,1.4184337084697033e-08,4.583248667710025e-09,2.8645762323501037e-09,1.420001850678805e-08
2594,2.4270950503300033,0.0,0.07485379248958439,4.0762270206476e-09,-1.1214945348861616e-09,1.8734239312315617e-08,4.0802081309947455e-09,1.1227166973995977e-09,1.875637255369709e-08
2595,2.7507077237073374,1.2275300894599717,0.29941516995833756,-2.755156917741509e-09,1.7130463503017372e-09,1.4179694742838973e-08,2.757389660040565e-09,1.7148546904372284e-09,1.4195392709257399e-08
2596,2.8316108920516707,1.6367067859466289,0.37426896244792196,-3.5205883926698783e-09,3.1909949881491925e-09,9.226820958812981e-09,3.5230164195148936e-09,3.1943706370477357e-09,9.236678885095524e-09
2597,2.507998218674337,0.4091766964866572,0.07485379248958439,3.8459707827622186e-09,-1.2364998434074706e-09,1.7590335934147243e-08,3.849630729981321e-09,1.237815689132549e-09,1.7610914155831163e-08
2598,2.8316108920516707,1.6367067859466289,0.29941516995833756,-2.1245364187582885e-09,1.9087921391073675e-09,9.211250951505755e-09,2.1260085539651483e-09,1.9108118795018504e-09,9.221111744443133e-09
2599,2.912514060396004,2.045883482433286,0.37426896244792196,-2.426179515269419e-09,3.4540506191927503e-09,3.101653119956012e-09,2.427355871577341e-09,3.4577098387604986e-09,3.1043687136418326e-09
2600,2.5889013870186703,0.8183533929733144,0.07485379248958439,3.272365872638283e-09,-1.3901269007715119e-09,1.5466885437985274e-08,3.2753086024275153e-09,1.3915885355434551e-09,1.5484875814209864e-08
2601,2.912514060396004,2.045883482433286,0.29941516995833756,-1.4710334964808078e-09,2.063795817131741e-09,3.0730810347341653e-09,1.4717574868441497e-09,2.0659831859298395e-09,3.075781771311642e-09
2602,2.9934172287403378,2.4550601789199433,0.37426896244792196,-1.3291898476270446e-09,3.610968688542583e-09,-3.996250677580422e-09,1.32934639587001e-09,3.6147881967290912e-09,4.001971897539848e-09
2603,2.6698045553630037,1.2275300894599717,0.07485379248958439,2.6449666721622498e-09,-1.5777552796345673e-09,1.2184796396791356e-08,2.6471327823637047e-09,1.579407952557399e-09,1.2198927582847703e-08
2604,2.9934172287403378,2.4550601789199433,0.29941516995833756,-8.133965335921719e-10,2.1548640010926388e-09,-4.0381515511278416e-09,8.135024368526948e-10,2.1571446247417853e-09,4.043900404900051e-09
2605,3.074320397084671,2.8642368754066005,0.37426896244792196,-2.7427641627531524e-10,3.6448552662954687e-09,-1.1781774035652128e-08,2.761910129022199e-10,3.6486884512834816e-09,1.1796570558651859e-08
2606,2.7507077237073374,1.6367067859466289,0.07485379248958439,1.9866327356869885e-09,-1.7675568608457427e-09,7.684069733727752e-09,1.988003407274672e-09,1.7694090429111357e-09,7.692954276473124e-09
2607,3.074320397084671,2.8642368754066005,0.29941516995833756,-1.7771069754668884e-10,2.1723134313245495e-09,-1.183533579622488e-08,1.7868925389020778e-10,2.1746001638635636e-09,1.1850177647550187e-08
2608,3.1552235654290044,3.2734135718932578,0.37426896244792196,6.948988551595237e-10,3.56955447823767e-09,-1.994115695073907e-08,6.995749312754932e-10,3.5732682356051725e-09,1.9965454795805245e-08
2609,2.8316108920516707,2.045883482433286,0.07485379248958439,1.3128636262506173e-09,-1.9272775951774903e-09,2.0296670644015643e-09,1.3134674659472932e-09,1.9292993424644803e-09,2.0319656309783108e-09
2610,3.1552235654290044,3.2734135718932578,0.29941516995833756,4.112610501164057e-10,2.1250691617704428e-09,-2.0002393471265874e-08,4.1404220005377706e-10,2.1272839769448072e-09,2.0026748417898495e-08
2611,3.2361267337733377,3.682590268379915,0.37426896244792196,1.5384334037124005e-09,3.43716872305651e-09,-2.8201249028720937e-08,1.5432966568354113e-09,3.4406929478864093e-09,2.8235107440095154e-08
2612,2.912514060396004,2.4550601789199433,0.07485379248958439,6.468911506412828e-10,-2.0327882698753727e-09,-4.597894544220407e-09,6.469215321245039e-10,2.0349177480048813e-09,4.603319783435386e-09
2613,3.2361267337733377,3.682590268379915,0.29941516995833756,9.32160925969547e-10,2.0450888021998025e-09,-2.8263688318657746e-08,9.350474495978051e-10,2.0471925315595938e-09,2.8297608028617568e-08
2614,3.3170299021176715,4.091766964866572,0.37426896244792196,2.213484625304678e-09,3.3453938859324393e-09,-3.643164360099816e-08,2.2189324530463187e-09,3.3487814087679058e-09,3.6474947632505045e-08
2615,2.9934172287403378,3.682590268379915,0.0,-1.9707239704907994e-09,-2.9489881281102988e-09,-2.5965139483917155e-08,1.975754313965283e-09,2.951910160359678e-09,2.5993391821371527e-08
2616,3.074320397084671,3.682590268379915,0.07485379248958439,-1.0952045428162957e-09,-1.890229711980325e-09,-2.6845298224307525e-08,1.0982182056940992e-09,1.892117564500563e-09,2.6875515809498224e-08
2617,2.9934172287403378,2.8642368754066005,0.07485379248958439,1.8028680514755395e-11,-2.07332364691291e-09,-1.1933276444612184e-08,3.120473833022188e-11,2.0754806167118944e-09,1.1947244684995744e-08
2618,3.1552235654290044,3.682590268379915,0.14970758497916878,-3.37772943554078e-10,-6.861144639185115e-10,-2.7617457425697853e-08,3.3880972435846163e-10,6.867969443136627e-10,2.7649573114626556e-08
2619,3.3170299021176715,4.091766964866572,0.29941516995833756,1.3609180385534526e-09,1.9924104335785217e-09,-3.6487125674921124e-08,1.364158537668379e-09,1.9944395089683996e-09,3.6530485264509996e-08
2620,2.507998218674337,0.0,0.22456137746875315,-1.4449803745944849e-09,4.023610858695156e-10,2.204047643551777e-08,1.4463335527469988e-09,4.028004246757855e-10,2.2065825618985183e-08
2621,2.5889013870186703,0.4091766964866572,0.22456137746875315,-1.3349669663783358e-09,4.4157529704026685e-10,2.0458744999027222e-08,1.3361978711712144e-09,4.420448252735206e-10,2.0482004156754983e-08
2622,2.6698045553630037,0.8183533929733144,0.22456137746875315,-1.1429468588100504e-09,5.025380742966267e-10,1.79058234157625e-08,1.1439525518561548e-09,5.030673674709896e-10,1.7925956534215058e-08
2623,2.4270950503300033,0.0,0.0,6.928998158356786e-09,-1.873397016672486e-09,1.8741366398454195e-08,6.935753707285242e-09,1.8754270622642375e-09,1.8763482972675643e-08
2624,2.7507077237073374,1.2275300894599717,0.22456137746875315,-9.462560340063394e-10,5.724579278414519e-10,1.4176310928182927e-08,9.47025489649904e-10,5.730613584920788e-10,1.4192016002621076e-08
2625,2.507998218674337,0.4091766964866572,0.0,6.470387561510489e-09,-2.0589140094471796e-09,1.7594651961323084e-08,6.476532462826025e-09,2.061100560201617e-09,1.761520973289523e-08
2626,2.8316108920516707,1.6367067859466289,0.22456137746875315,-7.419435091703988e-10,6.367816503532097e-10,9.201934231212419e-09,7.424664644706081e-10,6.374559482775445e-10,9.211794756465043e-09
2627,2.5889013870186703,0.8183533929733144,0.0,5.4988613693962064e-09,-2.3235435211336084e-09,1.5469673572545674e-08,5.503798378254034e-09,2.3259823228733122e-09,1.5487642186458492e-08
2628,2.912514060396004,2.045883482433286,0.22456137746875315,-5.276747317570524e-10,6.850226531358577e-10,3.0571613636404302e-09,5.279506704554392e-10,6.857500527142678e-10,3.059852764694318e-09
2629,2.6698045553630037,1.2275300894599717,0.0,4.4545929891434085e-09,-2.6418542173634442e-09,1.2191375445298917e-08,4.458239392788497e-09,2.6446182866708912e-09,1.220548904697895e-08
2630,2.9934172287403378,2.4550601789199433,0.22456137746875315,-3.0826866472415404e-10,7.103970374546797e-10,-4.060518466346477e-09,3.0832859575439767e-10,7.11150797577623e-10,4.066282996591122e-09
2631,2.7507077237073374,1.6367067859466289,0.0,3.3606039354808124e-09,-2.959680572756376e-09,7.698916847684276e-09,3.3629275462913574e-09,2.9627804130406054e-09,7.707793295425143e-09
2632,3.074320397084671,2.8642368754066005,0.22456137746875315,-9.139937071290304e-11,7.102780849874492e-10,-1.1863027644815839e-08,9.151952879072058e-11,7.110293071136251e-10,1.1877893388094647e-08
2633,2.8316108920516707,2.045883482433286,0.0,2.2391236874212e-09,-3.2239923038140496e-09,2.0559862082177227e-09,2.240167722701411e-09,3.2273737387032673e-09,2.058290678477742e-09
2634,3.1552235654290044,3.2734135718932578,0.22456137746875315,1.1669218168160341e-10,6.886962449235468e-10,-2.0032982592942514e-08,1.1763020150359916e-10,6.894206491579061e-10,2.0057366216713472e-08
2635,2.9934172287403378,3.2734135718932578,0.0,-1.0004478441560893e-09,-3.206491819137761e-09,-1.9235693887386347e-08,1.0047922964057328e-09,3.209758251983357e-09,1.925719057703634e-08
2636,2.912514060396004,2.4550601789199433,0.0,1.1276759117663765e-09,-3.3953896580872556e-09,-4.558506150303477e-09,1.12774382577619e-09,3.398946176438262e-09,4.563909787848468e-09
2637,3.074320397084671,3.2734135718932578,0.07485379248958439,-5.439676352960146e-10,-2.0543241371891148e-09,-1.9679900048528767e-08,5.466397561962099e-10,2.0564321475079463e-09,1.9702863660381254e-08
2638,3.2361267337733377,3.682590268379915,0.22456137746875315,3.1275087222782515e-10,6.573924568700534e-10,-2.8293226472504783e-08,3.1367390127712775e-10,6.58080148879481e-10,2.832717511593461e-08
2639,3.3979330704620048,4.500943661353229,0.37426896244792196,2.5248935617781774e-09,3.38891509235996e-09,-4.4758620016025925e-08,2.5305983308463904e-09,3.3923390362735283e-09,4.481142385067967e-08
2640,2.507998218674337,0.0,0.14970758497916878,1.3054726163060483e-09,-4.222884342020372e-10,2.204277122536361e-08,1.3067548729571513e-09,4.22751580091607e-10,2.2068123950122742e-08
2641,2.5889013870186703,0.4091766964866572,0.14970758497916878,1.2516444359821087e-09,-4.576382636597284e-10,2.046061029923371e-08,1.2528351573856383e-09,4.581306832816069e-10,2.0483871852350622e-08
2642,2.6698045553630037,0.8183533929733144,0.14970758497916878,1.0669759832606337e-09,-5.040544066018331e-10,1.7906064538025004e-08,1.0679287587605808e-09,5.045911005217391e-10,1.7926197956598215e-08
2643,2.7507077237073374,1.2275300894599717,0.14970758497916878,8.574140635848283e-10,-5.65872015982917e-10,1.4174886589965439e-08,8.581044026955733e-10,5.66471256544911e-10,1.4190589985552989e-08
2644,2.8316108920516707,1.6367067859466289,0.14970758497916878,6.361210015084749e-10,-6.32046312925785e-10,9.199404439888696e-09,6.365450326885898e-10,6.32714213662577e-10,9.20926188542517e-09
2645,2.912514060396004,2.045883482433286,0.14970758497916878,4.1173226673022593e-10,-6.899613265337385e-10,3.054175085349471e-09,4.11904652429326e-10,6.906900390960172e-10,3.0568626561812392e-09
2646,2.9934172287403378,2.4550601789199433,0.14970758497916878,1.9335059005212967e-10,-7.300790756079854e-10,-4.063380824489532e-09,1.9335264967791254e-10,7.30848079713316e-10,4.0691495090140556e-09
2647,3.074320397084671,2.8642368754066005,0.14970758497916878,-8.343978472646449e-12,-7.479786470857138e-10,-1.1865197364034431e-08,1.2539407375258619e-11,7.487589738832026e-10,1.1880066529084479e-08
2648,3.074320397084671,4.500943661353229,0.0,-2.9574365172610465e-09,-2.951457586129367e-09,-3.961540777038798e-08,2.9637100207773533e-09,2.9542735899445773e-09,3.9658034433812484e-08
2649,3.074320397084671,4.091766964866572,0.0,-2.6014063474701443e-09,-2.958449710630929e-09,-3.333336105114976e-08,2.607225079894386e-09,2.9613269758875867e-09,3.3369966127367e-08
2650,3.1552235654290044,4.500943661353229,0.07485379248958439,-1.5771011300823691e-09,-1.889139321437769e-09,-4.1116997509169914e-08,1.5807894136155917e-09,1.8909560179189144e-09,4.116235279726847e-08
2651,3.1552235654290044,4.091766964866572,0.07485379248958439,-1.434089948898027e-09,-1.8845627337829715e-09,-3.450731029229627e-08,1.4375445855285254e-09,1.886407368396179e-09,3.454626138672019e-08
2652,3.2361267337733377,4.500943661353229,0.14970758497916878,-3.901967208705403e-10,-6.82108879386903e-10,-4.247132660561381e-08,3.914783196456675e-10,6.827551680712298e-10,4.2519290631617703e-08
2653,3.2361267337733377,4.091766964866572,0.14970758497916878,-4.0771769351503397e-10,-6.815830140687134e-10,-3.556149671293317e-08,4.089028678359668e-10,6.822411658859126e-10,3.5602704945798123e-08
2654,3.3170299021176715,4.500943661353229,0.22456137746875315,6.490640197949127e-10,6.338923525860142e-10,-4.3694457304668875e-08,6.501907368255066e-10,6.345519403967637e-10,4.37449161295503e-08
2655,2.9934172287403378,2.8642368754066005,0.0,7.418031738614302e-11,-3.4561499762617795e-09,-1.1881059062585466e-08,8.462609585819714e-11,3.459746530163924e-09,1.1894988828946866e-08
2656,3.1552235654290044,3.2734135718932578,0.14970758497916878,-1.8130276286991187e-10,-7.444548247391542e-10,-2.0033662659656548e-08,1.8222706554987026e-10,7.452174618931944e-10,2.005804804662952e-08
2657,3.3170299021176715,4.091766964866572,0.22456137746875315,4.952275741025837e-10,6.373661323278618e-10,-3.651035270626844e-08,4.96271615330494e-10,6.380338409772918e-10,3.6553735175270786e-08
2658,3.3979330704620048,4.500943661353229,0.29941516995833756,1.5735847095039054e-09,2.027503919814646e-09,-4.480208095140705e-08,1.576973332548761e-09,2.0295682407235234e-09,4.485492852269805e-08
2659,2.5889013870186703,0.0,0.37426896244792196,-7.060177300242059e-09,2.264145689054821e-09,2.5329189870333406e-08,7.066846641685093e-09,2.2666198677216057e-09,2.5357659957005543e-08
2660,2.5889013870186703,0.0,0.29941516995833756,-4.211513500422606e-09,1.3500543283543527e-09,2.533678279306021e-08,4.21547316146103e-09,1.351535496545553e-09,2.5365285852648714e-08
2661,2.6698045553630037,0.4091766964866572,0.37426896244792196,-6.542943580166864e-09,2.4342187303578923e-09,2.3311373879264386e-08,6.548980644960249e-09,2.4368382305616426e-09,2.3337227645526273e-08
2662,2.6698045553630037,0.4091766964866572,0.29941516995833756,-3.924405995245473e-09,1.4560464639567042e-09,2.3321209591329564e-08,3.928019037720545e-09,1.4576138535189482e-09,2.3347095862469608e-08
2663,2.7507077237073374,0.8183533929733144,0.37426896244792196,-5.600714065699582e-09,2.7199838191677442e-09,2.033886910464787e-08,5.605607394662333e-09,2.7228877499462142e-09,2.0361075725955974e-08
2664,2.7507077237073374,0.8183533929733144,0.29941516995833756,-3.3649678922822378e-09,1.6284792776962193e-09,2.034621515820589e-08,3.367906533800211e-09,1.6302179496782414e-09,2.0368450252125963e-08
2665,2.8316108920516707,1.2275300894599717,0.37426896244792196,-4.608128252934421e-09,3.071226894234395e-09,1.618239076475179e-08,4.6118109032431695e-09,3.0745019909941057e-09,1.6199631362265735e-08
2666,2.507998218674337,0.0,0.07485379248958439,4.079904932492462e-09,-1.248957093808603e-09,2.2045765679000767e-08,4.083847725969017e-09,1.2503224000568989e-09,2.207111057277167e-08
2667,2.8316108920516707,1.2275300894599717,0.29941516995833756,-2.7735923283970187e-09,1.83870643498906e-09,1.618205127765628e-08,2.775812374476414e-09,1.8406676340562158e-09,1.619931027617354e-08
2668,2.912514060396004,1.6367067859466289,0.37426896244792196,-3.5680874031030703e-09,3.4124868792482502e-09,1.0763096947990403e-08,3.570519257325275e-09,3.4161317408375176e-09,1.0773941150141707e-08
2669,2.5889013870186703,0.4091766964866572,0.07485379248958439,3.847550736962931e-09,-1.3577440559331117e-09,2.046149888847557e-08,3.851171362941026e-09,1.3591987855133453e-09,2.048475015764415e-08
2670,2.912514060396004,1.6367067859466289,0.29941516995833756,-2.1541977551540164e-09,2.041327386863256e-09,1.0751274142174104e-08,2.1556731330239717e-09,2.0435087746729722e-09,1.0762121911251145e-08
2671,2.9934172287403378,2.045883482433286,0.37426896244792196,-2.490524176580735e-09,3.6811071749734126e-09,4.1612289754301445e-09,2.491728010324613e-09,3.685042679682299e-09,4.164395271041964e-09
2672,2.6698045553630037,0.8183533929733144,0.07485379248958439,3.28258313652432e-09,-1.5130285968674357e-09,1.7905502215642146e-08,3.2854982825908174e-09,1.5146335266583905e-09,1.7925623709379092e-08
2673,2.9934172287403378,2.045883482433286,0.29941516995833756,-1.5105214598801363e-09,2.199237918475398e-09,4.135906199504703e-09,1.5112625368031347e-09,2.2015908246341404e-09,4.1390577614061185e-09
2674,3.074320397084671,2.4550601789199433,0.37426896244792196,-1.408204951105676e-09,3.834524643728545e-09,-3.4121988657894422e-09,1.4083943044156523e-09,3.838616169153987e-09,3.418371124421772e-09
2675,2.7507077237073374,1.2275300894599717,0.07485379248958439,2.665963091528349e-09,-1.707521846468271e-09,1.4175425730074073e-08,2.6681158663480345e-09,1.7093270825911393e-09,1.4191118628660631e-08
2676,3.074320397084671,2.4550601789199433,0.29941516995833756,-8.612734402300109e-10,2.2876449471707752e-09,-3.4511633566133732e-09,8.613998540333272e-10,2.2900881871695657e-09,3.457359887691059e-09
2677,3.1552235654290044,2.8642368754066005,0.37426896244792196,-3.6577984897682903e-10,3.854937431190243e-09,-1.1650974192534483e-08,3.669323139180059e-10,3.8590257359360535e-09,1.1666663170347553e-08
2678,2.8316108920516707,1.6367067859466289,0.07485379248958439,2.0184257950754285e-09,-1.904627958855021e-09,9.203688791893704e-09,2.019798303053291e-09,1.9066419957911394e-09,9.21354031480383e-09
2679,3.1552235654290044,2.8642368754066005,0.29941516995833756,-2.3266237002179793e-10,2.2963732147077124e-09,-1.1701615540244576e-08,2.332565966959502e-10,2.2988119983001613e-09,1.1717349701660953e-08
2680,3.2361267337733377,3.2734135718932578,0.37426896244792196,5.925559537867962e-10,3.755905609605454e-09,-2.0220782415186675e-08,5.974998829779659e-10,3.759845949405534e-09,2.0246461664334557e-08
2681,2.912514060396004,2.045883482433286,0.07485379248958439,1.3549102379115795e-09,-2.068808376662791e-09,3.064132036339961e-09,1.3555301723811998e-09,2.0709972928196917e-09,3.066821273399477e-09
2682,3.2361267337733377,3.2734135718932578,0.29941516995833756,3.5039907579261363e-10,2.2340926310661763e-09,-2.0278694818561997e-08,3.533430170543217e-10,2.2364418839159345e-09,2.0304430787611464e-08
2683,3.3170299021176715,3.682590268379915,0.37426896244792196,1.4254170239788111e-09,3.5906024072211374e-09,-2.882638430146584e-08,1.4302690416732562e-09,3.5943153774755177e-09,2.8862044722303986e-08
2684,2.9934172287403378,2.4550601789199433,0.07485379248958439,6.9854208410212e-10,-2.1741837451483446e-09,-4.046747575848929e-09,6.985871796721064e-10,2.1764792621121717e-09,4.052508894372169e-09
2685,3.3170299021176715,3.682590268379915,0.29941516995833756,8.658989077698369e-10,2.1334136101056526e-09,-2.888456235063371e-08,8.687776565386222e-10,2.1356285120198127e-09,2.8920282557925393e-08
2686,3.3979330704620048,4.091766964866572,0.37426896244792196,2.0868255914997148e-09,3.460638957346494e-09,-3.731881602415524e-08,2.0921986892079452e-09,3.46417265245162e-09,3.736424512013729e-08
2687,3.074320397084671,3.682590268379915,0.0,-1.8118232936928157e-09,-3.1396837442664654e-09,-2.6772702946936693e-08,1.8168289839896013e-09,3.142823776388342e-09,2.6802857680264067e-08
2688,3.1552235654290044,3.682590268379915,0.07485379248958439,-1.008129422511718e-09,-2.0038265239814104e-09,-2.758248501200911e-08,1.0111347714093069e-09,2.005842478768111e-09,2.7614569646711317e-08
2689,3.074320397084671,2.8642368754066005,0.07485379248958439,7.835604292230897e-11,-2.2091682819878584e-09,-1.1841866163439047e-08,8.175668174838064e-11,2.211483097910901e-09,1.1856718289635296e-08
2690,3.2361267337733377,3.682590268379915,0.14970758497916878,-3.108794619982417e-10,-7.28067304328129e-10,-2.8291281532087614e-08,3.119181701658769e-10,7.287935824585769e-10,2.8325229025336487e-08
2691,3.3979330704620048,4.091766964866572,0.29941516995833756,1.2885773230544279e-09,2.057077998917795e-09,-3.736847672748436e-08,1.2917741401450331e-09,2.0591923115365843e-09,3.741395771294542e-08
2692,2.5889013870186703,0.0,0.22456137746875315,-1.4394815611048835e-09,4.4178230402873164e-10,2.5341289573508242e-08,1.4408121797723286e-09,4.422685759221326e-10,2.5369810003894347e-08
2693,2.6698045553630037,0.4091766964866572,0.22456137746875315,-1.3326185707853827e-09,4.791402300646315e-10,2.3326682191963407e-08,1.3338323586096365e-09,4.796556205311396e-10,2.335258526900329e-08
2694,2.7507077237073374,0.8183533929733144,0.22456137746875315,-1.1457892952055669e-09,5.416343806102787e-10,2.034956926608428e-08,1.1467854068745538e-09,5.422123046464009e-10,2.0371818142359038e-08
2695,2.507998218674337,0.0,0.0,6.930730235916838e-09,-2.082410835309179e-09,2.2048166472563983e-08,6.937414922014879e-09,2.084677424957266e-09,2.207349102329998e-08
2696,2.8316108920516707,1.2275300894599717,0.22456137746875315,-9.534316161245088e-10,6.141323511903474e-10,1.6180723467515797e-08,9.541978470171385e-10,6.147880398635635e-10,1.6197990299196327e-08
2697,2.5889013870186703,0.4091766964866572,0.0,6.471528615579276e-09,-2.2598274294581594e-09,2.0460664931431518e-08,6.477605164707914e-09,2.2622455464780047e-09,2.0483891934089126e-08
2698,2.912514060396004,1.6367067859466289,0.22456137746875315,-7.528124520457465e-10,6.805243903942094e-10,1.0743724531059479e-08,7.533374668913486e-10,6.812534434727681e-10,1.0754572176437688e-08
2699,2.6698045553630037,0.8183533929733144,0.0,5.515490947338237e-09,-2.528104303932942e-09,1.7903191035228722e-08,5.520381051282407e-09,2.5307831852067172e-09,1.7923287365108443e-08
2700,2.9934172287403378,2.045883482433286,0.22456137746875315,-5.416272658858661e-10,7.291140578002361e-10,4.121514548018241e-09,5.419097214397194e-10,7.298969162191674e-10,4.124656712599062e-09
2701,2.7507077237073374,1.2275300894599717,0.0,4.489562139954641e-09,-2.858124898979756e-09,1.4177233118349412e-08,4.493186218049442e-09,2.861145080412796e-09,1.4192906008426613e-08
2702,3.074320397084671,2.4550601789199433,0.22456137746875315,-3.2472248036159443e-10,7.52693301886674e-10,-3.4721335130062905e-09,3.2479062749696665e-10,7.535009314646771e-10,3.4783441065061034e-09
2703,2.8316108920516707,1.6367067859466289,0.0,3.413829059158197e-09,-3.1879866644226273e-09,9.21429094054407e-09,3.4161560216737197e-09,3.1913579917204877e-09,9.224133331054972e-09
2704,3.1552235654290044,2.8642368754066005,0.22456137746875315,-1.09931982158609e-10,7.486298381361727e-10,-1.1727860006003383e-08,1.1000437573334758e-10,7.494306752964064e-10,1.1743617980966354e-08
2705,2.912514060396004,2.045883482433286,0.0,2.3096347897072927e-09,-3.4592508496359064e-09,3.0867627916514136e-09,2.310706303780087e-09,3.4629120533679856e-09,3.089459200404215e-09
2706,3.2361267337733377,3.2734135718932578,0.22456137746875315,9.665488019823953e-11,7.20755246967005e-10,-2.030753931299132e-08,9.76673988844604e-11,7.215225829890803e-10,2.033330364628698e-08
2707,3.074320397084671,3.2734135718932578,0.0,-8.732087214038193e-10,-3.4163511603472594e-09,-1.9617049998180887e-08,8.776909874256043e-10,3.4198604423463306e-09,1.9639960360838437e-08
2708,2.9934172287403378,2.4550601789199433,0.0,1.214351161483042e-09,-3.629571090253143e-09,-4.010603451645012e-09,1.2144463529148163e-09,3.6334047904882094e-09,4.016345437305344e-09
2709,3.1552235654290044,3.2734135718932578,0.07485379248958439,-4.752743330923853e-10,-2.1793211780581134e-09,-2.0004509910711897e-08,4.78044242199193e-10,2.1815724514600386e-09,2.0028870169066157e-08
2710,3.3170299021176715,3.682590268379915,0.22456137746875315,2.9186177662609906e-10,6.810148269162048e-10,-2.8911786250467016e-08,2.927796932220474e-10,6.817367958450832e-10,2.8947534314589697e-08
2711,3.478836238806338,4.500943661353229,0.37426896244792196,2.4023184832218373e-09,3.470084639167144e-09,-4.5809948719837214e-08,2.4079322224350666e-09,3.4736193503765484e-09,4.5865087344794395e-08
2712,2.5889013870186703,0.0,0.14970758497916878,1.306429972017302e-09,-4.6444297614435254e-10,2.5344056233478322e-08,1.3077016654904836e-09,4.64952125504759e-10,2.537258046135245e-08
2713,2.6698045553630037,0.4091766964866572,0.14970758497916878,1.2500113448066763e-09,-4.974442751623471e-10,2.3328786123361162e-08,1.2511884578919081e-09,4.979809421128303e-10,2.3354691681871773e-08
2714,2.7507077237073374,0.8183533929733144,0.14970758497916878,1.0677291166010371e-09,-5.441003477348728e-10,2.034984722999824e-08,1.0686712992285651e-09,5.446821117304624e-10,2.037209625981815e-08
2715,2.8316108920516707,1.2275300894599717,0.14970758497916878,8.618643447145996e-10,-6.081992672737374e-10,1.6179224954054985e-08,8.625487883135937e-10,6.088466979463588e-10,1.619648981224884e-08
2716,2.912514060396004,1.6367067859466289,0.14970758497916878,6.443764900141512e-10,-6.770419440356332e-10,1.0741096491556312e-08,6.447999048585795e-10,6.777617900363127e-10,1.0751940717153132e-08
2717,2.9934172287403378,2.045883482433286,0.14970758497916878,4.23554028010591e-10,-7.371251282182615e-10,4.1184308086704e-09,4.237306283288828e-10,7.379082533433589e-10,4.121568955663289e-09
2718,3.074320397084671,2.4550601789199433,0.14970758497916878,2.084231768354612e-10,-7.781559089873702e-10,-3.475070667561733e-09,2.084277104809647e-10,7.789795745961764e-10,3.481285592596563e-09
2719,3.1552235654290044,2.8642368754066005,0.14970758497916878,9.48310165766226e-12,-7.952013409850599e-10,-1.1730043668246299e-08,1.2889768055619618e-11,7.960342804565023e-10,1.1745805116664982e-08
2720,3.1552235654290044,4.500943661353229,0.0,-2.7398328345323836e-09,-3.1032889205031033e-09,-4.103652560831981e-08,2.7459849981176724e-09,3.106285261391903e-09,4.108180862921086e-08
2721,3.1552235654290044,4.091766964866572,0.0,-2.415423362544053e-09,-3.1226262450055844e-09,-3.44345181452021e-08,2.4211554616435074e-09,3.125692158930689e-09,3.447340328360437e-08
2722,3.2361267337733377,4.500943661353229,0.07485379248958439,-1.4551937648500308e-09,-1.9761097778912238e-09,-4.243174055009877e-08,1.4588197453853327e-09,1.9780278388921313e-09,4.247966822682796e-08
2723,3.2361267337733377,4.091766964866572,0.07485379248958439,-1.3316300334767268e-09,-1.98161923615685e-09,-3.552568459766848e-08,1.3350406312924853e-09,1.9835730423225717e-09,3.5566859510837935e-08
2724,3.3170299021176715,4.500943661353229,0.14970758497916878,-3.4678801758673207e-10,-7.148518651694628e-10,-4.368655793670393e-08,3.4806507111133274e-10,7.155317747554207e-10,4.3737009206945405e-08
2725,3.3170299021176715,4.091766964866572,0.14970758497916878,-3.745885493174949e-10,-7.186925504445577e-10,-3.650492338884972e-08,3.757666885446926e-10,7.193883178078639e-10,3.654830065351927e-08
2726,3.3979330704620048,4.500943661353229,0.22456137746875315,6.307144807429625e-10,6.44269691928729e-10,-4.481879906013577e-08,6.318269889199368e-10,6.449507546509199e-10,4.487166296268483e-08
2727,3.074320397084671,2.8642368754066005,0.0,1.7550375039074952e-10,-3.6799941666681136e-09,-1.179270368916094e-08,1.7938196158872514e-10,3.6838534391789975e-09,1.180751734763678e-08
2728,3.2361267337733377,3.2734135718932578,0.14970758497916878,-1.60816169773238e-10,-7.891947372440223e-10,-2.030812635321091e-08,1.6177175183495074e-10,7.900057560868144e-10,2.0333892284187207e-08
2729,3.3979330704620048,4.091766964866572,0.22456137746875315,4.741986654989541e-10,6.517164291631037e-10,-3.7388650568627206e-08,4.752272834421369e-10,6.524088677854795e-10,3.743415212517589e-08
2730,3.478836238806338,4.500943661353229,0.29941516995833756,1.5087532530597491e-09,2.069475914050681e-09,-4.584672054842062e-08,1.512094023676464e-09,2.0716024900393485e-09,4.590189758894818e-08
2731,2.6698045553630037,0.0,0.37426896244792196,-7.02416687449058e-09,2.4567922202027388e-09,2.860113649701928e-08,7.030729067401173e-09,2.4594883642665706e-09,2.8632721925278816e-08
2732,2.6698045553630037,0.0,0.29941516995833756,-4.190764399238594e-09,1.4665714928347691e-09,2.861425404497625e-08,4.194659973069243e-09,1.4681872061485681e-09,2.864587650635803e-08
2733,2.7507077237073374,0.4091766964866572,0.37426896244792196,-6.517281634272569e-09,2.6195986731441425e-09,2.6160804455519634e-08,6.52322850872129e-09,2.6224366757370742e-09,2.6189260177399944e-08
2734,2.7507077237073374,0.4091766964866572,0.29941516995833756,-3.909918403717625e-09,1.5672117591805754e-09,2.6175394744045134e-08,3.913477983407306e-09,1.5689109581978754e-09,2.620388632176143e-08
2735,2.8316108920516707,0.8183533929733144,0.37426896244792196,-5.599126709307419e-09,2.911069295834395e-09,2.2774251751233283e-08,5.603962967354669e-09,2.9142034521412997e-09,2.2798547913269828e-08
2736,2.8316108920516707,0.8183533929733144,0.29941516995833756,-3.3653042484332844e-09,1.743094079505588e-09,2.2786009663854207e-08,3.368209936806401e-09,1.744971751496984e-09,2.281033698721958e-08
2737,2.912514060396004,1.2275300894599717,0.37426896244792196,-4.628739890191274e-09,3.27525356765346e-09,1.818824679835077e-08,4.632396874770596e-09,3.2787773022394253e-09,1.8207040594913688e-08
2738,2.5889013870186703,0.0,0.07485379248958439,4.0753200675651244e-09,-1.3720556440206724e-09,2.5345066845373525e-08,4.0792180372946296e-09,1.3735593075343934e-09,2.537358169539088e-08
2739,2.912514060396004,1.2275300894599717,0.29941516995833756,-2.7873593880998947e-09,1.9610136340475166e-09,1.819183540959953e-08,2.7895653916853543e-09,1.9631247046590456e-09,1.8210649347209645e-08
2740,2.9934172287403378,1.6367067859466289,0.37426896244792196,-3.6081320732838325e-09,3.6286828838234413e-09,1.231574551754565e-08,3.6105662882105177e-09,3.6325920095289933e-09,1.2327587809779343e-08
2741,2.6698045553630037,0.4091766964866572,0.07485379248958439,3.8413465710593954e-09,-1.4748302171092737e-09,2.332748380636815e-08,3.84492225088824e-09,1.476419229590226e-09,2.3353377471649222e-08
2742,2.9934172287403378,1.6367067859466289,0.29941516995833756,-2.1794742902250738e-09,2.1707051196318327e-09,1.2307357849804727e-08,2.180952150320842e-09,2.173045299196658e-09,1.2319204534884562e-08
2743,3.074320397084671,2.045883482433286,0.37426896244792196,-2.5470694869295606e-09,3.9030615755330414e-09,5.244952395701583e-09,2.5482989480873265e-09,3.907268606056147e-09,5.248599540187674e-09
2744,2.7507077237073374,0.8183533929733144,0.07485379248958439,3.2864942213350013e-09,-1.6322712956178755e-09,2.0346965130888162e-08,3.2893781747770784e-09,1.6340151759053052e-09,2.0369200621988836e-08
2745,3.074320397084671,2.045883482433286,0.29941516995833756,-1.5453801124349457e-09,2.331599391101636e-09,5.222661539283263e-09,1.5461372358030515e-09,2.3341149868422653e-09,5.226294562605348e-09
2746,3.1552235654290044,2.4550601789199433,0.37426896244792196,-1.4783351085172966e-09,4.053033807891601e-09,-2.7968683692802342e-09,1.4785560721233346e-09,4.05739240118454e-09,2.8037019788289843e-09
2747,2.8316108920516707,1.2275300894599717,0.07485379248958439,2.681681041776607e-09,-1.8339064222181192e-09,1.617755117902968e-08,2.6838184866178024e-09,1.8358605539047525e-09,1.619480423574929e-08
2748,3.1552235654290044,2.4550601789199433,0.29941516995833756,-9.038484225407544e-10,2.41733036293166e-09,-2.8329879903045883e-09,9.039945306109451e-10,2.4199331296663398e-09,2.8398389965510457e-09
2749,3.2361267337733377,2.8642368754066005,0.37426896244792196,-4.46451643179847e-10,4.0596036435571e-09,-1.1482997201320007e-08,4.472064350548654e-10,4.063941477999297e-09,1.1499592160018059e-08
2750,2.912514060396004,1.6367067859466289,0.07485379248958439,2.0455221856005334e-09,-2.0384342853770177e-09,1.0743397235734614e-08,2.0468953295687503e-09,2.0406072258654013e-09,1.0754234735885754e-08
2751,3.2361267337733377,2.8642368754066005,0.29941516995833756,-2.81070119892511e-10,2.4170088868469723e-09,-1.1530659714484131e-08,2.814593584131908e-10,2.419596098535957e-09,1.1547299372069883e-08
2752,3.3170299021176715,3.2734135718932578,0.37426896244792196,5.03818696326973e-10,3.935577239795897e-09,-2.0457907669799694e-08,5.090959484811144e-10,3.939737266057279e-09,2.0484955760410865e-08
2753,2.9934172287403378,2.045883482433286,0.07485379248958439,1.3923192998891878e-09,-2.2073234793704775e-09,4.126634861200929e-09,1.3929541160923545e-09,2.209676898005545e-09,4.129774377336301e-09
2754,3.3170299021176715,3.2734135718932578,0.29941516995833756,2.978706286191408e-10,2.3387112854892396e-09,-2.0512269460093833e-08,3.010164140991587e-10,2.3411904043735152e-09,2.0539373388509432e-08
2755,3.3979330704620048,3.682590268379915,0.37426896244792196,1.3295600498795329e-09,3.73490506549838e-09,-2.940391166609661e-08,1.3344067134305227e-09,3.7387970692933304e-09,2.9441346484940345e-08
2756,3.074320397084671,2.4550601789199433,0.07485379248958439,7.450870227496919e-10,-2.312733692873977e-09,-3.4600213422133533e-09,7.451473484667485e-10,2.3151925858562225e-09,3.4662308310408737e-09
2757,3.3979330704620048,3.682590268379915,0.29941516995833756,8.10149332690508e-10,2.215565241499045e-09,-2.945745547877819e-08,8.130238808435418e-10,2.2178847996210653e-09,2.9494947832269947e-08
2758,3.478836238806338,4.091766964866572,0.37426896244792196,1.9810560194971944e-09,3.562489844670465e-09,-3.815073268797152e-08,1.9863641600878826e-09,3.5661547580597323e-09,3.819824347819909e-08
2759,3.1552235654290044,3.682590268379915,0.0,-1.6660212813968402e-09,-3.3239756519941867e-09,-2.751332875592044e-08,1.6710087049328318e-09,3.3273270741686626e-09,2.7545350157144125e-08
2760,3.2361267337733377,3.682590268379915,0.07485379248958439,-9.297276781361878e-10,-2.1136423317249954e-09,-2.825816710671813e-08,9.327292437547615e-10,2.1157822539897756e-09,2.8292083588206644e-08
2761,3.1552235654290044,2.8642368754066005,0.07485379248958439,1.3261772513227626e-10,-2.342065600809596e-09,-1.1708245902641794e-08,1.3432723124063873e-10,2.344535409061417e-09,1.1723990493788436e-08
2762,3.3170299021176715,3.682590268379915,0.14970758497916878,-2.870536483742741e-10,-7.689799090383557e-10,-2.89096371488466e-08,2.8809592961206246e-10,7.697486818521395e-10,2.894538361508871e-08
2763,3.478836238806338,4.091766964866572,0.29941516995833756,1.228946395006257e-09,2.1127201717332646e-09,-3.819399393382837e-08,1.23210605310356e-09,2.1149098034692886e-09,3.824155182349198e-08
2764,2.6698045553630037,0.0,0.22456137746875315,-1.4302459823581296e-09,4.802599757185337e-10,2.862152969633209e-08,1.4315513735977236e-09,4.807917338462484e-10,2.8653171552593267e-08
2765,2.7507077237073374,0.4091766964866572,0.22456137746875315,-1.327548302786099e-09,5.157841619621052e-10,2.618323178006571e-08,1.3287433112264977e-09,5.163443699805409e-10,2.6211741789060696e-08
2766,2.8316108920516707,0.8183533929733144,0.22456137746875315,-1.1466999132092347e-09,5.796752302400084e-10,2.27915097349936e-08,1.1476856266663978e-09,5.803010772156196e-10,2.2815852038731114e-08
2767,2.5889013870186703,0.0,0.0,6.917483729610854e-09,-2.2844335206236674e-09,2.5342894475592023e-08,6.9240858778202146e-09,2.2869289487381146e-09,2.537138554787662e-08
2768,2.912514060396004,1.2275300894599717,0.22456137746875315,-9.590687246765958e-10,6.547501754947265e-10,1.819237549200469e-08,9.59831353073412e-10,6.554574077014746e-10,1.8211197929236764e-08
2769,2.6698045553630037,0.4091766964866572,0.0,6.459138127208879e-09,-2.4540066646211114e-09,2.3321723458005905e-08,6.465136623380072e-09,2.4566489444563653e-09,2.3347589289485963e-08
2770,2.9934172287403378,1.6367067859466289,0.22456137746875315,-7.621685275013043e-10,7.232591469679713e-10,1.230143605527647e-08,7.626954172594671e-10,7.24042081397364e-10,1.231328282537758e-08
2771,2.7507077237073374,0.8183533929733144,0.0,5.521318722056421e-09,-2.7265501300290103e-09,2.033984014330236e-08,5.526155748908577e-09,2.7294622285596436e-09,2.036204722884339e-08
2772,3.074320397084671,2.045883482433286,0.22456137746875315,-5.539289490798636e-10,7.721583099575637e-10,5.209713611693147e-09,5.542176149353188e-10,7.729956577335897e-10,5.2133374341851365e-09
2773,2.8316108920516707,1.2275300894599717,0.0,4.5154261741948555e-09,-3.0686616673295556e-09,1.6174873161412514e-08,4.5190245537501095e-09,3.0719321126293866e-09,1.619210380195084e-08
2774,3.1552235654290044,2.4550601789199433,0.22456137746875315,-3.392937859942258e-10,7.939008819213433e-10,-2.852573881355803e-09,3.3936972003997917e-10,7.947612487455989e-10,2.8594354424009064e-09
2775,2.912514060396004,1.6367067859466289,0.0,3.4588251593131064e-09,-3.410807308132693e-09,1.0749981783199741e-08,3.461153502688753e-09,3.414445213434153e-09,1.0760808850816357e-08
2776,3.2361267337733377,2.8642368754066005,0.22456137746875315,-1.2611864015368805e-10,7.857422450781435e-10,-1.1555375107842422e-08,1.261634852255514e-10,7.865913122360522e-10,1.1572038245507935e-08
2777,2.9934172287403378,2.045883482433286,0.0,2.3719935028837093e-09,-3.689394100405584e-09,4.145719466027967e-09,2.3730905004881795e-09,3.693330564040174e-09,4.148865713141332e-09
2778,3.3170299021176715,3.2734135718932578,0.22456137746875315,7.964797482211458e-11,7.511144841860082e-10,-2.0539175898843364e-08,8.07562368793438e-11,7.519230111372498e-10,2.0566307474003183e-08
2779,3.1552235654290044,3.2734135718932578,0.0,-7.578294726349696e-10,-3.6208378744874283e-09,-1.9944866820697768e-08,7.624895025764869e-10,3.624584634105345e-09,1.9969173561292885e-08
2780,3.074320397084671,2.4550601789199433,0.0,1.2921586410990556e-09,-3.858879670078503e-09,-3.4270807238879193e-09,1.2922815455165854e-09,3.862986075015014e-09,3.43327445719716e-09
2781,3.2361267337733377,3.2734135718932578,0.07485379248958439,-4.14066323280707e-10,-2.3009764842264104e-09,-2.0280622057545896e-08,4.1695784525092115e-10,2.3033675581711727e-09,2.0306362896087917e-08
2782,3.3979330704620048,3.682590268379915,0.22456137746875315,2.7473170488446224e-10,7.021324210144654e-10,-2.9482065507044275e-08,2.7564587194193117e-10,7.028861424208125e-10,2.951958403203653e-08
2783,3.559739407150672,4.500943661353229,0.37426896244792196,2.3033873116596503e-09,3.5330004064275675e-09,-4.6788724534566e-08,2.308923923826474e-09,3.536624604899194e-09,4.684612658598204e-08
2784,2.6698045553630037,0.0,0.14970758497916878,1.305430320474564e-09,-5.045783953369534e-10,2.862466389584182e-08,1.306689947034676e-09,5.051316416726387e-10,2.865630983437903e-08
2785,2.7507077237073374,0.4091766964866572,0.14970758497916878,1.2462056485446498e-09,-5.354300902965572e-10,2.6185490696957777e-08,1.2473675821082046e-09,5.36009038384265e-10,2.6214003302617195e-08
2786,2.8316108920516707,0.8183533929733144,0.14970758497916878,1.0666625406623453e-09,-5.827074639528071e-10,2.279177068363498e-08,1.0675931051921616e-09,5.83332381106092e-10,2.2816113019644372e-08
2787,2.912514060396004,1.2275300894599717,0.14970758497916878,8.647807990003441e-10,-6.492732808627881e-10,1.8190777744834163e-08,8.6545882974493e-10,6.499674043139616e-10,1.8209597938657242e-08
2788,2.9934172287403378,1.6367067859466289,0.14970758497916878,6.513249392955582e-10,-7.208855966405908e-10,1.2298701663025802e-08,6.517474079636597e-10,7.216563228142149e-10,1.2310544714768465e-08
2789,3.074320397084671,2.045883482433286,0.14970758497916878,4.340879704347048e-10,-7.832957023224196e-10,5.2065337293071945e-09,4.342684052824584e-10,7.841323396487366e-10,5.2101533871050336e-09
2790,3.1552235654290044,2.4550601789199433,0.14970758497916878,2.2197520090707976e-10,-8.252887629790401e-10,-2.8555654122600716e-09,2.2198265000014e-10,8.261662294417592e-10,2.8624311433097586e-09
2791,3.2361267337733377,2.8642368754066005,0.14970758497916878,2.5422302087399818e-11,-8.413958681179967e-10,-1.155751528924679e-08,2.6697811749904158e-11,8.422804750169582e-10,1.1574181806447603e-08
2792,3.2361267337733377,4.500943661353229,0.0,-2.537158023647474e-09,-3.244751515956514e-09,-4.2356189983779584e-08,2.54319301605079e-09,3.247915937680609e-09,4.2404046430776e-08
2793,3.2361267337733377,4.091766964866572,0.0,-2.2446722059087572e-09,-3.2783165983320917e-09,-3.545722918804057e-08,2.2503229443506983e-09,3.2815616812816155e-09,3.54983389099102e-08
2794,3.3170299021176715,4.500943661353229,0.07485379248958439,-1.3443043357587541e-09,-2.056531698713613e-09,-4.364985321661872e-08,1.3478735419854132e-09,2.0585430911558564e-09,4.370026913880565e-08
2795,3.3170299021176715,4.091766964866572,0.07485379248958439,-1.2397996776253247e-09,-2.073521612736798e-09,-3.647152485358882e-08,1.2431708671975488e-09,2.0755786283229474e-09,3.651486942783549e-08
2796,3.3979330704620048,4.500943661353229,0.14970758497916878,-3.0818591064894943e-10,-7.458279308957895e-10,-4.48109257299617e-08,3.094643320673155e-10,7.465390337884127e-10,4.4863781566684845e-08
2797,3.3979330704620048,4.091766964866572,0.14970758497916878,-3.455844189883195e-10,-7.544830107311847e-10,-3.7383008466089e-08,3.4675763434712915e-10,7.552146172728806e-10,3.7428504122880186e-08
2798,3.478836238806338,4.500943661353229,0.22456137746875315,6.161170067617481e-10,6.502131159236777e-10,-4.585989278704814e-08,6.17217881070093e-10,6.509109208732222e-10,4.59150828809455e-08
2799,3.1552235654290044,2.8642368754066005,0.0,2.664570576685996e-10,-3.898857765895415e-09,-1.1662211424056346e-08,2.6858546423390126e-10,3.902974975486881e-09,1.1677917788569389e-08
2800,3.3170299021176715,3.2734135718932578,0.14970758497916878,-1.4272523991511354e-10,-8.327548034976748e-10,-2.053956807738908e-08,1.4371770125027604e-10,8.336129449167974e-10,2.0566700894759646e-08
2801,3.478836238806338,4.091766964866572,0.22456137746875315,4.5745714858533003e-10,6.622359202572125e-10,-3.8210718023635495e-08,4.584732035474815e-10,6.629491653556443e-10,3.8258293397206414e-08
2802,3.559739407150672,4.500943661353229,0.29941516995833756,1.458192146042336e-09,2.0990945174536634e-09,-4.681805583588197e-08,1.4614943085768015e-09,2.1012691746029056e-09,4.687548953497314e-08
2803,2.7507077237073374,0.0,0.37426896244792196,-6.973464576496915e-09,2.6416925531528975e-09,3.1845298605005056e-08,6.979909211060485e-09,2.644602264703791e-09,3.187994345653439e-08
2804,2.7507077237073374,0.0,0.29941516995833756,-4.161282755782306e-09,1.5785969189191388e-09,3.186346382445299e-08,4.165108068430966e-09,1.580342197341251e-09,3.189814933275965e-08
2805,2.8316108920516707,0.4091766964866572,0.37426896244792196,-6.480034255812019e-09,2.797888726569891e-09,2.8993960308294352e-08,6.485883804614363e-09,2.8009377483358873e-09,2.9024976609456216e-08
2806,2.8316108920516707,0.4091766964866572,0.29941516995833756,-3.8885868508914665e-09,1.6743329373358622e-09,2.9012856915023144e-08,3.892088871772235e-09,1.6761596939608057e-09,2.9043911965798504e-08
2807,2.912514060396004,0.8183533929733144,0.37426896244792196,-5.589096638492999e-09,3.095922349233746e-09,2.5204633199590872e-08,5.593872219612625e-09,3.0992801475370765e-09,2.5230993162217166e-08
2808,2.912514060396004,0.8183533929733144,0.29941516995833756,-3.3606689986489517e-09,1.8541075260474958e-09,2.5220368408316764e-08,3.3635397941922645e-09,1.856120517323512e-09,2.524676182387166e-08
2809,2.9934172287403378,1.2275300894599717,0.37426896244792196,-4.642567769754029e-09,3.4737174305195677e-09,2.0198705802395452e-08,4.646197526026356e-09,3.4774839938451793e-09,2.0219043558944235e-08
2810,2.6698045553630037,0.0,0.07485379248958439,4.062935558182117e-09,-1.4901719630572067e-09,2.8623739621080782e-08,4.0667829067735335e-09,1.491808753500867e-09,2.8655374823803103e-08
2811,2.9934172287403378,1.2275300894599717,0.29941516995833756,-2.7971470817195354e-09,2.080046429480712e-09,2.0205806603061932e-08,2.7993382792926685e-09,2.0823040777522605e-09,2.0226166005248307e-08
2812,3.074320397084671,1.6367067859466289,0.37426896244792196,-3.6417741426992274e-09,3.839677764570275e-09,1.3881715557896841e-08,3.644209762826767e-09,3.8438458993508105e-09,1.389456325985332e-08
2813,2.7507077237073374,0.4091766964866572,0.07485379248958439,3.8279783069239585e-09,-1.587331892012302e-09,2.6182092570611115e-08,3.8315041416703375e-09,1.5890501982272627e-09,2.621059186595657e-08
2814,3.074320397084671,1.6367067859466289,0.29941516995833756,-2.2009396088660634e-09,2.2969482061834384e-09,1.3876410577944286e-08,2.2024195181263303e-09,2.299444107835596e-09,1.3889263469754047e-08
2815,3.1552235654290044,2.045883482433286,0.37426896244792196,-2.596617928687095e-09,4.119996860329046e-09,6.349576484437648e-09,2.597871312985585e-09,4.1244703041494775e-09,6.353724264815065e-09
2816,2.8316108920516707,0.8183533929733144,0.07485379248958439,3.2847701719916257e-09,-1.7475561821476192e-09,2.278669854457446e-08,3.2876199880029354e-09,1.7494344378854897e-09,2.281102589144409e-08
2817,3.1552235654290044,2.045883482433286,0.29941516995833756,-1.5760201555994318e-09,2.4608648849348184e-09,6.33006868940833e-09,1.5767923787915927e-09,2.463540045049485e-09,6.334203087229471e-09
2818,3.2361267337733377,2.4550601789199433,0.37426896244792196,-1.5399898419177478e-09,4.2664493684916285e-09,-2.154105982548628e-09,1.5402407276074791e-09,4.271069529699422e-09,2.162029462593068e-09
2819,2.912514060396004,1.2275300894599717,0.07485379248958439,2.6927210878773105e-09,-1.9567135130767224e-09,1.8187030802250748e-08,2.694841741391887e-09,1.958812788158324e-09,1.8205837994769422e-08
2820,3.2361267337733377,2.4550601789199433,0.29941516995833756,-9.412894084797833e-10,2.5437884770534307e-09,-2.1875012538758802e-09,9.414540966086446e-10,2.5465472081359868e-09,2.195426126801346e-09
2821,3.3170299021176715,2.8642368754066005,0.37426896244792196,-5.162112211346108e-10,4.258382675611726e-09,-1.1282642750234212e-08,5.167334946531974e-10,4.2629636161978125e-09,1.130016259481981e-08
2822,2.9934172287403378,1.6367067859466289,0.07485379248958439,2.0684115766545064e-09,-2.1689296614518294e-09,1.2299140176877276e-08,2.06978448196887e-09,2.1712584591870196e-09,1.2310975712996704e-08
2823,3.3170299021176715,2.8642368754066005,0.29941516995833756,-3.227818132031584e-10,2.5337438026062794e-09,-1.1327302543313055e-08,3.230503043026569e-10,2.536475077912442e-09,1.1344866293719425e-08
2824,3.3979330704620048,3.2734135718932578,0.37426896244792196,4.2932220495222e-10,4.1075148092087556e-09,-2.0658636008347407e-08,4.3499498716689535e-10,4.111886180683879e-09,2.0687043629479995e-08
2825,3.074320397084671,2.045883482433286,0.07485379248958439,1.4254243116203397e-09,-2.342816710339543e-09,5.213070554012489e-09,1.4260729131964496e-09,2.345331841859769e-09,5.21669108995486e-09
2826,3.3979330704620048,3.2734135718932578,0.29941516995833756,2.541993029179135e-10,2.437977634249073e-09,-2.0709293337525984e-08,2.5758237094920817e-10,2.4405807779359697e-09,2.0737755430369977e-08
2827,3.478836238806338,3.682590268379915,0.37426896244792196,1.2519878453049393e-09,3.8683095225961305e-09,-2.994195408910414e-08,1.2568325702292692e-09,3.872368506587256e-09,2.998114014875076e-08
2828,3.1552235654290044,2.4550601789199433,0.07485379248958439,7.866333533231224e-10,-2.448336391987755e-09,-2.842053648432481e-09,7.867088501940609e-10,2.4509558385555475e-09,2.8489170877889716e-09
2829,3.478836238806338,3.682590268379915,0.29941516995833756,7.658311721405617e-10,2.2900144835220678e-09,-2.999061901659525e-08,7.687041379709948e-10,2.292430184627747e-09,3.002985959240331e-08
2830,3.559739407150672,4.091766964866572,0.37426896244792196,1.8979191394311817e-09,3.6483027413379337e-09,-3.893783446751381e-08,1.903173299714018e-09,3.6520806334855573e-09,3.898739005822123e-08
2831,3.2361267337733377,3.682590268379915,0.0,-1.5346340463512287e-09,-3.5016556751255846e-09,-2.8192834451307773e-08,1.5396108037714292e-09,3.505211420323293e-09,2.8226688046172476e-08
2832,3.3170299021176715,3.682590268379915,0.07485379248958439,-8.608450995910278e-10,-2.219236942844395e-09,-2.8878547707258096e-08,8.638473455220978e-10,2.221496157611513e-09,2.8914263494875348e-08
2833,3.2361267337733377,2.8642368754066005,0.07485379248958439,1.806783719351615e-10,-2.471745374039383e-09,-1.1537241989893403e-08,1.81735181287437e-10,2.4743670020342053e-09,1.1553891862324215e-08
2834,3.3979330704620048,3.682590268379915,0.14970758497916878,-2.6645264432682195e-10,-8.084524277051069e-10,-2.9479600358411633e-08,2.6749975672013796e-10,8.092619689365738e-10,2.951711661381978e-08
2835,3.559739407150672,4.091766964866572,0.29941516995833756,1.1834348779844695e-09,2.157138271379286e-09,-3.897424876933883e-08,1.1865653322792735e-09,2.1593906220093427e-09,3.9023845489274314e-08
2836,2.7507077237073374,0.0,0.22456137746875315,-1.4176769908683302e-09,5.175626462450521e-10,3.18732296201731e-08,1.418954766612586e-09,5.181384738910387e-10,3.1907936326937985e-08
2837,2.8316108920516707,0.4091766964866572,0.22456137746875315,-1.3200941203419413e-09,5.513878565073144e-10,2.902279657760838e-08,1.3212689899787096e-09,5.519918437161144e-10,2.905387146153527e-08
2838,2.912514060396004,0.8183533929733144,0.22456137746875315,-1.1459488144012196e-09,6.167380917479765e-10,2.5227761403381467e-08,1.1469235731735888e-09,6.174109881013042e-10,2.5254170817618435e-08
2839,2.6698045553630037,0.0,0.0,6.8901134174385205e-09,-2.478527851591435e-09,2.8617212872631632e-08,6.896622521198644e-09,2.481243688391309e-09,2.864882119023111e-08
2840,2.9934172287403378,1.2275300894599717,0.22456137746875315,-9.633973056803384e-10,6.944269915125251e-10,2.020798882741002e-08,9.641561265459819e-10,6.951848505144909e-10,2.0228357297269004e-08
2841,2.7507077237073374,0.4091766964866572,0.0,6.4343351533374265e-09,-2.640790481079057e-09,2.617171024819716e-08,6.440247049021625e-09,2.6436488862201075e-09,2.6200178472938007e-08
2842,3.074320397084671,1.6367067859466289,0.22456137746875315,-7.701974224559258e-10,7.649979622965982e-10,1.3871943551706016e-08,7.70726083275653e-10,7.658337993489109e-10,1.3884796746691123e-08
2843,2.8316108920516707,0.8183533929733144,0.0,5.517538777777385e-09,-2.9184881586139468e-09,2.2775096877653514e-08,5.52231758861134e-09,2.9216261569409887e-09,2.2799392852045758e-08
2844,3.1552235654290044,2.045883482433286,0.22456137746875315,-5.647095873504662e-10,8.141409910834429e-10,6.318459743956351e-09,5.650041486363502e-10,8.150317375440406e-10,6.3225852349334394e-09
2845,2.912514060396004,1.2275300894599717,0.0,4.533277893135788e-09,-3.273283974027446e-09,1.8180200532374685e-08,4.5368479895862054e-09,3.276798560073055e-09,1.8198983053569746e-08
2846,3.2361267337733377,2.4550601789199433,0.22456137746875315,-3.5201304982526507e-10,8.339839598595811e-10,-2.205718339573547e-09,3.520962180586432e-10,8.348957188259149e-10,2.2136453140285215e-09
2847,2.9934172287403378,1.6367067859466289,0.0,3.4965150512171432e-09,-3.6281556485580665e-09,1.2302002594362866e-08,3.4988432441436114e-09,3.632054997942108e-09,1.2313826332889654e-08
2848,3.3170299021176715,2.8642368754066005,0.22456137746875315,-1.3982855033316873e-10,8.214476488821309e-10,-1.1350386590622396e-08,1.39856966635859e-10,8.223432661169408e-10,1.1367973160060842e-08
2849,3.074320397084671,2.045883482433286,0.0,2.4268609054279607e-09,-3.91449280567256e-09,5.228830348271831e-09,2.4279815113817904e-09,3.918699817313486e-09,5.232456712058917e-09
2850,3.3979330704620048,3.2734135718932578,0.22456137746875315,6.600085481154622e-11,7.794512545334103e-10,-2.0734029201942526e-08,6.722387329780869e-11,7.802987452102233e-10,2.0762517704699318e-08
2851,3.2361267337733377,3.2734135718932578,0.0,-6.550726496159047e-10,-3.819725561483052e-09,-2.0224397650721088e-08,6.599566387417991e-10,3.8237040880698784e-09,2.0250085184345478e-08
2852,3.1552235654290044,2.4550601789199433,0.0,1.361360619861131e-09,-4.083292020524149e-09,-2.8122053324542646e-09,1.3615108004447411e-09,4.0876664435438565e-09,2.819059413456452e-09
2853,3.3170299021176715,3.2734135718932578,0.07485379248958439,-3.607854567587461e-10,-2.4187406057695972e-09,-2.0513758724070008e-08,3.6382301116554123e-10,2.4212674073374405e-09,2.0540866625239847e-08
2854,3.478836238806338,3.682590268379915,0.22456137746875315,2.619061258044397e-10,7.202181241508425e-10,-3.001226785300272e-08,2.6281792480712587e-10,7.210003283514699e-10,3.005153217205946e-08
2855,3.640642575495005,4.500943661353229,0.37426896244792196,2.2302667195498825e-09,3.5741332547213424e-09,-4.7706006722532894e-08,2.2357432333037715e-09,3.577821152524556e-09,4.776560803425182e-08
2856,2.7507077237073374,0.0,0.14970758497916878,1.3025589546576666e-09,-5.425547768663971e-10,3.187663506162625e-08,1.3038052967541582e-09,5.431499229072179e-10,3.191134613563809e-08
2857,2.8316108920516707,0.4091766964866572,0.14970758497916878,1.240421022735511e-09,-5.71463137014869e-10,2.9025144076521555e-08,1.2415664975897082e-09,5.720822048399688e-10,2.9056221672041922e-08
2858,2.912514060396004,0.8183533929733144,0.14970758497916878,1.0640131094432218e-09,-6.196629427709852e-10,2.5227954017624537e-08,1.0649313150718858e-09,6.20329129237267e-10,2.5254363360601416e-08
2859,2.9934172287403378,1.2275300894599717,0.14970758497916878,8.663848427960293e-10,-6.889316749059185e-10,2.020625543562007e-08,8.67056187273674e-10,6.896710883721761e-10,2.0226621429643243e-08
2860,3.074320397084671,1.6367067859466289,0.14970758497916878,6.57145854709034e-10,-7.635595619560097e-10,1.3869085022301031e-08,6.575672214277848e-10,7.643800825777478e-10,1.3881934260100947e-08
2861,3.1552235654290044,2.045883482433286,0.14970758497916878,4.4345304322279436e-10,-8.284534787666613e-10,6.315189116309482e-09,4.4363703198942095e-10,8.29342654653509e-10,6.319310358221229e-09
2862,3.2361267337733377,2.4550601789199433,0.14970758497916878,2.3406865051651673e-10,-8.713508244724591e-10,-2.20871874335054e-09,2.3407923394955293e-10,8.7228110825682e-10,2.2166487882847095e-09
2863,3.3170299021176715,2.8642368754066005,0.14970758497916878,3.950869786620445e-11,-8.863014925537876e-10,-1.1352375469067148e-08,4.023887810989792e-11,8.87236530485597e-10,1.1369965096039706e-08
2864,3.3170299021176715,4.500943661353229,0.0,-2.351745698829077e-09,-3.3751147724739193e-09,-4.35799601845918e-08,2.357671290086383e-09,3.378433903332594e-09,4.363030721868992e-08
2865,3.3170299021176715,4.091766964866572,0.0,-2.0912424756622216e-09,-3.4249855578453234e-09,-3.640800586753439e-08,2.096819392753811e-09,3.428399490350177e-09,3.645128703919112e-08
2866,3.3979330704620048,4.500943661353229,0.07485379248958439,-1.2462082078972815e-09,-2.1298045883167125e-09,-4.477752535266732e-08,1.2497277496463399e-09,2.1319003734620535e-09,4.483034750556066e-08
2867,3.3979330704620048,4.091766964866572,0.07485379248958439,-1.1599732446142054e-09,-2.1596414675717786e-09,-3.7352321397267666e-08,1.1633104011220158e-09,2.1617948310036534e-09,3.739778547302991e-08
2868,3.478836238806338,4.500943661353229,0.14970758497916878,-2.751181786923912e-10,-7.748996390666272e-10,-4.585205175862139e-08,2.764036294030637e-10,7.756390132069479e-10,4.590723323758293e-08
2869,3.478836238806338,4.091766964866572,0.14970758497916878,-3.210658794946558e-10,-7.88563790939899e-10,-3.82048174006315e-08,3.2223595011390527e-10,7.89328836819836e-10,3.82523860497243e-08
2870,3.559739407150672,4.500943661353229,0.22456137746875315,6.057300058497153e-10,6.508745239430008e-10,-4.6827254565223836e-08,6.068226584226739e-10,6.515836015240098e-10,4.68846972317171e-08
2871,3.2361267337733377,2.8642368754066005,0.0,3.4683231170019456e-10,-4.1125080082682415e-09,-1.1494363748528894e-08,3.481884513425997e-10,4.116878030636509e-09,1.151097589718096e-08
2872,3.3979330704620048,3.2734135718932578,0.14970758497916878,-1.2702718185904818e-10,-8.746370207411508e-10,-2.0734070430036908e-08,1.2806159237420882e-10,8.755404954567741e-10,2.0762559540679434e-08
2873,3.559739407150672,4.091766964866572,0.22456137746875315,4.457061508272616e-10,6.68073037500993e-10,-3.8987145852989336e-08,4.4671341497569176e-10,6.688021873126964e-10,3.9036756190216616e-08
2874,3.640642575495005,4.500943661353229,0.29941516995833756,1.42337130342106e-09,2.1136159824866847e-09,-4.7727222488593366e-08,1.4266463254160457e-09,2.1158211225400048e-09,4.778684720295354e-08
2875,2.8316108920516707,0.0,0.37426896244792196,-6.909737680813076e-09,2.817909471323236e-09,3.505449043645773e-08,6.916055948130255e-09,2.821023953035363e-09,3.509213307144516e-08
2876,2.8316108920516707,0.0,0.29941516995833756,-4.124115328168002e-09,1.6854943413737098e-09,3.5077171976464024e-08,4.127865211519835e-09,1.6873640582147496e-09,3.511485832047935e-08
2877,2.912514060396004,0.4091766964866572,0.37426896244792196,-6.432783270792048e-09,2.9685268796997418e-09,3.180586798574241e-08,6.43853011346406e-09,2.9717790820564156e-09,3.1839399701372665e-08
2878,2.912514060396004,0.4091766964866572,0.29941516995833756,-3.861406376694682e-09,1.7770757722982004e-09,3.182858719109501e-08,3.864847797228522e-09,1.7790256591368874e-09,3.186215996182292e-08
2879,2.9934172287403378,0.8183533929733144,0.37426896244792196,-5.571970520556423e-09,3.2743898755623665e-09,2.7626567914879076e-08,5.576683479805445e-09,3.2779643553189453e-09,2.7654963419368686e-08
2880,2.9934172287403378,0.8183533929733144,0.29941516995833756,-3.3519250056532986e-09,1.961485892894797e-09,2.7645810957230283e-08,3.354759922261382e-09,1.963630234706373e-09,2.7674241692216948e-08
2881,3.074320397084671,1.2275300894599717,0.37426896244792196,-4.650830209268632e-09,3.6666218948390077e-09,2.2211125808697887e-08,4.6544324154937385e-09,3.6706251761182856e-09,2.22329961264614e-08
2882,2.7507077237073374,0.0,0.07485379248958439,4.0433411347592425e-09,-1.6028063702804625e-09,3.1873869502549153e-08,4.047132893600007e-09,1.604570508665131e-09,3.190856868857889e-08
2883,3.074320397084671,1.2275300894599717,0.29941516995833756,-2.8037062909758955e-09,2.195830013489956e-09,2.2221297632492554e-08,2.8058826317408373e-09,2.1982306825560914e-09,2.2243190745028012e-08
2884,3.1552235654290044,1.6367067859466289,0.37426896244792196,-3.670074210348017e-09,4.045448639943033e-09,1.5458644471497157e-08,3.6725110348679964e-09,4.04987024868576e-09,1.547250184703633e-08
2885,2.8316108920516707,0.4091766964866572,0.07485379248958439,3.808186641275381e-09,-1.6948708498992364e-09,2.901979775558979e-08,3.811658599640605e-09,1.696713070714491e-09,2.9050860832009182e-08
2886,3.1552235654290044,1.6367067859466289,0.29941516995833756,-2.219216822824308e-09,2.4199899533933124e-09,1.545605821233446e-08,2.22069877833921e-09,2.4226382613866834e-09,1.5469921401189056e-08
2887,3.2361267337733377,2.045883482433286,0.37426896244792196,-2.6399812809857583e-09,4.331779825453301e-09,7.472466361921196e-09,2.6412572171228434e-09,4.336514055756475e-09,7.477129372027794e-09
2888,2.912514060396004,0.8183533929733144,0.07485379248958439,3.2781650107237243e-09,-1.8585472118737772e-09,2.5220853561021275e-08,3.2809785638535774e-09,1.8605551558237195e-09,2.524724666843779e-08
2889,3.2361267337733377,2.045883482433286,0.29941516995833756,-1.6028970442390665e-09,2.586839797871651e-09,7.455477711612871e-09,1.6036835791895551e-09,2.589670944811009e-09,7.460128030425013e-09
2890,3.3170299021176715,2.4550601789199433,0.37426896244792196,-1.5936293121916515e-09,4.474248214562029e-09,-1.4874254151701093e-09,1.5939081382339865e-09,4.479123467211113e-09,1.497489784080044e-09
2891,2.9934172287403378,1.2275300894599717,0.07485379248958439,2.6997751109590157e-09,-2.0757548496767133e-09,2.020059133342912e-08,2.701878156806225e-09,2.0779954934090463e-09,2.0220943292718395e-08
2892,3.3170299021176715,2.4550601789199433,0.29941516995833756,-9.73798998113174e-10,2.666484063629058e-09,-1.5182582892092465e-09,9.739809243714716e-10,2.6693943470210006e-09,1.5282763418680779e-09
2893,3.3979330704620048,2.8642368754066005,0.37426896244792196,-5.751484223089033e-10,4.449950030731494e-09,-1.1054744196433058e-08,5.755257951050722e-10,4.4547658827523485e-09,1.1073214005894689e-08
2894,3.074320397084671,1.6367067859466289,0.07485379248958439,2.0876691584333113e-09,-2.2961163263009415e-09,1.3867800613420474e-08,2.0890413568049515e-09,2.2985977945004744e-09,1.388064163945376e-08
2895,3.3979330704620048,2.8642368754066005,0.29941516995833756,-3.576888866606512e-10,2.645381531030431e-09,-1.1096466554814146e-08,3.5788246503106547e-10,2.6482509823758576e-09,1.1114979198600818e-08
2896,3.478836238806338,3.2734135718932578,0.37426896244792196,3.6926343278787303e-10,4.269268018986275e-09,-2.0829560720254215e-08,3.7537540245733164e-10,4.273839226051313e-09,2.0859321997581693e-08
2897,3.1552235654290044,2.045883482433286,0.07485379248958439,1.454621474356242e-09,-2.4752713027279845e-09,6.320171817959452e-09,1.455282938515523e-09,2.4779451233952855e-09,6.324293445338246e-09
2898,3.478836238806338,3.2734135718932578,0.29941516995833756,2.198276167085047e-10,2.5297812665533125e-09,-2.0876520895140757e-08,2.2346740482031704e-10,2.5324999099510933e-09,2.0906334811101974e-08
2899,3.559739407150672,3.682590268379915,0.37426896244792196,1.1930015474020054e-09,3.986972219536756e-09,-3.044922236147125e-08,1.1978452333280175e-09,3.991181201812311e-09,3.049014135030541e-08
2900,3.2361267337733377,2.4550601789199433,0.07485379248958439,8.233414930504687e-10,-2.580767581374526e-09,-2.1966601845713774e-09,8.234317022718235e-10,2.5835443776806005e-09,2.2045941178730373e-09
2901,3.559739407150672,3.682590268379915,0.29941516995833756,7.337688622176794e-10,2.353527473475609e-09,-3.049296540694887e-08,7.366418883779353e-10,2.3560266968204256e-09,3.0533935142809473e-08
2902,3.640642575495005,4.091766964866572,0.37426896244792196,1.8381908816092905e-09,3.713095447277291e-09,-3.969099709072146e-08,1.8434035455127716e-09,3.7169617785661958e-09,3.974256804240243e-08
2903,3.3170299021176715,3.682590268379915,0.0,-1.4191592307121487e-09,-3.672252414223971e-09,-2.881746060166851e-08,1.4241329652731452e-09,3.6760047781296527e-09,2.8853114609090027e-08
2904,3.3979330704620048,3.682590268379915,0.07485379248958439,-8.023398419563044e-10,-2.319720683079284e-09,-2.9450709582623662e-08,8.053464302305098e-10,2.3220934821752865e-09,2.9488195805010744e-08
2905,3.3170299021176715,2.8642368754066005,0.07485379248958439,2.224376869725493e-10,-2.5976345322163055e-09,-1.1333575487990733e-08,2.2316271749953005e-10,2.600404071294137e-09,1.135114867452202e-08
2906,3.478836238806338,3.682590268379915,0.14970758497916878,-2.4914944132848236e-10,-8.457254520823295e-10,-3.000938307615702e-08,2.502020631836087e-10,8.465731907921364e-10,3.0048644227459295e-08
2907,3.640642575495005,4.091766964866572,0.29941516995833756,1.153415542626144e-09,2.1862248783255533e-09,-3.972031899201556e-08,1.1565264451728701e-09,2.1885222070139424e-09,3.977192400785661e-08
2908,2.8316108920516707,0.0,0.22456137746875315,-1.4022342216188404e-09,5.533896602912545e-10,3.508913370239206e-08,1.403482352310629e-09,5.540082586780084e-10,3.512684273997728e-08
2909,2.912514060396004,0.4091766964866572,0.22456137746875315,-1.3106483837370906e-09,5.858354533405526e-10,3.1840354158963004e-08,1.3118021074907965e-09,5.864821971345671e-10,3.187394786703013e-08
2910,2.9934172287403378,0.8183533929733144,0.22456137746875315,-1.1438498736114999e-09,6.529024649747545e-10,2.765482159890377e-08,1.1448134171543343e-09,6.536213647017147e-10,2.7683269116887873e-08
2911,2.7507077237073374,0.0,0.0,6.8497433666924835e-09,-2.663867702454646e-09,3.186329359958065e-08,6.856150251081854e-09,2.666794716326298e-09,3.189796317638563e-08
2912,3.074320397084671,1.2275300894599717,0.22456137746875315,-9.666715127986393e-10,7.332249197663626e-10,2.222487457756954e-08,9.674265282168634e-10,7.340323187423485e-10,2.2246777182712943e-08
2913,2.8316108920516707,0.4091766964866572,0.0,6.398421453222032e-09,-2.8195609892608275e-09,2.9005174796960823e-08,6.404239615187224e-09,2.8226268849323195e-09,2.9036203974777276e-08
2914,3.1552235654290044,1.6367067859466289,0.22456137746875315,-7.771079017716928e-10,8.056910942169911e-10,1.5452856950547464e-08,7.776383274133102e-10,8.06578753859633e-10,1.5466720627224022e-08
2915,2.912514060396004,0.8183533929733144,0.0,5.505425039688341e-09,-3.1034848663850256e-09,2.5205145732286194e-08,5.510141841936942e-09,3.1068411655193504e-09,2.523150489456856e-08
2916,3.2361267337733377,2.045883482433286,0.22456137746875315,-5.741178865489905e-10,8.54964289834964e-10,7.445097044895641e-09,5.744180105612936e-10,8.559071628524343e-10,7.44973880298761e-09
2917,2.9934172287403378,1.2275300894599717,0.0,4.544339249278065e-09,-3.471827784724259e-09,2.018996612688469e-08,4.547879475882763e-09,3.475580222497305e-09,2.0210291444625634e-08
2918,3.3170299021176715,2.4550601789199433,0.22456137746875315,-3.6289743262254065e-10,8.727272212699554e-10,-1.535110265691632e-09,3.6298713268561654e-10,8.736886915021334e-10,1.5451050585354686e-09
2919,3.074320397084671,1.6367067859466289,0.0,3.527979103206875e-09,-3.840118674855128e-09,1.3867269726947631e-08,3.5303061835866683e-09,3.844274085565692e-09,1.3880097683201119e-08
2920,3.3979330704620048,2.8642368754066005,0.22456137746875315,-1.5088133871144805e-10,8.552809986301139e-10,-1.1117780994094717e-08,1.5089997176378635e-10,8.562209153747544e-10,1.1136315357409111e-08
2921,3.1552235654290044,2.045883482433286,0.0,2.4750193826048155e-09,-4.134632461153685e-09,6.3328615146091206e-09,2.476161924628939e-09,4.139104993150459e-09,6.3369879698764936e-09
2922,3.478836238806338,3.2734135718932578,0.22456137746875315,5.612339695282897e-11,8.049952378710492e-10,-2.0898805682861678e-08,5.7465691691238465e-11,8.058784531594384e-10,2.0928644122162183e-08
2923,3.3170299021176715,3.2734135718932578,0.0,-5.657970827316398e-10,-4.01244536602155e-09,-2.046117568859336e-08,5.709534024480624e-10,4.016649289412516e-09,2.04882309955978e-08
2924,3.2361267337733377,2.4550601789199433,0.0,1.4222861516566323e-09,-4.302662817495962e-09,-2.169768779057216e-09,1.4224625327476117e-09,4.307300117956081e-09,2.177706845777001e-09
2925,3.3979330704620048,3.2734135718932578,0.07485379248958439,-3.158643244523974e-10,-2.5314871564740207e-09,-2.0709998470178563e-08,3.1906866492867606e-10,2.534144294779937e-09,2.0738462981180548e-08
2926,3.559739407150672,3.682590268379915,0.22456137746875315,2.54024900819688e-10,7.34120010046171e-10,-3.0511313792902637e-08,2.5493576558652845e-10,7.349259081354624e-10,3.055230407498394e-08
2927,3.7215457438393384,4.500943661353229,0.37426896244792196,2.1844291361291686e-09,3.587575452536445e-09,-4.8573168158457056e-08,2.189866062628921e-09,3.591293616326291e-09,4.863491354613386e-08
2928,2.8316108920516707,0.0,0.14970758497916878,1.2979440039242309e-09,-5.783298222698955e-10,3.509273731849358e-08,1.2991761499625875e-09,5.789642820464646e-10,3.513045096463707e-08
2929,2.912514060396004,0.4091766964866572,0.14970758497916878,1.232883587017573e-09,-6.054455407628103e-10,3.1842746690691247e-08,1.2340116684461354e-09,6.061023533099275e-10,3.1876343192135654e-08
2930,2.9934172287403378,0.8183533929733144,0.14970758497916878,1.060039997393954e-09,-6.547771202673553e-10,2.7654905615733453e-08,1.0609454476524403e-09,6.554827322065741e-10,2.7683352963620187e-08
2931,3.074320397084671,1.2275300894599717,0.14970758497916878,8.669284594090028e-10,-7.270727177985667e-10,2.222297565948874e-08,8.675931308475967e-10,7.278560651926205e-10,2.224487559577525e-08
2932,3.1552235654290044,1.6367067859466289,0.14970758497916878,6.620377194439418e-10,-8.050764412325657e-10,1.544986730425775e-08,6.624580465902458e-10,8.059455798410222e-10,1.5463726860861965e-08
2933,3.2361267337733377,2.045883482433286,0.14970758497916878,4.517806309680497e-10,-8.725406354503983e-10,7.441766436536813e-09,4.5196803993173795e-10,8.734812047914488e-10,7.446403962263156e-09
2934,3.3170299021176715,2.4550601789199433,0.14970758497916878,2.448037880784822e-10,-9.161124632504843e-10,-1.5380259837169894e-09,2.448176092797525e-10,9.170942531975291e-10,1.548019634522227e-09
2935,3.3979330704620048,2.8642368754066005,0.14970758497916878,5.1842549506860824e-11,-9.294267577285807e-10,-1.1119451392659958e-08,5.2334566261433154e-11,9.30410341435309e-10,1.1137988169016999e-08
2936,3.3979330704620048,4.500943661353229,0.0,-2.186483100402449e-09,-3.4934699184221666e-09,-4.47141709271342e-08,2.1923100025780683e-09,3.4969290501934676e-09,4.4766927913436135e-08
2937,3.3979330704620048,4.091766964866572,0.0,-1.9575850948529354e-09,-3.5617955471454325e-09,-3.729443504921357e-08,1.9630971499052542e-09,3.5653668164829996e-09,3.733983859935396e-08
2938,3.478836238806338,4.500943661353229,0.07485379248958439,-1.1628941416268243e-09,-2.1951199542668083e-09,-4.582245113435497e-08,1.1663721464744415e-09,2.197289848650268e-09,4.5877601365004434e-08
2939,3.478836238806338,4.091766964866572,0.07485379248958439,-1.0935763059889815e-09,-2.238829638501907e-09,-3.8177228954960554e-08,1.0968852128570776e-09,2.2410709211049888e-09,3.8224767746026884e-08
2940,3.559739407150672,4.500943661353229,0.14970758497916878,-2.483339784609236e-10,-8.017319191955184e-10,-4.6819582404388025e-08,2.496306137846191e-10,8.024958621255088e-10,4.687701604521151e-08
2941,3.559739407150672,4.091766964866572,0.14970758497916878,-3.013703944243335e-10,-8.200989832620919e-10,-3.898115295065244e-08,3.025386822182686e-10,8.208939474077956e-10,3.903075589492709e-08
2942,3.640642575495005,4.500943661353229,0.22456137746875315,5.998953717766031e-10,6.451741729430702e-10,-4.773233932089809e-08,6.009838460860046e-10,6.458878538691718e-10,4.7791968519609634e-08
2943,3.3170299021176715,2.8642368754066005,0.0,4.163923882097165e-10,-4.320368200138988e-09,-1.1293880170179912e-08,4.173323521352428e-10,4.324985089444298e-09,1.1311416389870146e-08
2944,3.478836238806338,3.2734135718932578,0.14970758497916878,-1.1364989508089254e-10,-9.139067330148644e-10,-2.089834632648369e-08,1.1473011308289012e-10,9.148526508960907e-10,2.0928184454687746e-08
2945,3.640642575495005,4.091766964866572,0.22456137746875315,4.395580044303094e-10,6.677492629649799e-10,-3.9729494314310895e-08,4.405610170904948e-10,6.684875729929363e-10,3.978110891326278e-08
2946,3.7215457438393384,4.500943661353229,0.29941516995833756,1.4051846316045958e-09,2.1088057487065027e-09,-4.8586361125732586e-08,1.408445793676005e-09,2.1110183467256398e-09,4.8648121068183984e-08
2947,2.912514060396004,0.0,0.37426896244792196,-6.8348726389767e-09,2.9847056552100103e-09,3.8222401724356704e-08,6.841057661572923e-09,2.988015534655498e-09,3.8262975499593147e-08
2948,2.912514060396004,0.0,0.29941516995833756,-4.0804345868568656e-09,1.7867681234665125e-09,3.824900222059861e-08,4.084105100438055e-09,1.7887568741979927e-09,3.828962205974081e-08
2949,2.9934172287403378,0.4091766964866572,0.37426896244792196,-6.377304522392943e-09,3.131133870995431e-09,3.459209706530085e-08,6.382945333130897e-09,3.1345809300351415e-09,3.462809642420979e-08
2950,2.9934172287403378,0.4091766964866572,0.29941516995833756,-3.829503156824733e-09,1.8752249781794556e-09,3.461808023058226e-08,3.8328821589117966e-09,1.8772932956461825e-09,3.4654122271715616e-08
2951,3.074320397084671,0.8183533929733144,0.37426896244792196,-5.549256617146181e-09,3.4463120178519135e-09,3.003680600488329e-08,5.5539069213416855e-09,3.450095901964302e-09,3.006720774446452e-08
2952,3.074320397084671,0.8183533929733144,0.29941516995833756,-3.340051586630233e-09,2.0651617163488353e-09,3.005901305834333e-08,3.3428507209186186e-09,2.0674331892782445e-09,3.00894512175144e-08
2953,3.1552235654290044,1.2275300894599717,0.37426896244792196,-4.654823895410522e-09,3.853816635457714e-09,2.422314316032574e-08,4.65839972579806e-09,3.8580503192501505e-09,2.424653374356373e-08
2954,2.8316108920516707,0.0,0.07485379248958439,4.017268874499577e-09,-1.7095870280675656e-09,3.508828530414207e-08,4.021001021198541e-09,1.7114720708301347e-09,3.512598611590663e-08
2955,3.1552235654290044,1.2275300894599717,0.29941516995833756,-2.807857597130917e-09,2.308252634632614e-09,2.4235900266742875e-08,2.810019865793822e-09,2.310792546785353e-09,2.4259314341800115e-08
2956,3.2361267337733377,1.6367067859466289,0.37426896244792196,-3.6940885427255085e-09,4.2457416412723545e-09,1.704446316336523e-08,3.696527400370368e-09,4.250410792380233e-09,1.705933274783688e-08
2957,2.912514060396004,0.4091766964866572,0.07485379248958439,3.782817577256795e-09,-1.7971384313124973e-09,3.183565679091182e-08,3.786232663614673e-09,1.799098772340788e-09,3.186923778543719e-08
2958,3.2361267337733377,1.6367067859466289,0.29941516995833756,-2.2349656010525696e-09,2.5395799404629504e-09,1.7044199599826002e-08,2.236450138790944e-09,2.5423769445525507e-09,1.7059075331534183e-08
2959,3.3170299021176715,2.045883482433286,0.37426896244792196,-2.677972819840325e-09,4.5378039853062194e-09,8.611180551285367e-09,2.6792705193793315e-09,4.542792413915882e-09,8.616370488694036e-09
2960,2.9934172287403378,0.8183533929733144,0.07485379248958439,3.267500821389772e-09,-1.96495050378856e-09,2.7645978187004722e-08,3.2702769795149498e-09,1.967083361401717e-09,2.7674408289135055e-08
2961,3.3170299021176715,2.045883482433286,0.29941516995833756,-1.6264906894229497e-09,2.708951700955429e-09,8.596395625210563e-09,1.6272909789752573e-09,2.7119343869576724e-09,8.601573402979289e-09
2962,3.3979330704620048,2.4550601789199433,0.37426896244792196,-1.6398472998391089e-09,4.674940051516087e-09,-8.002869928754454e-10,1.6401520489436478e-09,4.680061945693111e-09,8.163056200521221e-10
2963,3.074320397084671,1.2275300894599717,0.07485379248958439,2.703602706605387e-09,-2.190904450192175e-09,2.2215582591227076e-08,2.7056881066207294e-09,2.1932826265254386e-09,2.223746767086356e-08
2964,3.3979330704620048,2.4550601789199433,0.29941516995833756,-1.0016079141227226e-09,2.7840948358253837e-09,-8.288158062741362e-10,1.001805567513492e-09,2.7871505608067466e-09,8.445452658208733e-10
2965,3.478836238806338,2.8642368754066005,0.37426896244792196,-6.237744961550449e-10,4.631264255333674e-09,-1.0804177680003371e-08,6.240577700356591e-10,4.636303035120496e-09,1.0823629069142402e-08
2966,3.1552235654290044,1.6367067859466289,0.07485379248958439,2.103910037458523e-09,-2.4199991131756935e-09,1.544703211798346e-08,2.10528157997307e-09,2.422629818619001e-09,1.5460882923859958e-08
2967,3.478836238806338,2.8642368754066005,0.29941516995833756,-3.857412612238125e-10,2.749325406174128e-09,-1.0843191958529209e-08,3.8588735640568613e-10,2.7523239720750946e-09,1.0862684869127758e-08
2968,3.559739407150672,3.2734135718932578,0.37426896244792196,3.229544315272701e-10,4.415491685429569e-09,-2.0977259086462264e-08,3.2951559187226926e-10,4.420244521680015e-09,2.1008371423226108e-08
2969,3.2361267337733377,2.045883482433286,0.07485379248958439,1.4803186152863288e-09,-2.604534894931224e-09,7.445346381935549e-09,1.4809922776078213e-09,2.6073639363679212e-09,7.44998389978518e-09
2970,3.559739407150672,3.2734135718932578,0.29941516995833756,1.9510301796727203e-10,2.6096803363626613e-09,-2.1020764338256825e-08,1.9898538792336627e-10,2.612500440256549e-09,2.1051927105669563e-08
2971,3.640642575495005,3.682590268379915,0.37426896244792196,1.1515140623174281e-09,4.0826236648520585e-09,-3.0933684666094146e-08,1.1563561976988571e-09,4.086955399699731e-09,3.097632300746228e-08
2972,3.3170299021176715,2.4550601789199433,0.07485379248958439,8.553869879572197e-10,-2.7094763845687134e-09,-1.5272942527391665e-09,8.554911823560528e-10,2.712406487466686e-09,1.537308173510284e-09
2973,3.640642575495005,3.682590268379915,0.29941516995833756,7.146964871261738e-10,2.3994090921512966e-09,-3.0972700753403744e-08,7.175707152591041e-10,2.4019709340805985e-09,3.1015385478825036e-08
2974,3.7215457438393384,4.091766964866572,0.37426896244792196,1.8013524801101336e-09,3.746782321814073e-09,-4.0418865352687174e-08,1.8065378599897707e-09,3.75070010326426e-09,4.047242885478819e-08
2975,3.3979330704620048,3.682590268379915,0.0,-1.3212980746254834e-09,-3.8347775585170175e-09,-2.939436627560779e-08,1.3262748745065188e-09,3.83871764601187e-09,2.9431792641581296e-08
2976,3.478836238806338,3.682590268379915,0.07485379248958439,-7.550507421286475e-10,-2.4133228576625646e-09,-2.9982985191547584e-08,7.580639211451513e-10,2.4158014252450393e-09,3.002221742794543e-08
2977,3.3979330704620048,2.8642368754066005,0.07485379248958439,2.57810534345281e-10,-2.7185091605708857e-09,-1.1102060936877155e-08,2.5834361249904416e-10,2.7214210989983693e-09,1.1120581452624425e-08
2978,3.559739407150672,3.682590268379915,0.14970758497916878,-2.3521714849807235e-10,-8.79358869177959e-10,-3.050819571349065e-08,2.3627536160466726e-10,8.80240545817862e-10,3.0549182075027005e-08
2979,3.7215457438393384,4.091766964866572,0.29941516995833756,1.1399069820024606e-09,2.1920554295925735e-09,-4.044168437709093e-08,1.1430097141516407e-09,2.194370219973224e-09,4.049527475895003e-08
2980,2.912514060396004,0.0,0.22456137746875315,-1.3844078796059916e-09,5.875124897697037e-10,3.826283924050717e-08,1.3856248047401605e-09,5.881726070987623e-10,3.830348288171683e-08
2981,2.9934172287403378,0.4091766964866572,0.22456137746875315,-1.2996477769001468e-09,6.190666225236875e-10,3.463136924447791e-08,1.3007797607391794e-09,6.197550614544801e-10,3.466743297343828e-08
2982,3.074320397084671,0.8183533929733144,0.22456137746875315,-1.140757690155901e-09,6.881880983883729e-10,3.00693411214244e-08,1.1417100905819095e-09,6.889518291151905e-10,3.009979656702337e-08
2983,2.8316108920516707,0.0,0.0,6.797733894517527e-09,-2.8397839855495215e-09,3.507405594337656e-08,6.804030934472058e-09,2.842912013750842e-09,3.511172485745179e-08
2984,3.1552235654290044,1.2275300894599717,0.22456137746875315,-9.691616049524059e-10,7.710905306704347e-10,2.4240614330038812e-08,9.69913057902439e-10,7.719462782693883e-10,2.426403813550999e-08
2985,2.912514060396004,0.4091766964866572,0.0,6.35282087879274e-09,-2.989792433999251e-09,3.1817244888557154e-08,6.358539923687846e-09,2.993056573212192e-09,3.1850789649416164e-08
2986,3.2361267337733377,1.6367067859466289,0.22456137746875315,-7.831129941916195e-10,8.451992383996267e-10,1.7042072188427986e-08,7.836452884427802e-10,8.461374905480814e-10,1.705694853175455e-08
2987,2.9934172287403378,0.8183533929733144,0.0,5.486290503736414e-09,-3.2811425229193096e-09,2.7626575047280655e-08,5.490943206613675e-09,3.28470932758995e-09,2.7654969131187006e-08
2988,3.3170299021176715,2.045883482433286,0.22456137746875315,-5.822850496918474e-10,8.943860308130642e-10,8.587143014735766e-09,5.825903619692864e-10,8.953794093591631e-10,8.592312631729114e-09
2989,3.074320397084671,1.2275300894599717,0.0,4.549866345317476e-09,-3.6641656763454072e-09,2.2201549573805143e-08,4.553376398817537e-09,3.668149551397177e-09,2.2223406440063385e-08
2990,3.3979330704620048,2.4550601789199433,0.22456137746875315,-3.71902296038265e-10,9.096027696933851e-10,-8.442708088568506e-10,3.7199761847040827e-10,9.106116216521256e-10,8.598523784182426e-10
2991,3.1552235654290044,1.6367067859466289,0.0,3.5542767713668144e-09,-4.046761175652208e-09,1.5443452294994398e-08,3.556602590167824e-09,4.051166964074833e-09,1.5457288990398978e-08
2992,3.478836238806338,2.8642368754066005,0.22456137746875315,-1.5899701134883264e-10,8.862374625456957e-10,-1.0862547793742484e-08,1.5901009829258784e-10,8.872182440826026e-10,1.0882060777932951e-08
2993,3.2361267337733377,2.045883482433286,0.0,2.5171769731547454e-09,-4.349727560094886e-09,7.455221973626848e-09,2.518340143877492e-09,4.354460070596785e-09,7.459863400681861e-09
2994,3.559739407150672,3.2734135718932578,0.22456137746875315,5.052002383309679e-11,8.261034230385093e-10,-2.1040340295611115e-08,5.1952233757777576e-11,8.270170712719657e-10,2.107152505178438e-08
2995,3.3979330704620048,3.2734135718932578,0.0,-4.909772910864336e-10,-4.197756810262623e-09,-2.066133232805331e-08,4.964470770123927e-10,4.202178260662803e-09,2.0689745508272043e-08
2996,3.3170299021176715,2.4550601789199433,0.0,1.4751823226529203e-09,-4.516450802871488e-09,-1.50323404501062e-09,1.475383355960881e-09,4.521344875463627e-09,1.513289253322086e-09
2997,3.478836238806338,3.2734135718932578,0.07485379248958439,-2.7972867951002043e-10,-2.6369381846189914e-09,-2.087618452790794e-08,2.831099461113518e-10,2.6397174851363573e-09,2.090599868277479e-08
2998,3.640642575495005,3.682590268379915,0.22456137746875315,2.515760354006039e-10,7.414633099248347e-10,-3.098797406105805e-08,2.5248749374015004e-10,7.4228513745456e-10,3.103067607229439e-08
2999,3.802448912183672,4.500943661353229,0.37426896244792196,2.166846159511008e-09,3.5623130578936618e-09,-4.939610500315417e-08,2.172267757417855e-09,3.5660142471859017e-09,4.945994439847263e-08
3000,2.912514060396004,0.0,0.14970758497916878,1.2917802586192703e-09,-6.118595922730898e-10,3.8266586837140994e-08,1.2929976028588477e-09,6.125304013300886e-10,3.8307235245826986e-08
3001,2.9934172287403378,0.4091766964866572,0.14970758497916878,1.2238647656649593e-09,-6.372856614192798e-10,3.4633777718977946e-08,1.22497490911045e-09,6.379776420189e-10,3.466984426812142e-08
3002,3.074320397084671,0.8183533929733144,0.14970758497916878,1.0550398824404415e-09,-6.879440253630419e-10,3.0069292527336624e-08,1.0559325760598612e-09,6.886871922582517e-10,3.0099747696035e-08
3003,3.1552235654290044,1.2275300894599717,0.14970758497916878,8.667074992606656e-10,-7.636839378962921e-10,2.4238545135346895e-08,8.673658369365353e-10,7.645097963680748e-10,2.4261966116374447e-08
3004,3.2361267337733377,1.6367067859466289,0.14970758497916878,6.662338766157639e-10,-8.454221925761556e-10,1.7038978570950017e-08,6.666534940763199e-10,8.463385881659616e-10,1.705385073111087e-08
3005,3.3170299021176715,2.045883482433286,0.14970758497916878,4.592454488338516e-10,-9.15354816983263e-10,8.583836274695359e-09,4.594363522868525e-10,9.163453031944248e-10,8.589001832685382e-09
3006,3.3979330704620048,2.4550601789199433,0.14970758497916878,2.5435774920164125e-10,-9.590729062073515e-10,-8.4694174199546e-10,2.543748946409087e-10,9.60104202691183e-10,8.625012235518476e-10
3007,3.478836238806338,2.8642368754066005,0.14970758497916878,6.260172648629399e-11,-9.69770692837529e-10,-1.0863733112423786e-08,6.296271336368508e-11,9.707996318645673e-10,1.0883247552888206e-08
3008,3.478836238806338,4.500943661353229,0.0,-2.0448360871480458e-09,-3.598632671899309e-09,-4.576666959725444e-08,2.050577057056e-09,3.6022152541221435e-09,4.582175988323911e-08
3009,3.478836238806338,4.091766964866572,0.0,-1.8463691538651386e-09,-3.687286389550264e-09,-3.8125786739715175e-08,1.851826076232244e-09,3.691001509482776e-09,3.8173269131210886e-08
3010,3.559739407150672,4.500943661353229,0.07485379248958439,-1.0964392335820344e-09,-2.251153981346032e-09,-4.679444324005097e-08,1.0998844171841777e-09,2.2533855950888422e-09,4.6851849072268536e-08
3011,3.559739407150672,4.091766964866572,0.07485379248958439,-1.04203050718766e-09,-2.3088703071263473e-09,-3.8957342713288065e-08,1.0453173598414831e-09,2.311188215613659e-09,3.900691853791713e-08
3012,3.640642575495005,4.500943661353229,0.14970758497916878,-2.2865997724104146e-10,-8.254661327831449e-10,-4.7725444024684566e-08,2.299690417850706e-10,8.262496273903034e-10,4.7785064531955724e-08
3013,3.640642575495005,4.091766964866572,0.14970758497916878,-2.8708959675698114e-10,-8.473967396187922e-10,-3.9724468434382976e-08,2.882572407623006e-10,8.482160018312829e-10,3.9776076253786234e-08
3014,3.7215457438393384,4.500943661353229,0.22456137746875315,5.980815002411234e-10,6.319385894658465e-10,-4.858923421643359e-08,5.991693721488262e-10,6.326487207891432e-10,4.8650996113650006e-08
3015,3.3979330704620048,2.8642368754066005,0.0,4.748087627602764e-10,-4.521082478200097e-09,-1.1065619049672268e-08,4.755015289027309e-10,4.525938433464156e-09,1.1084103638622461e-08
3016,3.559739407150672,3.2734135718932578,0.14970758497916878,-1.0256647049861625e-10,-9.487659725844394e-10,-2.1039575266533553e-08,1.036942065644434e-10,9.497492517816512e-10,2.107075894705895e-08
3017,3.7215457438393384,4.091766964866572,0.22456137746875315,4.3822022332495976e-10,6.587313524542244e-10,-4.0450638473347356e-08,4.3922283635791393e-10,6.594689405557875e-10,4.0504238299233804e-08
3018,3.802448912183672,4.500943661353229,0.29941516995833756,1.4001429674318237e-09,2.0796654866733874e-09,-4.941106519089402e-08,1.4034011074644424e-09,2.081856115053055e-09,4.947492102539198e-08
3019,2.9934172287403378,0.0,0.37426896244792196,-6.750975740649569e-09,3.141646737230311e-09,4.134368298663597e-08,6.757022935420329e-09,3.1451417658438736e-09,4.138711704539267e-08
3020,2.9934172287403378,0.0,0.29941516995833756,-4.031550210948767e-09,1.882158111078012e-09,4.137350242178528e-08,4.035138875134803e-09,1.8842599673549237e-09,4.1416984106742855e-08
3021,3.074320397084671,0.4091766964866572,0.37426896244792196,-6.315648264979213e-09,3.2855190341917246e-09,3.734885913530926e-08,6.321182019940931e-09,3.2891519760970795e-09,3.738727698961835e-08
3022,3.074320397084671,0.4091766964866572,0.29941516995833756,-3.794154813242813e-09,1.96868111265298e-09,3.737742783527535e-08,3.797470961888446e-09,1.9708627702190814e-09,3.741588927199424e-08
3023,3.1552235654290044,0.8183533929733144,0.37426896244792196,-5.522787395558479e-09,3.611488943183968e-09,3.243246015363374e-08,5.52737704999167e-09,3.6154746528641314e-09,3.2464839148097475e-08
3024,3.1552235654290044,0.8183533929733144,0.29941516995833756,-3.326183278826445e-09,2.1649798179069093e-09,3.245697498831017e-08,3.3289479073256504e-09,2.1673739777182124e-09,3.248939096206908e-08
3025,3.2361267337733377,1.2275300894599717,0.37426896244792196,-4.656079557228533e-09,4.034969898046335e-09,2.6232664265837095e-08,4.659631836311508e-09,4.039427363238014e-09,2.6257563174592412e-08
3026,2.912514060396004,0.0,0.07485379248958439,3.985607322812234e-09,-1.810207498423583e-09,3.826066257303873e-08,3.9892769003745754e-09,1.8122062874883628e-09,3.83012974114792e-08
3027,3.2361267337733377,1.2275300894599717,0.29941516995833756,-2.810529231767589e-09,2.4170138328056126e-09,2.6247438116079632e-08,2.812679137413978e-09,2.419688900375314e-09,2.627236069373948e-08
3028,3.3170299021176715,1.6367067859466289,0.37426896244792196,-3.7150314523783856e-09,4.439920698061863e-09,1.8637164737877786e-08,3.7174744192982235e-09,4.444830578558993e-09,1.8653048651334915e-08
3029,2.9934172287403378,0.4091766964866572,0.07485379248958439,3.752839239193082e-09,-1.8938893594332092e-09,3.4625199431909374e-08,3.756195658973392e-09,1.895961587140048e-09,3.466124972957042e-08
3030,3.3170299021176715,1.6367067859466289,0.29941516995833756,-2.248915966062403e-09,2.6551427315105124e-09,1.8638738592836144e-08,2.2504042388119307e-09,2.6580839003617794e-09,1.8654628614578064e-08
3031,3.3979330704620048,2.045883482433286,0.37426896244792196,-2.711611661475465e-09,4.736547686749616e-09,9.763222648221802e-09,2.7129311837825707e-09,4.741781684318283e-09,9.768949753160838e-09
3032,3.074320397084671,0.8183533929733144,0.07485379248958439,3.253704606586384e-09,-2.0665765148958828e-09,3.005878790133372e-08,3.2564433787791994e-09,2.06882935420145e-09,3.0089225077432603e-08
3033,3.3979330704620048,2.045883482433286,0.29941516995833756,-1.6473264939198857e-09,2.825885833441781e-09,9.750204510213558e-09,1.6481402609286637e-09,2.8290138251410516e-09,9.755919729147468e-09
3034,3.478836238806338,2.4550601789199433,0.37426896244792196,-1.679648198863102e-09,4.865160703851038e-09,-9.612031183023859e-11,1.6799771751478306e-09,4.870516634660698e-09,1.7631775663165948e-10
3035,3.1552235654290044,1.2275300894599717,0.07485379248958439,2.7050497414322905e-09,-2.3021010330032256e-09,2.4229663606910804e-08,2.7071183562613787e-09,2.3046127108789144e-09,2.425306915514466e-08
3036,3.478836238806338,2.4550601789199433,0.29941516995833756,-1.0249781147170324e-09,2.8937928041790962e-09,-1.2277290756020084e-10,1.0251898481253471e-09,2.896984372833947e-09,1.9312866839335756e-10
3037,3.559739407150672,2.8642368754066005,0.37426896244792196,-6.633971955161654e-10,4.795859258715864e-09,-1.0535407030746828e-08,6.636169358204911e-10,4.801101035673249e-09,1.055587803963871e-08
3038,3.2361267337733377,1.6367067859466289,0.07485379248958439,2.117788119336097e-09,-2.540458759944268e-09,1.7034817234278783e-08,2.119159691548865e-09,2.543234834135778e-09,1.704968031926757e-08
3039,3.559739407150672,2.8642368754066005,0.29941516995833756,-4.0691035242891304e-10,2.840268310242099e-09,-1.0572174442582037e-08,4.070266664041883e-10,2.8433804408989187e-09,1.059268551082936e-08
3040,3.640642575495005,3.2734135718932578,0.37426896244792196,2.883906326144257e-10,4.53489411465536e-09,-2.1106917314836507e-08,2.953766488648306e-10,4.539796498246332e-09,2.1139380389563754e-08
3041,3.3170299021176715,2.045883482433286,0.07485379248958439,1.5029383505589823e-09,-2.7300750853115035e-09,8.586218126030912e-09,1.5036238907399236e-09,2.7330550290607476e-09,8.591383456515514e-09
3042,3.640642575495005,3.2734135718932578,0.29941516995833756,1.803862472801892e-10,2.668685189940155e-09,-2.1147488455006195e-08,1.8444673870762606e-10,2.6715816894301034e-09,2.1179999611269537e-08
3043,3.7215457438393384,3.682590268379915,0.37426896244792196,1.1248094278772427e-09,4.137492735874566e-09,-3.139930271450617e-08,1.129649605587225e-09,4.1418984291854175e-09,3.144364857848543e-08
3044,3.3979330704620048,2.4550601789199433,0.07485379248958439,8.829672793635911e-10,-2.8331683633685923e-09,-8.373843074243122e-10,8.83084560238016e-10,2.8362459949897252e-09,8.530401371083516e-10
3045,3.7215457438393384,3.682590268379915,0.29941516995833756,7.091505751631252e-10,2.414221579227635e-09,-3.1434402825416466e-08,7.12027408906276e-10,2.4168087837674706e-09,3.147879086418008e-08
3046,3.802448912183672,4.091766964866572,0.37426896244792196,1.787691411426326e-09,3.72752698975942e-09,-4.111460208165755e-08,1.792866886847405e-09,3.731433014301723e-09,4.1170126032013654e-08
3047,3.478836238806338,3.682590268379915,0.0,-1.24279609913419e-09,-3.987201660954093e-09,-2.9932012895403416e-08,1.247779337313256e-09,3.991318100427817e-09,2.9971188231705067e-08
3048,3.559739407150672,3.682590268379915,0.07485379248958439,-7.198181680075472e-10,-2.496517852334958e-09,-3.0485039006493454e-08,7.228386468955468e-10,2.4990900854427275e-09,3.052599864061289e-08
3049,3.478836238806338,2.8642368754066005,0.07485379248958439,2.867083811485763e-10,-2.8317805226696644e-09,-1.0847815262552226e-08,2.8712305291202987e-10,2.83482605048231e-09,1.086731377123337e-08
3050,3.640642575495005,3.682590268379915,0.14970758497916878,-2.2519512752221325e-10,-9.066026939103546e-10,-3.098613658768998e-08,2.262585733163167e-10,9.07510731002079e-10,3.1028835712903966e-08
3051,3.802448912183672,4.091766964866572,0.29941516995833756,1.1373867147328638e-09,2.1598770097374536e-09,-4.114747188808715e-08,1.1404889712231812e-09,2.1621638494841064e-09,4.1203034347835336e-08
3052,2.9934172287403378,0.0,0.22456137746875315,-1.3647203198103264e-09,6.198645123086408e-10,4.138884498593882e-08,1.3659050661074386e-09,6.205647667505876e-10,4.143235113612349e-08
3053,3.074320397084671,0.4091766964866572,0.22456137746875315,-1.2875666114451444e-09,6.510815596761682e-10,3.739188585493739e-08,1.288676741761005e-09,6.518105198109692e-10,3.7430369338089906e-08
3054,3.1552235654290044,0.8183533929733144,0.22456137746875315,-1.1370616508884905e-09,7.225168229618053e-10,3.24682933068157e-08,1.1380033493469842e-09,7.233241464832719e-10,3.25007267498146e-08
3055,2.912514060396004,0.0,0.0,6.735667678625495e-09,-3.005731336952554e-09,3.82432612620263e-08,6.741849055358449e-09,3.009049188963321e-09,3.828386241145026e-08
3056,3.2361267337733377,1.2275300894599717,0.22456137746875315,-9.71149500802494e-10,8.078451128135413e-10,2.625302719249651e-08,9.718978967912836e-10,8.087479192676987e-10,2.6277959517338024e-08
3057,2.9934172287403378,0.4091766964866572,0.0,6.299127071508094e-09,-3.1510723810014082e-09,3.4603526577826465e-08,6.30474367815239e-09,3.154524861253237e-09,3.4639538879819584e-08
3058,3.3170299021176715,1.6367067859466289,0.22456137746875315,-7.884124145447857e-10,8.832661411059141e-10,1.8637500465508556e-08,7.8894678134722e-10,8.842534234654371e-10,1.8653391156723274e-08
3059,3.074320397084671,0.8183533929733144,0.0,5.461599894251723e-09,-3.4511793399309007e-09,3.0036176962372426e-08,5.4661883754584475e-09,3.4549486269838594e-09,3.006657661431234e-08
3060,3.3979330704620048,2.045883482433286,0.22456137746875315,-5.892779091388053e-10,9.31900024117672e-10,9.742012276770602e-09,5.895879362451022e-10,9.3294156500026e-10,9.74771981836492e-09
3061,3.1552235654290044,1.2275300894599717,0.0,4.551192459938622e-09,-3.850209472953588e-09,2.4212676156336592e-08,4.554673568931587e-09,3.854418174361825e-09,2.42360523922098e-08
3062,3.478836238806338,2.4550601789199433,0.22456137746875315,-3.788554965454699e-10,9.435222900640392e-10,-1.367446114355616e-10,3.789552257386651e-10,9.445748628552673e-10,2.0278305694995498e-10
3063,3.2361267337733377,1.6367067859466289,0.0,3.576418161472332e-09,-4.247971998875933e-09,1.7028566869640896e-08,3.5787436268944193e-09,4.252622028473492e-09,1.7043415138527407e-08
3064,3.559739407150672,2.8642368754066005,0.22456137746875315,-1.6375856632094274e-10,9.123205605012334e-10,-1.0589407753671757e-08,1.637690373060465e-10,9.133363502794433e-10,1.060993674783944e-08
3065,3.3170299021176715,2.045883482433286,0.0,2.5539337152510876e-09,-4.559215437139397e-09,8.593544542224359e-09,2.5551167142935622e-09,4.564201438964216e-09,8.598713039261558e-09
3066,3.640642575495005,3.2734135718932578,0.22456137746875315,4.9558712059280307e-11,8.395248822362984e-10,-2.116473379506858e-08,5.101195551071692e-11,8.404596697523704e-10,2.1197264550078786e-08
3067,3.478836238806338,3.2734135718932578,0.0,-4.316253442866517e-10,-4.373029340626016e-09,-2.0831849789981012e-08,4.374265848574915e-10,4.377657154575135e-09,2.0861614662311246e-08
3068,3.3979330704620048,2.4550601789199433,0.0,1.5201945393331047e-09,-4.723196341118441e-09,-8.160589070625166e-10,1.5204182899716263e-09,4.728339068594561e-09,8.319314020530187e-10
3069,3.559739407150672,3.2734135718932578,0.07485379248958439,-2.529005747913918e-10,-2.730503982882546e-09,-2.102005104092481e-08,2.564488212079875e-10,2.7333916132545563e-09,2.1051212397073947e-08
3070,3.7215457438393384,3.682590268379915,0.22456137746875315,2.5312864017067815e-10,7.377681521523433e-10,-3.145121313995679e-08,2.5404156745482403e-10,7.385926750105826e-10,3.149562038390398e-08
3071,2.9934172287403378,0.0,0.14970758497916878,1.2843382222659844e-09,-6.430109212624201e-10,4.139268599875707e-08,1.285540459539177e-09,6.437148417962068e-10,4.143619696977592e-08
3072,3.074320397084671,0.4091766964866572,0.14970758497916878,1.213702486338994e-09,-6.668783116508655e-10,3.7394284142399885e-08,1.2147945699760676e-09,6.676027116504287e-10,3.7432770409966204e-08
3073,3.1552235654290044,0.8183533929733144,0.14970758497916878,1.0493747150019012e-09,-7.191515445266693e-10,3.246810905299746e-08,1.0502550796973485e-09,7.199302687359152e-10,3.250054209659648e-08
3074,3.2361267337733377,1.2275300894599717,0.14970758497916878,8.660831666172254e-10,-7.987873512348165e-10,2.6250823599533776e-08,8.667358719297396e-10,7.9965410424612e-10,2.6275752988561224e-08
3075,3.3170299021176715,1.6367067859466289,0.14970758497916878,6.700343991743485e-10,-8.844337805692714e-10,1.8634387260406837e-08,6.704539597048363e-10,8.853957596752837e-10,1.865027384563428e-08
3076,3.3979330704620048,2.045883482433286,0.14970758497916878,4.661168882424017e-10,-9.56366995840548e-10,9.738886506830575e-09,4.663116397073966e-10,9.574052873443966e-10,9.744590377605538e-09
3077,3.478836238806338,2.4550601789199433,0.14970758497916878,2.630123925830723e-10,-9.991475882893436e-10,-1.3899832358820537e-10,2.6303301793659086e-10,1.0002250362416344e-09,2.0439103188792148e-10
3078,3.559739407150672,2.8642368754066005,0.14970758497916878,7.191705429437731e-11,-1.005299703727496e-09,-1.0590303825391722e-08,7.219664419854906e-11,1.0063682855474978e-09,1.061083348368244e-08
3079,3.559739407150672,4.500943661353229,0.0,-1.9305187711426265e-09,-3.6888121187806813e-09,-4.674734503607342e-08,1.936188305437851e-09,3.6924988414442735e-09,4.6804697871872685e-08
3080,3.559739407150672,4.091766964866572,0.0,-1.7601148331314066e-09,-3.798731948854634e-09,-3.891328278747157e-08,1.7655272437908049e-09,3.802573884232199e-09,3.896280791022356e-08
3081,3.640642575495005,4.500943661353229,0.07485379248958439,-1.0487423721749964e-09,-2.295463614151407e-09,-4.770563634574088e-08,1.0521640093184306e-09,2.2977411193349464e-09,4.776523381485344e-08
3082,3.640642575495005,4.091766964866572,0.07485379248958439,-1.0067273399736006e-09,-2.36547319212366e-09,-3.970567112931334e-08,1.0099991853817114e-09,2.3678510710569e-09,3.975725632878118e-08
3083,3.7215457438393384,4.500943661353229,0.14970758497916878,-2.1705502552637826e-10,-8.442954158777367e-10,-4.858448531542712e-08,2.1837381529639642e-10,8.450911455624195e-10,4.864624055874775e-08
3084,3.7215457438393384,4.091766964866572,0.14970758497916878,-2.796002206273296e-10,-8.672041653057644e-10,-4.044957220976695e-08,2.8076853225759124e-10,8.680381366257383e-10,4.0503169474105814e-08
3085,3.802448912183672,4.500943661353229,0.22456137746875315,5.971235257679275e-10,6.107479028468132e-10,-4.941942150578781e-08,5.982109385212107e-10,6.114456830526505e-10,4.9483285420066835e-08
3086,3.478836238806338,2.8642368754066005,0.0,5.216700447156491e-10,-4.711619082831144e-09,-1.0814842306831058e-08,5.222095762097033e-10,4.71670237330913e-09,1.0834306431109121e-08
3087,3.640642575495005,3.2734135718932578,0.14970758497916878,-9.439668233061873e-11,-9.757546262781645e-10,-2.1165467445455975e-08,9.556763820660063e-11,9.767659680906204e-10,2.119799847815337e-08
3088,3.802448912183672,4.091766964866572,0.22456137746875315,4.3586039153650573e-10,6.372494343392765e-10,-4.117032248521049e-08,4.3686083921777376e-10,6.379718780954237e-10,4.122591033645341e-08
3089,3.074320397084671,0.0,0.37426896244792196,-6.6604397285492555e-09,3.2885224660094493e-09,4.4413987349304234e-08,6.66634714741923e-09,3.2921912842332257e-09,4.4460207569356825e-08
3090,3.074320397084671,0.0,0.29941516995833756,-3.9789511602432966e-09,1.971584146043721e-09,4.4446194761661485e-08,3.982457176183681e-09,1.9737924532821174e-09,4.449246330031059e-08
3091,3.1552235654290044,0.4091766964866572,0.37426896244792196,-6.250217418190577e-09,3.4315527607484757e-09,4.007330494856177e-08,6.2556455936561205e-09,3.4353618813055624e-09,4.011409190025568e-08
3092,3.1552235654290044,0.4091766964866572,0.29941516995833756,-3.756809143228347e-09,2.0573632069740294e-09,4.010364696142108e-08,3.760063535775137e-09,2.0596526631091683e-09,4.014447762655168e-08
3093,3.2361267337733377,0.8183533929733144,0.37426896244792196,-5.4948213494850675e-09,3.769615132802968e-09,3.481152695013365e-08,5.4993544565943134e-09,3.7737947018031465e-09,3.4845855539674e-08
3094,3.2361267337733377,0.8183533929733144,0.29941516995833756,-3.311627157942024e-09,2.260640497008712e-09,3.483757479551436e-08,3.3143598147271597e-09,2.2631526191293052e-09,3.487194024838163e-08
3095,3.3170299021176715,1.2275300894599717,0.37426896244792196,-4.6565010247639674e-09,4.209475033235905e-09,2.823821305908208e-08,4.660034312631407e-09,4.214148890632323e-09,2.8264609699538173e-08
3096,2.9934172287403378,0.0,0.07485379248958439,3.949419043502007e-09,-1.9043402187365865e-09,4.138555141328227e-08,3.953024280129929e-09,1.906444921653033e-09,4.1429048309151424e-08
3097,3.3170299021176715,1.2275300894599717,0.29941516995833756,-2.812787273775465e-09,2.5215349123574935e-09,2.825432189175141e-08,2.8149275025337576e-09,2.524340371455049e-09,2.8280741794940547e-08
3098,3.3979330704620048,1.6367067859466289,0.37426896244792196,-3.734502893617685e-09,4.626589440226019e-09,2.0235003046490525e-08,3.7369534592834115e-09,4.631731229363037e-09,2.025190411007753e-08
3099,3.074320397084671,0.4091766964866572,0.07485379248958439,3.7193902100594423e-09,-1.984911952895969e-09,3.7384516177557586e-08,3.722687505428595e-09,1.987089387676883e-09,3.7422985726038277e-08
3100,3.3979330704620048,1.6367067859466289,0.29941516995833756,-2.2619052642743322e-09,2.7654558817409823e-09,2.023778040440532e-08,2.2633990717051303e-09,2.768534944317788e-09,2.0254687081897026e-08
3101,3.478836238806338,2.045883482433286,0.37426896244792196,-2.742426163725488e-09,4.9246656393815085e-09,1.0926304828673267e-08,2.743768730827486e-09,4.930132254255662e-09,1.0932578968290163e-08
3102,3.1552235654290044,0.8183533929733144,0.07485379248958439,3.237876741160897e-09,-2.1633340835405057e-09,3.245633549885347e-08,3.2405793731582114e-09,2.1657016862734917e-09,3.248875009225259e-08
3103,3.478836238806338,2.045883482433286,0.29941516995833756,-1.6659853468702045e-09,2.9348491928254632e-09,1.0914425740235737e-08,1.6668125942645325e-09,2.938112628860586e-09,1.0920687876312443e-08
3104,3.559739407150672,2.4550601789199433,0.37426896244792196,-1.714803064364909e-09,5.0378487133291685e-09,6.222386557060645e-10,1.7151554230356668e-09,5.0434174170367425e-09,6.365173615220702e-10
3105,3.2361267337733377,1.2275300894599717,0.07485379248958439,2.705096797821808e-09,-2.409249645455685e-09,2.6240764201926944e-08,2.707150470843211e-09,2.411890383150778e-09,2.626567786229329e-08
3106,3.559739407150672,2.4550601789199433,0.29941516995833756,-1.0441500068812278e-09,2.9898417043272905e-09,5.9679988707004e-10,1.0443740070846491e-09,2.9931524718159036e-09,6.119462979245718e-10
3107,3.640642575495005,2.8642368754066005,0.37426896244792196,-6.96470038796919e-10,4.930331396635841e-09,-1.0251162719090937e-08,6.966441716346829e-10,4.93573982430203e-09,1.0272696859006422e-08
3108,3.3170299021176715,1.6367067859466289,0.07485379248958439,2.1300429794423287e-09,-2.6570146342647264e-09,1.86291947464156e-08,2.131415982934213e-09,2.659931410006508e-09,1.8645072201499036e-08
3109,3.640642575495005,2.8642368754066005,0.29941516995833756,-4.2102027805090545e-10,2.9076904092692375e-09,-1.028641416071813e-08,4.2111931801904823e-10,2.910887658300784e-09,1.0307986907806106e-08
3110,3.7215457438393384,3.2734135718932578,0.37426896244792196,2.6226440356722114e-10,4.603666955136606e-09,-2.121887937865285e-08,2.696406507391836e-10,4.608657896192632e-09,2.1252690756717562e-08
3111,3.3979330704620048,2.045883482433286,0.07485379248958439,1.522969758686567e-09,-2.850554021063255e-09,9.740322372947857e-09,1.5236672451660416e-09,2.853678861000987e-09,9.746026000949418e-09
3112,3.7215457438393384,3.2734135718932578,0.29941516995833756,1.7618633059568306e-10,2.6892477327455225e-09,-2.1257595599317835e-08,1.8030865657527588e-10,2.6921741714453703e-09,2.1291453223863523e-08
3113,3.802448912183672,3.682590268379915,0.37426896244792196,1.1118029291627814e-09,4.112154777387742e-09,-3.1830430201108696e-08,1.116642565060247e-09,4.116538484438433e-09,3.18764522154343e-08
3114,3.478836238806338,2.4550601789199433,0.07485379248958439,9.063036680434667e-10,-2.9490255890665777e-09,-1.3056703911037523e-10,9.064329925311528e-10,2.9522414692862828e-09,1.9846494554052638e-10
3115,3.802448912183672,3.682590268379915,0.29941516995833756,7.101927926657783e-10,2.372323310423642e-09,-3.188012514588462e-08,7.130722329777401e-10,2.3748675754900335e-09,3.192620625203175e-08
3116,3.559739407150672,3.682590268379915,0.0,-1.1851628842193423e-09,-4.125355852970392e-09,-3.044031465070112e-08,1.1901532179939217e-09,4.129632117005191e-09,3.048122185401807e-08
3117,3.640642575495005,3.682590268379915,0.07485379248958439,-6.976264450212961e-10,-2.56229659191821e-09,-3.096798606675007e-08,7.006538981573742e-10,2.5649418237071202e-09,3.1010663017908904e-08
3118,3.559739407150672,2.8642368754066005,0.07485379248958439,3.088893982748113e-10,-2.9321228367827797e-09,-1.057652016348381e-08,3.092302082617262e-10,2.935286563873342e-09,1.0597035111866219e-08
3119,3.7215457438393384,3.682590268379915,0.14970758497916878,-2.210766969554565e-10,-9.222811661313305e-10,-3.1455268356776344e-08,2.221446249887256e-10,9.232016991537058e-10,3.1499679235989485e-08
3120,3.074320397084671,0.0,0.22456137746875315,-1.343746611596012e-09,6.505214587230052e-10,4.446260666470379e-08,1.3448989031853444e-09,6.512601722520039e-10,4.450889983937029e-08
3121,3.1552235654290044,0.4091766964866572,0.22456137746875315,-1.27491134709501e-09,6.818916171716004e-10,4.011886728152003e-08,1.2760000609459609e-09,6.82659770436371e-10,4.015971992686503e-08
3122,3.2361267337733377,0.8183533929733144,0.22456137746875315,-1.1331746962336988e-09,7.557056896648539e-10,3.484953250310419e-08,1.1341065361032804e-09,7.565553141401538e-10,3.4883915251935854e-08
3123,2.9934172287403378,0.0,0.0,6.665384761912125e-09,-3.1612069499440395e-09,4.136554323777526e-08,6.671446715511837e-09,3.164702392582465e-09,4.140900522050876e-08
3124,3.3170299021176715,1.2275300894599717,0.22456137746875315,-9.729203385230713e-10,8.431906144461792e-10,2.8260522034809458e-08,9.73666443177756e-10,8.441389493838005e-10,2.8286951464990583e-08
3125,3.074320397084671,0.4091766964866572,0.0,6.239238717056217e-09,-3.303080672828454e-09,3.736020446384171e-08,6.244751841645694e-09,3.3067108977314116e-09,3.7398634894634987e-08
3126,3.3979330704620048,1.6367067859466289,0.22456137746875315,-7.931646291853116e-10,9.194198781712796e-10,2.0237265337698288e-08,7.937013223465358e-10,9.204539055328623e-10,2.0254172693821445e-08
3127,3.1552235654290044,0.8183533929733144,0.0,5.433160043952626e-09,-3.613446903923197e-09,3.243112322090337e-08,5.437686264342223e-09,3.617410295498504e-09,3.246349938152119e-08
3128,3.478836238806338,2.045883482433286,0.22456137746875315,-5.950396464377187e-10,9.664671186169067e-10,1.0907270429286917e-08,5.953537094344498e-10,9.675530369564598e-10,1.091352548635022e-08
3129,3.2361267337733377,1.2275300894599717,0.0,4.5498682272682765e-09,-4.029834293685953e-09,2.6221383614518946e-08,4.553323279610043e-09,4.0342607976187475e-09,2.6246267373428125e-08
3130,3.559739407150672,2.4550601789199433,0.22456137746875315,-3.834155381596061e-10,9.723451701021018e-10,5.843730363587178e-10,3.835180360051458e-10,9.734351391231999e-10,5.999675508718407e-10
3131,3.3170299021176715,1.6367067859466289,0.0,3.5954887479954473e-09,-4.443211972910471e-09,1.862072388722207e-08,3.5978159429544195e-09,4.448099246061781e-09,1.863658620645536e-08
3132,3.640642575495005,2.8642368754066005,0.22456137746875315,-1.648321728454162e-10,9.297234252379088e-10,-1.0302014731199769e-08,1.6484230891920043e-10,9.307636537014991e-10,1.0323603547476258e-08
3133,3.3979330704620048,2.045883482433286,0.0,2.5858937068237694e-09,-4.761551666920271e-09,9.745387838572471e-09,2.587096241794047e-09,4.766782736592202e-09,9.751094065298191e-09
3134,3.7215457438393384,3.2734135718932578,0.22456137746875315,5.152103720965052e-11,8.39311583716371e-10,-2.1277745250642533e-08,5.294426274839979e-11,8.402509203637445e-10,2.1311625971358235e-08
3135,3.559739407150672,3.2734135718932578,0.0,-3.8864989548661267e-10,-4.532751646474987e-09,-2.0980798005068933e-08,3.9475736504753315e-10,4.537567777057324e-09,2.1011913463854276e-08
3136,3.478836238806338,2.4550601789199433,0.0,1.5574124658652417e-09,-4.919553637562381e-09,-1.1199420451102327e-10,1.5576565695109175e-09,4.924932732412887e-09,1.8607858098965147e-10
3137,3.640642575495005,3.2734135718932578,0.07485379248958439,-2.363122614545372e-10,-2.803051569131249e-09,-2.1150639083612574e-08,2.3998661986038877e-10,2.8060225210776102e-09,2.1183152109547695e-08
3138,3.802448912183672,3.682590268379915,0.22456137746875315,2.505766060204384e-10,7.157193241082691e-10,-3.1916269601286146e-08,2.514879123779605e-10,7.165244336826426e-10,3.196239227818178e-08
3139,3.074320397084671,0.0,0.14970758497916878,1.275960739562301e-09,-6.715394247229529e-10,4.446648040580047e-08,1.2771478664103963e-09,6.722730714425604e-10,4.4512778339173676e-08
3140,3.1552235654290044,0.4091766964866572,0.14970758497916878,1.2028218801750454e-09,-6.941002735556238e-10,4.0121227301934643e-08,1.2038962262129055e-09,6.948541955511142e-10,4.016208263429676e-08
3141,3.2361267337733377,0.8183533929733144,0.14970758497916878,1.0434962458879154e-09,-7.484250228595863e-10,3.4849235993137166e-08,1.0443651615569917e-09,7.492370893341335e-10,3.4883618206549e-08
3142,3.3170299021176715,1.2275300894599717,0.14970758497916878,8.655011331528594e-10,-8.323072089995836e-10,2.8258270439463345e-08,8.66149311468815e-10,8.332129189950545e-10,2.8284696894065772e-08
3143,3.3979330704620048,1.6367067859466289,0.14970758497916878,6.738406683970406e-10,-9.216190418205047e-10,2.023428356463133e-08,6.74261210023391e-10,9.226243648809481e-10,2.0251187080443848e-08
3144,3.478836238806338,2.045883482433286,0.14970758497916878,4.727835943283754e-10,-9.944325481732345e-10,1.0904500628437517e-08,4.729828781200427e-10,9.95515261026689e-10,1.0910752595660266e-08
3145,3.559739407150672,2.4550601789199433,0.14970758497916878,2.710221110075347e-10,-1.0341300551106587e-09,5.823570013660788e-10,2.7104642834454145e-10,1.0352476636361003e-09,5.980252047018402e-10
3146,3.640642575495005,2.8642368754066005,0.14970758497916878,7.919251356660375e-11,-1.0320477381602333e-09,-1.0304548220898996e-08,7.942253870053544e-11,1.0331454775773024e-09,1.0326139031073274e-08
3147,3.640642575495005,4.500943661353229,0.0,-1.8468351060333324e-09,-3.760878990411142e-09,-4.766816018647973e-08,1.8524499252432814e-09,3.7646461282655596e-09,4.772771342112499e-08
3148,3.640642575495005,4.091766964866572,0.0,-1.7005450463485534e-09,-3.890912956439136e-09,-3.966992984263514e-08,1.7059251103466789e-09,3.8948580743051585e-09,3.972147184785648e-08
3149,3.7215457438393384,4.500943661353229,0.07485379248958439,-1.0208346530001255e-09,-2.3236289613029957e-09,-4.857027828724612e-08,1.024242680648402e-09,2.3259308386910968e-09,4.8632016002866796e-08
3150,3.7215457438393384,4.091766964866572,0.07485379248958439,-9.88635506218815e-10,-2.4004339814852058e-09,-4.04368761863371e-08,9.919006822499937e-10,2.40284508707173e-09,4.049045702179443e-08
3151,3.802448912183672,4.500943661353229,0.14970758497916878,-2.134401019815693e-10,-8.557275754807973e-10,-4.9416606778772863e-08,2.147632625631533e-10,8.565251710054202e-10,4.948046600521983e-08
3152,3.802448912183672,4.091766964866572,0.14970758497916878,-2.8010658371037617e-10,-8.737755444163632e-10,-4.117599430574839e-08,2.8127733779708876e-10,8.746076326440073e-10,4.1231587158370814e-08
3153,3.559739407150672,2.8642368754066005,0.0,5.565367806810791e-10,-4.885504176530079e-09,-1.0547615613375786e-08,5.569818871457298e-10,4.890795017006324e-09,1.0568098785648455e-08
3154,3.7215457438393384,3.2734135718932578,0.14970758497916878,-9.17243323092741e-11,-9.884567182840775e-10,-2.1285594149781454e-08,9.291538241209555e-11,9.894790605787364e-10,2.1319483098912728e-08
3155,3.1552235654290044,0.0,0.37426896244792196,-6.565997915060142e-09,3.425119865358151e-09,4.7430009800100104e-08,6.5717665793452034e-09,3.4289499858931736e-09,4.7478939930916905e-08
3156,3.1552235654290044,0.0,0.29941516995833756,-3.924340256289921e-09,2.0549668140972746e-09,4.746364653584178e-08,3.927764720455096e-09,2.057274159731326e-09,4.751262471331977e-08
3157,3.2361267337733377,0.4091766964866572,0.37426896244792196,-6.18376368482334e-09,3.5689575248584476e-09,4.276389272535098e-08,6.189090473625711e-09,3.572932430721365e-09,4.280700012649979e-08
3158,3.2361267337733377,0.4091766964866572,0.29941516995833756,-3.7190792482223604e-09,2.1410598431349113e-09,4.279508796193598e-08,3.7222746668094156e-09,2.14345111812536e-09,4.2838238360857806e-08
3159,3.3170299021176715,0.8183533929733144,0.37426896244792196,-5.467992936475941e-09,3.920135189912992e-09,3.7173460555742895e-08,5.472475811003369e-09,3.924499986947827e-09,3.720971303131487e-08
3160,3.3170299021176715,0.8183533929733144,0.29941516995833756,-3.2978349816815716e-09,2.3516061900616064e-09,3.72001738298865e-08,3.3005395403733077e-09,2.3542310304382348e-09,3.7236462286118947e-08
3161,3.3979330704620048,1.2275300894599717,0.37426896244792196,-4.6583869589277665e-09,4.376108589697064e-09,3.023942571047735e-08,4.661907679730067e-09,4.3809896752258345e-09,3.026731153327704e-08
3162,3.074320397084671,0.0,0.07485379248958439,3.909957692243298e-09,-1.991576208306985e-09,4.445843538853187e-08,3.913498123956747e-09,1.9937784141993196e-09,4.450471900743072e-08
3163,3.3979330704620048,1.2275300894599717,0.29941516995833756,-2.8158207343778725e-09,2.6206972980083425e-09,3.0256062005516537e-08,2.8179549790694115e-09,2.6236268949552176e-09,3.02839700040183e-08
3164,3.478836238806338,1.6367067859466289,0.37426896244792196,-3.7546440939821215e-09,4.8026911075438525e-09,2.1837074771299565e-08,3.757107385749256e-09,4.8080517606440715e-09,2.185499736357485e-08
3165,3.1552235654290044,0.4091766964866572,0.07485379248958439,3.6838277797800698e-09,-2.0699788087997537e-09,4.011061105385429e-08,3.6870669363119397e-09,2.0722543355449773e-09,4.015144951706006e-08
3166,3.478836238806338,1.6367067859466289,0.29941516995833756,-2.2748592311285083e-09,2.867937176564467e-09,2.1840233977676636e-08,2.276360997502924e-09,2.871144354383025e-09,2.1858161097986884e-08
3167,3.559739407150672,2.045883482433286,0.37426896244792196,-2.772701761116607e-09,5.0950966178392456e-09,1.2099180858548856e-08,2.7740702374595608e-09,5.100774005033096e-09,1.2106012597953851e-08
3168,3.2361267337733377,0.8183533929733144,0.07485379248958439,3.221338748512631e-09,-2.255128377893664e-09,3.483656799196009e-08,3.224007780669837e-09,2.2576050846088783e-09,3.487093161910992e-08
3169,3.559739407150672,2.045883482433286,0.29941516995833756,-1.6830277569636488e-09,3.030120205129412e-09,1.2087575089153226e-08,1.6838686746962842e-09,3.0335020310538257e-09,1.2094394106641698e-08
3170,3.640642575495005,2.4550601789199433,0.37426896244792196,-1.7481066605319475e-09,5.17844074533225e-09,1.353981532502371e-09,1.748483155355593e-09,5.184183127799398e-09,1.359258239258966e-09
3171,3.3170299021176715,1.2275300894599717,0.07485379248958439,2.704892890261607e-09,-2.511996116463474e-09,2.8247420426287363e-08,2.70693449831865e-09,2.51476071816113e-09,2.82738311812359e-08
3172,3.640642575495005,2.4550601789199433,0.29941516995833756,-1.0591413633597963e-09,3.060925581208314e-09,1.3288315905031271e-09,1.0593754600278571e-09,3.0643250267572616e-09,1.3343205824014355e-09
3173,3.7215457438393384,2.8642368754066005,0.37426896244792196,-7.2642619896432e-10,5.006623865887831e-09,-9.948962865365092e-09,7.265642688964977e-10,5.01212838817116e-09,9.971605430687942e-09
3174,3.3979330704620048,1.6367067859466289,0.07485379248958439,2.141544563765301e-09,-2.7684242625486537e-09,2.0228414295135115e-08,2.142921140051413e-09,2.771475504485379e-09,2.02453089229705e-08
3175,3.7215457438393384,2.8642368754066005,0.29941516995833756,-4.2748883930488533e-10,2.9313590954825055e-09,-9.983910619023935e-09,4.2758086429435296e-10,2.9345882352742554e-09,1.0006590704902084e-08
3176,3.802448912183672,3.2734135718932578,0.37426896244792196,2.440293880512306e-10,4.569398217915146e-09,-2.1292318928156855e-08,2.5172633550330645e-10,4.574353625628514e-09,2.132745081542684e-08
3177,3.478836238806338,2.045883482433286,0.07485379248958439,1.5409766781536678e-09,-2.963077477100783e-09,1.0905165732448521e-08,1.5416865069582295e-09,2.966337770815049e-09,1.0911417509949277e-08
3178,3.802448912183672,3.2734135718932578,0.29941516995833756,1.7590503847072497e-10,2.639056307663759e-09,-2.134822361176555e-08,1.8003652911563653e-10,2.6419269011970656e-09,2.138342134813108e-08
3179,3.559739407150672,2.4550601789199433,0.07485379248958439,9.2546986116835e-10,-3.051265274483106e-09,5.891228757984909e-10,9.256098807476637e-10,3.054603128293199e-09,6.045425136187746e-10
3180,3.640642575495005,3.682590268379915,0.0,-1.149057025758205e-09,-4.240679759632206e-09,-3.0930682925424515e-08,1.1540535582496344e-09,4.245088784581156e-09,3.0973313991544834e-08
3181,3.7215457438393384,3.682590268379915,0.07485379248958439,-6.894598179396984e-10,-2.5968620166447072e-09,-3.1444628165332204e-08,6.924938670281935e-10,2.599542801932422e-09,3.148902477051403e-08
3182,3.640642575495005,2.8642368754066005,0.07485379248958439,3.235308475810307e-10,-3.008920944737664e-09,-1.029506116483393e-08,3.238298093764208e-10,3.01217458935766e-09,1.0316641044138765e-08
3183,3.802448912183672,3.682590268379915,0.14970758497916878,-2.2572603702935324e-10,-9.174445086208364e-10,-3.1931659582540575e-08,2.267977382784229e-10,9.183528439392123e-10,3.19777988896001e-08
3184,3.1552235654290044,0.0,0.22456137746875315,-1.3221373166740153e-09,6.795851752509043e-10,4.748062168059482e-08,1.323257675972877e-09,6.803603231332899e-10,4.752962412203477e-08
3185,3.2361267337733377,0.4091766964866572,0.22456137746875315,-1.2622162324087416e-09,7.114436340322188e-10,4.2810617784790616e-08,1.2632845849592035e-09,7.122495020060804e-10,4.2853789632857196e-08
3186,3.3170299021176715,0.8183533929733144,0.22456137746875315,-1.129517020216887e-09,7.874683685446436e-10,3.7212402707572035e-08,1.1304402689802247e-09,7.883588482726611e-10,3.724870789925609e-08
3187,3.074320397084671,0.0,0.0,6.589038160364629e-09,-3.3056634065438434e-09,4.44364715370146e-08,6.594979224393577e-09,3.309323230869607e-09,4.4482719661419205e-08
3188,3.3979330704620048,1.2275300894599717,0.22456137746875315,-9.74740731142274e-10,8.766506278387823e-10,3.0262608727925694e-08,9.754855313154344e-10,8.776423672371635e-10,3.0290525799894836e-08
3189,3.1552235654290044,0.4091766964866572,0.0,6.175474675993667e-09,-3.4455176591894377e-09,4.008438987749277e-08,6.180885691657524e-09,3.449314335204282e-09,4.012518880215659e-08
3190,3.478836238806338,1.6367067859466289,0.22456137746875315,-7.974414004569773e-10,9.52706354791521e-10,2.1840294182413042e-08,7.979806200891177e-10,9.537834198997746e-10,2.185822196016017e-08
3191,3.2361267337733377,0.8183533929733144,0.0,5.403230705768291e-09,-3.767830462775491e-09,3.4809494262526496e-08,5.407698731486945e-09,3.771979043321101e-09,3.484381916924682e-08
3192,3.559739407150672,2.045883482433286,0.22456137746875315,-5.993529382557225e-10,9.95978091955778e-10,1.2081395079931943e-08,5.996700168102849e-10,9.97101846397019e-10,1.208820766088685e-08
3193,3.3170299021176715,1.2275300894599717,0.0,4.547758775816999e-09,-4.202654365830499e-09,2.8226325927373908e-08,4.551192330255116e-09,4.2072908059364214e-09,2.825270672490315e-08
3194,3.640642575495005,2.4550601789199433,0.22456137746875315,-3.85287298914384e-10,9.919851839485661e-10,1.31737051587744e-09,3.853905915577204e-10,9.931011435621153e-10,1.32295796605137e-09
3195,3.3979330704620048,1.6367067859466289,0.0,3.6127761894416806e-09,-4.631060103909778e-09,2.021824748501207e-08,3.6151082997424484e-09,4.6361758042570055e-09,2.023512702409056e-08
3196,3.7215457438393384,2.8642368754066005,0.22456137746875315,-1.6397730009108955e-10,9.315871711979086e-10,-1.0003333624186446e-08,1.6398813064041133e-10,9.326327487991916e-10,1.0026033391182034e-08
3197,3.478836238806338,2.045883482433286,0.0,2.6137448897441536e-09,-4.953291354378229e-09,1.0908201382495591e-08,2.614966959663874e-09,4.958754963672026e-09,1.0914455192419095e-08
3198,3.802448912183672,3.2734135718932578,0.22456137746875315,4.742606339665758e-11,8.160396984216167e-10,-2.1390905658358306e-08,4.891841648288033e-11,8.169554340282625e-10,2.1426152322030116e-08
3199,3.640642575495005,3.2734135718932578,0.0,-3.623551910758174e-10,-4.665523568151528e-09,-2.1117723388674338e-08,3.686888756013568e-10,4.670495961128469e-09,2.1150195996787985e-08
3200,3.559739407150672,2.4550601789199433,0.0,1.586897829138644e-09,-5.098434390536062e-09,6.045579707317467e-10,1.5871593290249005e-09,5.104028976046477e-09,6.194285497590569e-10
3201,3.7215457438393384,3.2734135718932578,0.07485379248958439,-2.3148417894932394e-10,-2.836831482379589e-09,-2.1278907342888312e-08,2.3520778022003154e-10,2.8398392083094848e-09,2.1312786963640732e-08
3202,3.1552235654290044,0.0,0.14970758497916878,1.267052043108001e-09,-6.97136868525265e-10,4.748445163151222e-08,1.2682243717106585e-09,6.978967748491549e-10,4.7533458649158295e-08
3203,3.2361267337733377,0.4091766964866572,0.14970758497916878,1.1917427937149706e-09,-7.188091425300949e-10,4.281291276364372e-08,1.1928001908668548e-09,7.195895378768949e-10,4.285608714304955e-08
3204,3.3170299021176715,0.8183533929733144,0.14970758497916878,1.0379514145672325e-09,-7.757160516352954e-10,3.721204758482989e-08,1.0388102443756234e-09,7.76558953711993e-10,3.724835210913679e-08
3205,3.3979330704620048,1.2275300894599717,0.14970758497916878,8.65495048037127e-10,-8.63884975477083e-10,3.026044153553029e-08,8.661402660363422e-10,8.648271794856786e-10,3.028835570710488e-08
3206,3.478836238806338,1.6367067859466289,0.14970758497916878,6.781510852542853e-10,-9.558977462933e-10,2.1837601655346855e-08,6.785740762560638e-10,9.56943026877712e-10,2.1855526026654173e-08
3207,3.559739407150672,2.045883482433286,0.14970758497916878,4.796061216787426e-10,-1.0273057249359141e-09,1.2078823528118261e-08,4.798108389779779e-10,1.0284269016794723e-09,1.2085633382114584e-08
3208,3.640642575495005,2.4550601789199433,0.14970758497916878,2.7789151211783633e-10,-1.0597959805292958e-09,1.313679561789076e-09,2.7791931911860765e-10,1.0609427276752064e-09,1.3192983730983497e-09
3209,3.7215457438393384,2.8642368754066005,0.14970758497916878,8.159204129846005e-11,-1.0427658338515425e-09,-1.0013588522502711e-08,8.180928867001401e-11,1.0438735811505613e-09,1.0036297874872424e-08
3210,3.7215457438393384,4.500943661353229,0.0,-1.7953577460968776e-09,-3.80885360074893e-09,-4.854221188203536e-08,1.8009371393858478e-09,3.812669653350269e-09,4.860391483183499e-08
3211,3.7215457438393384,4.091766964866572,0.0,-1.6670498682562447e-09,-3.953842416484698e-09,-4.0409397252474296e-08,1.6724112067143555e-09,3.957854721962996e-09,4.04629432079511e-08
3212,3.802448912183672,4.500943661353229,0.07485379248958439,-1.0104647959899205e-09,-2.328993583418971e-09,-4.940280950042853e-08,1.0138687386826242e-09,2.3312899629775172e-09,4.946665139987541e-08
3213,3.802448912183672,4.091766964866572,0.07485379248958439,-9.857724791992138e-10,-2.3980998243863294e-09,-4.1165260487612617e-08,9.8903958375003e-10,2.4004983470456566e-09,4.122083896295536e-08
3214,3.640642575495005,2.8642368754066005,0.0,5.793552059911225e-10,-5.029304588658021e-09,-1.0271467767489774e-08,5.79746143974019e-10,5.03476683871438e-09,1.0293020345678675e-08
3215,3.802448912183672,3.2734135718932578,0.14970758497916878,-9.874855977429153e-11,-9.761830906623905e-10,-2.1412967088627225e-08,9.991322890903039e-11,9.771864815473696e-10,2.1448238181371907e-08
3216,3.2361267337733377,0.0,0.37426896244792196,-6.470719915012956e-09,3.550965830980596e-09,5.0389509707876064e-08,6.476354193106696e-09,3.5549438519906893e-09,5.044107274090328e-08
3217,3.2361267337733377,0.0,0.29941516995833756,-3.869641183633068e-09,2.1320211411116178e-09,5.042351378561925e-08,3.872987316167406e-09,2.13441950502847e-09,5.047512349610474e-08
3218,3.3170299021176715,0.4091766964866572,0.37426896244792196,-6.119300798679464e-09,3.6971035322993534e-09,4.5420614873163354e-08,6.1245334007054994e-09,3.701233195000544e-09,4.5465995884576174e-08
3219,3.3170299021176715,0.4091766964866572,0.29941516995833756,-3.6827169607130826e-09,2.219287381404795e-09,4.545167465770966e-08,3.685858031541633e-09,2.2217740510692103e-09,4.549709697848294e-08
3220,3.3979330704620048,0.8183533929733144,0.37426896244792196,-5.4451455317820826e-09,4.061949885296213e-09,3.951943639229883e-08,5.449586958084129e-09,4.0664899620920005e-09,3.9557589628037304e-08
3221,3.3979330704620048,0.8183533929733144,0.29941516995833756,-3.286337512243806e-09,2.4368993778716786e-09,3.9545879252280776e-08,3.2890192752323323e-09,2.4396305956612362e-09,3.958406667281962e-08
3222,3.478836238806338,1.2275300894599717,0.37426896244792196,-4.664345110820782e-09,4.532210005446663e-09,3.223739875688131e-08,4.667861827007337e-09,4.537285462636852e-09,3.226676796421022e-08
3223,3.1552235654290044,0.0,0.07485379248958439,3.868673290552415e-09,-2.071408872336148e-09,4.747583155010826e-08,3.872149897504914e-09,2.073699683704578e-09,4.752482432185442e-08
3224,3.478836238806338,1.2275300894599717,0.29941516995833756,-2.8208664460051293e-09,2.7122266304103055e-09,3.2253618892252e-08,2.822999407830514e-09,2.715271066928768e-09,3.2283008347016846e-08
3225,3.559739407150672,1.6367067859466289,0.37426896244792196,-3.778164357226659e-09,4.961633368531094e-09,2.344407458032663e-08,3.780647552575206e-09,4.967191328692314e-09,2.346302557434473e-08
3226,3.2361267337733377,0.4091766964866572,0.07485379248958439,3.6477389300427703e-09,-2.1487791352003862e-09,4.280183639069924e-08,3.650922483560705e-09,2.1511452095702862e-09,4.2844994112922696e-08
3227,3.559739407150672,1.6367067859466289,0.29941516995833756,-2.2886676903325286e-09,2.957239453166086e-09,2.344658601332025e-08,2.2901803519703345e-09,2.960558125805077e-09,2.3465539631793106e-08
3228,3.640642575495005,2.045883482433286,0.37426896244792196,-2.8055386388872344e-09,5.233137883489698e-09,1.3283078855000654e-08,2.8069382212341383e-09,5.238986067530012e-09,1.3290481344325596e-08
3229,3.3170299021176715,0.8183533929733144,0.07485379248958439,3.2056162498228663e-09,-2.3416611566060814e-09,3.719892472271799e-08,3.208255579042864e-09,2.344240653015835e-09,3.7235210892843205e-08
3230,3.640642575495005,2.045883482433286,0.29941516995833756,-1.6987439112890594e-09,3.1003458302044044e-09,1.3270640041295518e-08,1.699598559049079e-09,3.1038150251133194e-09,1.3278028223110793e-08
3231,3.7215457438393384,2.4550601789199433,0.37426896244792196,-1.7830338922537348e-09,5.256409099530053e-09,2.1037647106860366e-09,1.7834374716802266e-09,5.26224883027226e-09,2.1063492741596606e-09
3232,3.3979330704620048,1.2275300894599717,0.07485379248958439,2.7057278007549897e-09,-2.609344366081468e-09,3.024924126472598e-08,2.7077612862502335e-09,2.6122262265045164e-09,3.027714013036181e-08
3233,3.7215457438393384,2.4550601789199433,0.29941516995833756,-1.069388559703657e-09,3.0854421381382692e-09,2.0775841266548516e-09,1.0696297521876684e-09,3.0888733188011785e-09,2.0802675557511928e-09
3234,3.802448912183672,2.8642368754066005,0.37426896244792196,-7.532122508446311e-10,4.962562560266939e-09,-9.604616775494431e-09,7.533223593947858e-10,4.968017262259281e-09,9.628396540356523e-09
3235,3.478836238806338,1.6367067859466289,0.07485379248958439,2.1532453769727364e-09,-2.8719846097641467e-09,2.1831347127081816e-08,2.1546283340548847e-09,2.875160879209753e-09,2.1849263032600224e-08
3236,3.802448912183672,2.8642368754066005,0.29941516995833756,-4.3239117090695694e-10,2.8747443520734218e-09,-9.65821526686969e-09,4.3247787984322054e-10,2.8779074651611586e-09,9.682048997999961e-09
3237,3.559739407150672,2.045883482433286,0.07485379248958439,1.557384561003849e-09,-3.061802865086978e-09,1.207834500054536e-08,1.5581071313312644e-09,3.0651821971252043e-09,1.208515413027157e-08
3238,3.640642575495005,2.4550601789199433,0.07485379248958439,9.398756382840687e-10,-3.128478337421028e-09,1.3166957633973536e-09,9.400241397620667e-10,3.131908122434312e-09,1.3222870126377153e-09
3239,3.7215457438393384,3.682590268379915,0.0,-1.1324389738982802e-09,-4.3155553150789724e-09,-3.1415610089328475e-08,1.1374409263830917e-09,4.320048633521101e-09,3.1459969221256724e-08
3240,3.802448912183672,3.682590268379915,0.07485379248958439,-6.945170030607757e-10,-2.573640587337472e-09,-3.1927799949442816e-08,6.975584433752774e-10,2.5762873497803753e-09,3.197393276155874e-08
3241,3.7215457438393384,2.8642368754066005,0.07485379248958439,3.2881893025270554e-10,-3.0417335040817602e-09,-1.0012368534948079e-08,3.291053844011152e-10,3.045024082614927e-09,1.003507499112953e-08
3242,3.2361267337733377,0.0,0.22456137746875315,-1.3006337341715038e-09,7.070418882643768e-10,5.044048195223083e-08,1.3017235778168387e-09,7.078511884163782e-10,5.049211494951881e-08
3243,3.3170299021176715,0.4091766964866572,0.22456137746875315,-1.2500430610543361e-09,7.395559026205076e-10,4.5467026510868964e-08,1.2510927788498505e-09,7.40397861191951e-10,4.551246923607172e-08
3244,3.3979330704620048,0.8183533929733144,0.22456137746875315,-1.1264965148022638e-09,8.173745825651526e-10,3.9557995780743055e-08,1.127412858715416e-09,8.183040491657618e-10,3.959619896559452e-08
3245,3.1552235654290044,0.0,0.0,6.509115103931625e-09,-3.4384398184347174e-09,4.745265026872748e-08,6.514936355615414e-09,3.442249954891438e-09,4.7501607691802025e-08
3246,3.478836238806338,1.2275300894599717,0.22456137746875315,-9.768204665386457e-10,9.073535732894737e-10,3.226023803124081e-08,9.775650833117435e-10,9.083853625874244e-10,3.2289635879352084e-08
3247,3.2361267337733377,0.4091766964866572,0.0,6.110569794036249e-09,-3.577987865245097e-09,4.2774536176397115e-08,6.115882652918775e-09,3.5819390319831417e-09,4.28176547164077e-08
3248,3.559739407150672,1.6367067859466289,0.22456137746875315,-8.011903429847128e-10,9.811566266467943e-10,2.344701564718856e-08,8.017320971359601e-10,9.82270378651282e-10,2.346596979443989e-08
3249,3.3170299021176715,0.8183533929733144,0.0,5.374445127496029e-09,-3.914010943361214e-09,3.7170832882690436e-08,5.378861185556742e-09,3.918334999714824e-09,3.72070807200137e-08
3250,3.640642575495005,2.045883482433286,0.22456137746875315,-6.020295977078458e-10,1.0163271350093454e-09,1.3264773661608386e-08,6.023483968715441e-10,1.017477080930575e-09,1.327215541206323e-08
3251,3.3979330704620048,1.2275300894599717,0.0,4.546971201240305e-09,-4.3675698077923375e-09,3.0227180171985985e-08,4.5503894423978084e-09,4.372406636946641e-09,3.0255049577057985e-08
3252,3.7215457438393384,2.4550601789199433,0.22456137746875315,-3.8618016718361756e-10,9.950922552036431e-10,2.0617034975411716e-09,3.8628373659727597e-10,9.962137366934908e-10,2.0644476410576617e-09
3253,3.478836238806338,1.6367067859466289,0.0,3.629716225720658e-09,-4.808340017556508e-09,2.1819971895952624e-08,3.632057283391784e-09,4.8136714504250985e-09,2.183787297598927e-08
3254,3.802448912183672,2.8642368754066005,0.22456137746875315,-1.703682477315886e-10,9.071266862101708e-10,-9.701555894249287e-09,1.7037551776521902e-10,9.081451690478957e-10,9.725431693990599e-09
3255,3.559739407150672,2.045883482433286,0.0,2.6381861401460778e-09,-5.1272694231390476e-09,1.2079250162529644e-08,2.6394276511144806e-09,5.132944423527611e-09,1.2086060284423531e-08
3256,3.7215457438393384,3.2734135718932578,0.0,-3.507015430224588e-10,-4.7477971924880945e-09,-2.1253870918923146e-08,3.5715174870529105e-10,4.752865283539453e-09,2.1287718145962902e-08
3257,3.640642575495005,2.4550601789199433,0.0,1.608974308116348e-09,-5.245245768294113e-09,1.3279132887451436e-09,1.6092496922587063e-09,5.251017327732418e-09,1.3334047584652215e-09
3258,3.802448912183672,3.2734135718932578,0.07485379248958439,-2.396665801561277e-10,-2.798830511294405e-09,-2.1416335235524508e-08,2.433456303895281e-10,2.801788525029303e-09,2.1451608507833174e-08
3259,3.2361267337733377,0.0,0.14970758497916878,1.258061989269795e-09,-7.19504409303328e-10,5.044417641411188e-08,1.2592201769047268e-09,7.202869987905444e-10,5.049581367932577e-08
3260,3.3170299021176715,0.4091766964866572,0.14970758497916878,1.181066714106288e-09,-7.408254445295251e-10,4.5469236152512846e-08,1.1821084572901097e-09,7.416290725763663e-10,4.5514681199810746e-08
3261,3.3979330704620048,0.8183533929733144,0.14970758497916878,1.033361958648344e-09,-8.007572472745467e-10,3.955765936982254e-08,1.0342126020323595e-09,8.0162806329421e-10,3.9595861789441845e-08
3262,3.478836238806338,1.2275300894599717,0.14970758497916878,8.666516313620931e-10,-8.926373507815623e-10,3.2258275729226164e-08,8.672959687866178e-10,8.936125929756544e-10,3.2287670863390846e-08
3263,3.559739407150672,1.6367067859466289,0.14970758497916878,6.834021777942108e-10,-9.85173421873717e-10,2.3444464669306182e-08,6.838294000144582e-10,9.86252902537236e-10,2.3463415630790812e-08
3264,3.640642575495005,2.045883482433286,0.14970758497916878,4.861972923067148e-10,-1.0508104405496296e-09,1.3260605945396291e-08,4.864077398484588e-10,1.0519591178115549e-09,1.3267983301300414e-08
3265,3.7215457438393384,2.4550601789199433,0.14970758497916878,2.807727205982784e-10,-1.0686034068751274e-09,2.050226451624457e-09,2.8080188081446245e-10,1.0697591837832622e-09,2.0530146161514645e-09
3266,3.802448912183672,2.8642368754066005,0.14970758497916878,7.41670431863283e-11,-1.0257814802346442e-09,-9.727570086248112e-09,7.443861788139546e-11,1.0268660648693362e-09,9.751470285807932e-09
3267,3.802448912183672,4.500943661353229,0.0,-1.773773421342135e-09,-3.819456324137424e-09,-4.938031243815593e-08,1.7793382146629514e-09,3.823273068702182e-09,4.944412565774983e-08
3268,3.802448912183672,4.091766964866572,0.0,-1.6533493474642734e-09,-3.968651132110526e-09,-4.114133146117861e-08,1.6587043293680401e-09,3.972671630092803e-09,4.1196878599821944e-08
3269,3.7215457438393384,2.8642368754066005,0.0,5.920327412276086e-10,-5.115140451636843e-09,-9.996074422844963e-09,5.923962106987633e-10,5.120704312239822e-09,1.0018760654406956e-08
3270,3.3170299021176715,0.0,0.37426896244792196,-6.377986016464826e-09,3.6651704269040116e-09,5.329132120307481e-08,6.383494046936971e-09,3.6692823172110923e-09,5.334544101785677e-08
3271,3.3170299021176715,0.0,0.29941516995833756,-3.816990195285282e-09,2.202129130016466e-09,5.332454008772855e-08,3.820263577399705e-09,2.204610090493801e-09,5.3378703957817835e-08
3272,3.3979330704620048,0.4091766964866572,0.37426896244792196,-6.060013516912998e-09,3.814849490053572e-09,4.8044993269536464e-08,6.0651624729293206e-09,3.819122058071327e-09,4.809260424309094e-08
3273,3.3979330704620048,0.4091766964866572,0.29941516995833756,-3.6495835130397538e-09,2.2911717236160183e-09,4.8074874647094226e-08,3.6526768447793754e-09,2.2937467055778162e-09,4.8122524120016476e-08
3274,3.478836238806338,0.8183533929733144,0.37426896244792196,-5.429177149393918e-09,4.192835444615521e-09,4.185220374499695e-08,5.433588740693217e-09,4.197538138588621e-09,4.189223831112424e-08
3275,3.478836238806338,0.8183533929733144,0.29941516995833756,-3.2786632659379735e-09,2.514666219870167e-09,4.187735757940853e-08,3.281329015297567e-09,2.517495196163885e-09,4.191742344163508e-08
3276,3.559739407150672,1.2275300894599717,0.37426896244792196,-4.677192126014809e-09,4.67202633463095e-09,3.42348378003764e-08,4.680715949402495e-09,4.677275903715443e-09,3.426568858038333e-08
3277,3.2361267337733377,0.0,0.07485379248958439,3.827198625557608e-09,-2.1432441772845076e-09,5.0435354078116087e-08,3.83061399487007e-09,2.145614247390668e-09,5.048697752029804e-08
3278,3.559739407150672,1.2275300894599717,0.29941516995833756,-2.8290666657201872e-09,2.7914726267149204e-09,3.424953517316967e-08,2.8312039593186536e-09,2.794616646719316e-09,3.4280403211579486e-08
3279,3.640642575495005,1.6367067859466289,0.37426896244792196,-3.8082227072549405e-09,5.089500738544349e-09,2.505926656582764e-08,3.810735593711018e-09,5.0952172784753394e-09,2.5079257260536672e-08
3280,3.3170299021176715,0.4091766964866572,0.07485379248958439,3.6129020308416202e-09,-2.2208301613787396e-09,4.545813624825598e-08,3.6160342039865267e-09,2.2232787525548633e-09,4.550356526152599e-08
3281,3.640642575495005,1.6367067859466289,0.29941516995833756,-2.3038948128713736e-09,3.0226980648695527e-09,2.5059904347790646e-08,2.3054214618427086e-09,3.0260984758905013e-09,2.5079894673410946e-08
3282,3.7215457438393384,2.045883482433286,0.37426896244792196,-2.844299183411467e-09,5.307739736424759e-09,1.448468900750608e-08,2.8457377534561697e-09,5.313680875384362e-09,1.4492682973981716e-08
3283,3.3979330704620048,0.8183533929733144,0.07485379248958439,3.192351407708544e-09,-2.422128617469501e-09,3.9544564058299347e-08,3.1949663744681e-09,2.424803502174478e-09,3.9582748775331195e-08
3284,3.7215457438393384,2.045883482433286,0.29941516995833756,-1.7126909331952862e-09,3.1239335791387596e-09,1.4470033132179818e-08,1.7135584805982403e-09,3.127432780878158e-09,1.4478010004845414e-08
3285,3.802448912183672,2.4550601789199433,0.37426896244792196,-1.8190611011590005e-09,5.203424962160824e-09,2.897383397259225e-09,1.819493708623723e-09,5.20920273500822e-09,2.898682095635811e-09
3286,3.478836238806338,1.2275300894599717,0.07485379248958439,2.7089087353337547e-09,-2.699020308000786e-09,3.224710690042964e-08,2.710939087089987e-09,2.702010039015395e-09,3.2276487423364786e-08
3287,3.802448912183672,2.4550601789199433,0.29941516995833756,-1.0803181920495282e-09,3.0250800805541515e-09,2.852171484413347e-09,1.0805676132199643e-09,3.028439193764127e-09,2.8535602016011184e-09
3288,3.559739407150672,1.6367067859466289,0.07485379248958439,2.1659107682665557e-09,-2.9622349963797423e-09,2.3437624392188147e-08,2.167303256468546e-09,2.9655203248093274e-09,2.3456566882504533e-08
3289,3.640642575495005,2.045883482433286,0.07485379248958439,1.571890821316222e-09,-3.135328321011046e-09,1.3257118348318676e-08,1.5726256611178391e-09,3.1387964482024543e-09,1.3264492204062294e-08
3290,3.7215457438393384,2.4550601789199433,0.07485379248958439,9.476519879712522e-10,-3.158943334238305e-09,2.0453491890378364e-09,9.47804913082311e-10,3.1624086686116478e-09,2.048155323541937e-09
3291,3.802448912183672,3.682590268379915,0.0,-1.1268050151566488e-09,-4.3127409526733795e-09,-3.19073842135215e-08,1.13181276742423e-09,4.317225463780871e-09,3.1953489240989174e-08
3292,3.802448912183672,2.8642368754066005,0.07485379248958439,3.2208935050615727e-10,-2.9934323131763494e-09,-9.738478924202965e-09,3.223985616067989e-10,2.99666187098824e-09,9.762388083695401e-09
3293,3.3170299021176715,0.0,0.22456137746875315,-1.2800768232154643e-09,7.326759784773986e-10,5.3340871721593095e-08,1.2811385506514311e-09,7.335170439357656e-10,5.339505722693866e-08
3294,3.3979330704620048,0.4091766964866572,0.22456137746875315,-1.238985727159013e-09,7.658784213191094e-10,4.8089530221696764e-08,1.2400192306009297e-09,7.667546170644016e-10,4.8137198491800934e-08
3295,3.478836238806338,0.8183533929733144,0.22456137746875315,-1.124486228419726e-09,8.447011237581225e-10,4.188895032464686e-08,1.125397720074797e-09,8.456667785393385e-10,4.192903054983874e-08
3296,3.2361267337733377,0.0,0.0,6.4284038327343015e-09,-3.558717148138886e-09,5.041177533870069e-08,6.4341092025021155e-09,3.562662778008085e-09,5.046336440528646e-08
3297,3.559739407150672,1.2275300894599717,0.22456137746875315,-9.792760371059644e-10,9.335733033551435e-10,3.4255878247960954e-08,9.800215991648743e-10,9.34639463962665e-10,3.428675370737123e-08
3298,3.3170299021176715,0.4091766964866572,0.0,6.047550504622811e-09,-3.6998587496799246e-09,4.5430665095816745e-08,6.052772000848736e-09,3.703951771327709e-09,4.5476056163388004e-08
3299,3.640642575495005,1.6367067859466289,0.22456137746875315,-8.043722580680582e-10,1.000903015260803e-09,2.5059975686297903e-08,8.049163908357788e-10,1.0020422993292484e-09,2.5079965677295144e-08
3300,3.3979330704620048,0.8183533929733144,0.0,5.349565070479301e-09,-4.05107878024719e-09,3.9516335129714763e-08,5.3539377011216324e-09,4.0555672881045185e-09,3.955448266210813e-08
3301,3.7215457438393384,2.045883482433286,0.22456137746875315,-6.046845848031142e-10,1.020118455703006e-09,1.4459449094627356e-08,6.050054953001745e-10,1.0212739625006571e-09,1.4467414145757586e-08
3302,3.478836238806338,1.2275300894599717,0.0,4.549596029418501e-09,-4.521937751416588e-09,3.222476112675224e-08,4.5530066786127415e-09,4.52696202401113e-09,3.225411319010068e-08
3303,3.802448912183672,2.4550601789199433,0.22456137746875315,-3.948822934608646e-10,9.70219796163987e-10,2.8126623279569937e-09,3.9499329307289814e-10,9.713122910426943e-10,2.814132747740069e-09
3304,3.559739407150672,1.6367067859466289,0.0,3.6476395555279226e-09,-4.9683701896270285e-09,2.34252081564141e-08,3.649994063095061e-09,4.973896528429981e-09,2.3444135881619805e-08
3305,3.640642575495005,2.045883482433286,0.0,2.659999924693891e-09,-5.268786892227271e-09,1.3255078629519818e-08,2.661260555103528e-09,5.274634233969587e-09,1.3262451145119389e-08
3306,3.802448912183672,3.2734135718932578,0.0,-3.469374536968683e-10,-4.729354635685209e-09,-2.1403682692301586e-08,3.534349252715946e-10,4.7343976995375215e-09,2.1438937641133115e-08
3307,3.7215457438393384,2.4550601789199433,0.0,1.6254982208102955e-09,-5.3295996011842945e-09,2.050186977629729e-09,1.625784517776135e-09,5.335472810515634e-09,2.052971641643611e-09
3308,3.3170299021176715,0.0,0.14970758497916878,1.249465955546886e-09,-7.383957671651548e-10,5.334432541435713e-08,1.2506110487802939e-09,7.391972508418689e-10,5.339851474764997e-08
3309,3.3979330704620048,0.4091766964866572,0.14970758497916878,1.1714451675670888e-09,-7.598819743712513e-10,4.8091637967018736e-08,1.1724731200629026e-09,7.60705301301955e-10,4.813930830249873e-08
3310,3.478836238806338,0.8183533929733144,0.14970758497916878,1.030372831386415e-09,-8.228797153175328e-10,4.188869013486822e-08,1.0312177783533838e-09,8.23774788434914e-10,4.1928769532710065e-08
3311,3.559739407150672,1.2275300894599717,0.14970758497916878,8.694593679626462e-10,-9.167865004491934e-10,3.425398014064533e-08,8.701053289496777e-10,9.177893167497939e-10,3.4284852892849646e-08
3312,3.640642575495005,1.6367067859466289,0.14970758497916878,6.893120112924758e-10,-1.0055962785227174e-09,2.5055977514393056e-08,6.897447412153234e-10,1.0066995612690245e-09,2.507596262135072e-08
3313,3.7215457438393384,2.045883482433286,0.14970758497916878,4.898609616144121e-10,-1.0576493614784985e-09,1.4447944254137937e-08,4.900744586077411e-10,1.0588055978956027e-09,1.4455896939189153e-08
3314,3.802448912183672,2.4550601789199433,0.14970758497916878,2.7438726985789157e-10,-1.048797651743727e-09,2.7850578740309017e-09,2.7441233236289935e-10,1.0499280208983316e-09,2.7865871272072416e-09
3315,3.802448912183672,2.8642368754066005,0.0,5.997198531963407e-10,-5.082366892778545e-09,-9.737037038098336e-09,6.000678371322952e-10,5.087889620936494e-09,9.760940894113149e-09
3316,3.3979330704620048,0.0,0.37426896244792196,-6.2915057279998005e-09,3.766431110356153e-09,5.6135443415838165e-08,6.29689980448016e-09,3.77066229964851e-09,5.619204666110982e-08
3317,3.3979330704620048,0.0,0.29941516995833756,-3.768729594409345e-09,2.264336824005553e-09,5.616661696593074e-08,3.771938369518254e-09,2.266891606756976e-09,5.622326025510227e-08
3318,3.478836238806338,0.4091766964866572,0.37426896244792196,-6.009228074051003e-09,3.920345199670153e-09,5.063998424882222e-08,6.014307518455928e-09,3.924747215248079e-09,5.0689786561085606e-08
3319,3.478836238806338,0.4091766964866572,0.29941516995833756,-3.621620429370923e-09,2.3552812917203635e-09,5.0667565477320606e-08,3.624674670225644e-09,2.357936175665303e-09,5.07174022297396e-08
3320,3.559739407150672,0.8183533929733144,0.37426896244792196,-5.4229864158121395e-09,4.308273171119518e-09,4.417582459058356e-08,5.427382897524326e-09,4.313120218382646e-09,4.4217726641822386e-08
3321,3.559739407150672,0.8183533929733144,0.29941516995833756,-3.2762334908477873e-09,2.5812959602166394e-09,4.4198531597860316e-08,3.2788913933638104e-09,2.5842095192058136e-09,4.4240460790151296e-08
3322,3.640642575495005,1.2275300894599717,0.37426896244792196,-4.6998489769883306e-09,4.783404473212424e-09,3.6236413653477485e-08,4.703393895953501e-09,4.78879292111909e-09,3.6268750576697285e-08
3323,3.3170299021176715,0.0,0.07485379248958439,3.7873213524968514e-09,-2.2064067538020176e-09,5.333571105537605e-08,3.790679866055039e-09,2.208846236577388e-09,5.33898873929243e-08
3324,3.640642575495005,1.2275300894599717,0.29941516995833756,-2.8412044848167225e-09,2.849204912279734e-09,3.62483064691882e-08,2.843352256386627e-09,2.852421830683727e-09,3.628065639221004e-08
3325,3.7215457438393384,1.6367067859466289,0.37426896244792196,-3.847812756063344e-09,5.1567071498366786e-09,2.6690696332392702e-08,3.85036775721721e-09,5.16250760831103e-09,2.6711747457161843e-08
3326,3.3979330704620048,0.4091766964866572,0.07485379248958439,3.581216603838228e-09,-2.285351540214656e-09,4.8080987956908286e-08,3.5843034649537e-09,2.2878738926246743e-09,4.8128643340452455e-08
3327,3.7215457438393384,1.6367067859466289,0.29941516995833756,-2.3202549145792387e-09,3.044114209002368e-09,2.6688078064510822e-08,2.3217978958987183e-09,3.047542019782093e-09,2.670912451178703e-08
3328,3.802448912183672,2.045883482433286,0.37426896244792196,-2.8879947780991194e-09,5.2486462525287855e-09,1.5729882945407474e-08,2.8894784455090025e-09,5.254517130294645e-09,1.573851701072913e-08
3329,3.478836238806338,0.8183533929733144,0.07485379248958439,3.1831605846769765e-09,-2.494750413774699e-09,4.1876065966900525e-08,3.1857580280494726e-09,2.497511207248631e-09,4.191612871828925e-08
3330,3.802448912183672,2.045883482433286,0.29941516995833756,-1.7294360407497841e-09,3.063260385228071e-09,1.569688835811775e-08,1.7303201530530135e-09,3.0666862480204707e-09,1.5705485293865812e-08
3331,3.559739407150672,1.2275300894599717,0.07485379248958439,2.7154806849221034e-09,-2.7763365629685865e-09,3.424281351089949e-08,2.7175136907759254e-09,2.7794191635100296e-09,3.427367218063849e-08
3332,3.640642575495005,1.6367067859466289,0.07485379248958439,2.179517275636499e-09,-3.0285240177598906e-09,2.5047004596973562e-08,2.1809218893506896e-09,3.031889474680322e-09,2.5066979211776202e-08
3333,3.7215457438393384,2.045883482433286,0.07485379248958439,1.582700820486813e-09,-3.1621179092627056e-09,1.4437424760254637e-08,1.5834450274909192e-09,3.1656182207179506e-09,1.4445366591500773e-08
3334,3.802448912183672,2.4550601789199433,0.07485379248958439,9.451248011526282e-10,-3.1040808743684945e-09,2.7669711438462167e-09,9.452749780307047e-10,3.1074783132271453e-09,2.7685394354840116e-09
3335,3.3979330704620048,0.0,0.22456137746875315,-1.2614113089369223e-09,7.560759121011002e-10,5.618162369910186e-08,1.2624483690828113e-09,7.569463300197194e-10,5.623828623524335e-08
3336,3.478836238806338,0.4091766964866572,0.22456137746875315,-1.2296710261294978e-09,7.898429868008014e-10,5.068096790047921e-08,1.2306914044226192e-09,7.907510613225684e-10,5.073082124096526e-08
3337,3.559739407150672,0.8183533929733144,0.22456137746875315,-1.1238010309857507e-09,8.680987446831954e-10,4.420911243732749e-08,1.1247099817042241e-09,8.6909597372611e-10,4.4251054105591426e-08
3338,3.3170299021176715,0.0,0.0,6.349944175215053e-09,-3.6654983447026056e-09,5.3312628521520677e-08,6.3555408101191205e-09,3.6695639352300163e-09,5.3366772397160624e-08
3339,3.640642575495005,1.2275300894599717,0.22456137746875315,-9.822127587454848e-10,9.519573394567167e-10,3.6253613580754966e-08,9.829603786632012e-10,9.530479650042464e-10,3.628596918517823e-08
3340,3.3979330704620048,0.4091766964866572,0.0,5.989581816746783e-09,-3.810099420416297e-09,4.805430481277585e-08,5.994721917119885e-09,3.8143207638244354e-09,4.810192447818222e-08
3341,3.7215457438393384,1.6367067859466289,0.22456137746875315,-8.084364765807186e-10,1.0049931922327451e-09,2.6683390960701314e-08,8.08984384661172e-10,1.0061384602745137e-09,2.6704431154680532e-08
3342,3.478836238806338,0.8183533929733144,0.0,5.331196870736277e-09,-4.176920050117724e-09,4.1848522985116324e-08,5.335537078160957e-09,4.181559476116826e-09,4.188855049928884e-08
3343,3.802448912183672,2.045883482433286,0.22456137746875315,-6.151753856247864e-10,9.95984647009298e-10,1.5664515742996945e-08,6.155072014606086e-10,9.97111294768893e-10,1.5673077096768818e-08
3344,3.559739407150672,1.2275300894599717,0.0,4.5573932333619174e-09,-4.660008096458274e-09,3.422056500801588e-08,4.56080535014208e-09,4.665199868202591e-09,3.425139644449328e-08
3345,3.640642575495005,1.6367067859466289,0.0,3.667676455057537e-09,-5.097290065309133e-09,2.503301780473643e-08,3.6700491955515582e-09,5.1029735595161125e-09,2.5052976720819905e-08
3346,3.7215457438393384,2.045883482433286,0.0,2.6809241262624753e-09,-5.3469567065698515e-09,1.4430290903332141e-08,2.6822043690059906e-09,5.3528995984992126e-09,1.4438226347111307e-08
3347,3.802448912183672,2.4550601789199433,0.0,1.6400417822653713e-09,-5.284079842866901e-09,2.7556962684656544e-09,1.6403379411817798e-09,5.28989779032646e-09,2.757288051083992e-09
3348,3.3979330704620048,0.0,0.14970758497916878,1.2417397710731615e-09,-7.535998165082724e-10,5.6184716893905645e-08,1.2428732558572507e-09,7.544160611306995e-10,5.6241382682141384e-08
3349,3.478836238806338,0.4091766964866572,0.14970758497916878,1.1635319087564866e-09,-7.755293507050504e-10,5.0682936861004766e-08,1.1645485630823623e-09,7.7636833414944e-10,5.0732791954945684e-08
3350,3.559739407150672,0.8183533929733144,0.14970758497916878,1.0295234614538827e-09,-8.407423911938154e-10,4.42087980331407e-08,1.0303657341991227e-09,8.416565940201411e-10,4.4250738661654386e-08
3351,3.640642575495005,1.2275300894599717,0.14970758497916878,8.73765829301809e-10,-9.330547387786397e-10,3.6250484168241184e-08,8.744156345090589e-10,9.340757598434683e-10,3.6282835526337385e-08
3352,3.7215457438393384,1.6367067859466289,0.14970758497916878,6.934904875899107e-10,-1.0105439298621746e-09,2.6672934822664907e-08,6.939271422386277e-10,1.011652396250386e-09,2.669396250169736e-08
3353,3.802448912183672,2.045883482433286,0.14970758497916878,4.853584732680819e-10,-1.03677784697073e-09,1.563762360701509e-08,4.855668018946159e-10,1.037907980535099e-09,1.5646155859296803e-08
3354,3.478836238806338,0.0,0.37426896244792196,-6.215363230440404e-09,3.853130637336943e-09,5.892333967159457e-08,6.220660016261708e-09,3.857465650726494e-09,5.898235772573431e-08
3355,3.478836238806338,0.0,0.29941516995833756,-3.727379272879026e-09,2.317420558702957e-09,5.895107718316681e-08,3.730534232858831e-09,2.32003972454755e-09,5.901012980205572e-08
3356,3.559739407150672,0.4091766964866572,0.37426896244792196,-5.9703903284148594e-09,4.010541542877097e-09,5.321005548817753e-08,5.975417991039942e-09,4.015056117095268e-09,5.3262017721169575e-08
3357,3.559739407150672,0.4091766964866572,0.29941516995833756,-3.6007739379982e-09,2.4092391452928654e-09,5.3234103269490224e-08,3.603799662741716e-09,2.4119627676632066e-09,5.328609456415706e-08
3358,3.640642575495005,0.8183533929733144,0.37426896244792196,-5.429403545163484e-09,4.398971264413334e-09,4.649585185036646e-08,5.433802654308469e-09,4.40393284313224e-09,4.653961585885723e-08
3359,3.640642575495005,0.8183533929733144,0.29941516995833756,-3.280141376903386e-09,2.62976661932312e-09,4.6514784727608026e-08,3.2828005462034623e-09,2.6327427602875342e-09,4.655857035374333e-08
3360,3.7215457438393384,1.2275300894599717,0.37426896244792196,-4.734817014472159e-09,4.840416998799261e-09,3.825039534701258e-08,4.738399396648799e-09,4.845877559059254e-09,3.828423413026724e-08
3361,3.3979330704620048,0.0,0.07485379248958439,3.750948113965758e-09,-2.2601193920041348e-09,5.6176749429359906e-08,3.754256129585454e-09,2.262617768980579e-09,5.6233403501423604e-08
3362,3.7215457438393384,1.2275300894599717,0.29941516995833756,-2.857177725617598e-09,2.8680248478220215e-09,3.825812736512105e-08,2.8593416213134263e-09,2.8712666974411047e-09,3.829197359402361e-08
3363,3.802448912183672,1.6367067859466289,0.37426896244792196,-3.895571775005974e-09,5.095654340206369e-09,2.836237936710523e-08,3.8981791165326285e-09,5.1013820457681786e-09,2.8384539762995044e-08
3364,3.478836238806338,0.4091766964866572,0.07485379248958439,3.554613167501576e-09,-2.341048421494681e-09,5.0673198817402944e-08,3.5576627402822924e-09,2.343634437312328e-09,5.072304050646882e-08
3365,3.802448912183672,1.6367067859466289,0.29941516995833756,-2.3412544568533148e-09,2.9869039641905644e-09,2.8343055249267925e-08,2.3428197274914758e-09,2.990262571596831e-09,2.836519123603981e-08
3366,3.559739407150672,0.8183533929733144,0.07485379248958439,3.179403408965567e-09,-2.555932876831085e-09,4.419680038975865e-08,3.1819914933958634e-09,2.5587658835488407e-09,4.423872553067738e-08
3367,3.640642575495005,1.2275300894599717,0.07485379248958439,2.7257000588776272e-09,-2.8321011249504975e-09,3.623817930027626e-08,2.727741471322308e-09,2.8352504558581786e-09,3.6270515627953376e-08
3368,3.7215457438393384,1.6367067859466289,0.07485379248958439,2.1924418424088867e-09,-3.0508197558015685e-09,2.6658193917437235e-08,2.1938588746323436e-09,3.0542118125636535e-09,2.6679204614057907e-08
3369,3.802448912183672,2.045883482433286,0.07485379248958439,1.5854367440150456e-09,-3.104676144843763e-09,1.561375977160277e-08,1.5861823357018085e-09,3.1081059082312998e-09,1.56222666982223e-08
3370,3.478836238806338,0.0,0.22456137746875315,-1.245671308631173e-09,7.766972921501513e-10,5.896402027589983e-08,1.2466882180624612e-09,7.775945053008005e-10,5.902308898136195e-08
3371,3.559739407150672,0.4091766964866572,0.22456137746875315,-1.2227363182748265e-09,8.105254525564043e-10,5.324564588894872e-08,1.223747243680141e-09,8.114619694738182e-10,5.329765093488734e-08
3372,3.640642575495005,0.8183533929733144,0.22456137746875315,-1.12472273362561e-09,8.849975531372864e-10,4.652360024527433e-08,1.1256316202247948e-09,8.860184013639625e-10,4.656739570246574e-08
3373,3.3979330704620048,0.0,0.0,6.277010628101179e-09,-3.757607767694925e-09,5.615512287205355e-08,6.282509230839158e-09,3.761776929943455e-09,5.621174743962312e-08
3374,3.7215457438393384,1.2275300894599717,0.22456137746875315,-9.868227686201292e-10,9.564873342436117e-10,3.825887595980253e-08,9.875748096475332e-10,9.575851542010366e-10,3.8292722078878125e-08
3375,3.478836238806338,0.4091766964866572,0.0,5.939866910113805e-09,-3.907031728244559e-09,5.0648278354005675e-08,5.9449389971702325e-09,3.911366232854651e-09,5.069808759898173e-08
3376,3.802448912183672,1.6367067859466289,0.22456137746875315,-8.198323682188491e-10,9.828744442003473e-10,2.83197048607356e-08,8.203927176758607e-10,9.839933679425695e-10,2.834181255317509e-08
3377,3.559739407150672,0.8183533929733144,0.0,5.3215956094054346e-09,-4.287077818703513e-09,4.4170564706677674e-08,5.3259167928218226e-09,4.291849394804963e-09,4.421245719764422e-08
3378,3.640642575495005,1.2275300894599717,0.0,4.5717216040159115e-09,-4.769684379096444e-09,3.621580635443098e-08,4.575145332370452e-09,4.775009060394867e-09,3.624811622263729e-08
3379,3.7215457438393384,1.6367067859466289,0.0,3.6913197275567205e-09,-5.165600109080305e-09,2.6640657710013778e-08,3.69371637434639e-09,5.171366964690797e-09,2.6661649110662583e-08
3380,3.802448912183672,2.045883482433286,0.0,2.7028156327862216e-09,-5.291760185236759e-09,1.559045734997888e-08,2.7041171040494944e-09,5.2976365460376606e-09,1.559894047497352e-08
3381,3.478836238806338,0.0,0.14970758497916878,1.235325602752115e-09,-7.648718703372161e-10,5.89666172194688e-08,1.2364494350236413e-09,7.656982648549188e-10,5.902568846423267e-08
3382,3.559739407150672,0.4091766964866572,0.14970758497916878,1.15789446326014e-09,-7.869853529999317e-10,5.324734137013856e-08,1.1589029198700545e-09,7.878350202549937e-10,5.329934771607729e-08
3383,3.640642575495005,0.8183533929733144,0.14970758497916878,1.0308423216942749e-09,-8.519064965293279e-10,4.6522315783737016e-08,1.0316849335728672e-09,8.528318448837126e-10,4.656610892915294e-08
3384,3.7215457438393384,1.2275300894599717,0.14970758497916878,8.776499341122687e-10,-9.358940033220328e-10,3.825054388860549e-08,8.783034811461003e-10,9.369170332028068e-10,3.828437947329564e-08
3385,3.802448912183672,1.6367067859466289,0.14970758497916878,6.910941081444258e-10,-9.90315663434821e-10,2.8295587803629465e-08,6.915274923133883e-10,9.91398560728346e-10,2.8317666833445346e-08
3386,3.559739407150672,0.0,0.37426896244792196,-6.153930306492877e-09,3.9233384447359195e-09,6.165845704798713e-08,6.159150743099015e-09,3.927759916747099e-09,6.17198278924277e-08
3387,3.559739407150672,0.0,0.29941516995833756,-3.695496456037332e-09,2.3598781297740123e-09,6.168126803841845e-08,3.6986108976474448e-09,2.3625507764799044e-09,6.174266650580394e-08
3388,3.640642575495005,0.4091766964866572,0.37426896244792196,-5.946840696206063e-09,4.079926521756548e-09,5.576157916642112e-08,5.951837441439425e-09,4.084529734292682e-09,5.5815679430072544e-08
3389,3.640642575495005,0.4091766964866572,0.29941516995833756,-3.5887570044331188e-09,2.448877651177679e-09,5.5780783822945026e-08,3.591766279966509e-09,2.4516535128518653e-09,5.583490648434984e-08
3390,3.7215457438393384,0.8183533929733144,0.37426896244792196,-5.450614522432014e-09,4.44509827282488e-09,4.88205892614371e-08,5.455035881664385e-09,4.45012006392493e-09,4.886622190928869e-08
3391,3.7215457438393384,0.8183533929733144,0.29941516995833756,-3.2905968650152753e-09,2.6468957378435088e-09,4.883443803655283e-08,3.2932662002199752e-09,2.6498960659579602e-09,4.8880085595821195e-08
3392,3.802448912183672,1.2275300894599717,0.37426896244792196,-4.780593713059823e-09,4.783208204174622e-09,4.029715967860682e-08,4.784227337978979e-09,4.788601419726004e-09,4.0332541691004393e-08
3393,3.478836238806338,0.0,0.07485379248958439,3.7200415628225498e-09,-2.3034388225886416e-09,5.8959733097496805e-08,3.723307513390303e-09,2.3059845483611213e-09,5.9018794373928215e-08
3394,3.802448912183672,1.2275300894599717,0.29941516995833756,-2.8792794781899536e-09,2.8185487849694342e-09,4.0290596336030984e-08,2.881467359750211e-09,2.821731545096295e-09,4.0325968687871085e-08
3395,3.559739407150672,0.4091766964866572,0.07485379248958439,3.534891306265279e-09,-2.385679298126197e-09,5.3238816910455034e-08,3.537913467527871e-09,2.38831623093252e-09,5.32908116979179e-08
3396,3.640642575495005,0.8183533929733144,0.07485379248958439,3.181752726790495e-09,-2.5986989409137066e-09,4.6510306264054503e-08,3.184340193762242e-09,2.6015820183743886e-09,4.6554084256507776e-08
3397,3.7215457438393384,1.2275300894599717,0.07485379248958439,2.738250038473996e-09,-2.8490918100575305e-09,3.8234093137108896e-08,2.7403037598993908e-09,2.8522606397927563e-09,3.826790899858611e-08
3398,3.802448912183672,1.6367067859466289,0.07485379248958439,2.199935983797987e-09,-2.994974185617472e-09,2.8268297831103425e-08,2.2013599037656764e-09,2.9982972038945597e-09,2.829034510913799e-08
3399,3.559739407150672,0.0,0.22456137746875315,-1.2339062063905236e-09,7.938907131449145e-10,6.169141450480822e-08,1.234908468342183e-09,7.948116420104264e-10,6.175282516712308e-08
3400,3.640642575495005,0.4091766964866572,0.22456137746875315,-1.218764574135596e-09,8.263278614831007e-10,5.578981809432488e-08,1.2197701453949026e-09,8.272873093805338e-10,5.584395104054962e-08
3401,3.7215457438393384,0.8183533929733144,0.22456137746875315,-1.128143429254269e-09,8.907507910368271e-10,4.88390746059979e-08,1.1290555652335317e-09,8.917814650942518e-10,4.888472665573763e-08
3402,3.478836238806338,0.0,0.0,6.213106967303835e-09,-3.833672945975991e-09,5.894056079128428e-08,6.218521986941741e-09,3.837927993954997e-09,5.899959660192444e-08
3403,3.802448912183672,1.2275300894599717,0.22456137746875315,-9.977614524258427e-10,9.38052387090118e-10,4.027684692961069e-08,9.985255553309573e-10,9.391289840283872e-10,4.0312201803855163e-08
3404,3.559739407150672,0.4091766964866572,0.0,5.901578774888621e-09,-3.987770214420104e-09,5.3216568944331e-08,5.906599609850357e-09,3.992199378079329e-09,5.3268535511046826e-08
3405,3.640642575495005,0.8183533929733144,0.0,5.3226400688264125e-09,-4.372266136789496e-09,4.648557071087898e-08,5.32695760882759e-09,4.377139867442068e-09,4.6529318747660354e-08
3406,3.7215457438393384,1.2275300894599717,0.0,4.593887525708269e-09,-4.824898430223208e-09,3.820997121762723e-08,4.597334009156821e-09,4.830289715351051e-09,3.82437591899894e-08
3407,3.802448912183672,1.6367067859466289,0.0,3.7187965878014887e-09,-5.105026205744219e-09,2.823574758073679e-08,3.721222404782598e-09,5.110719442229051e-09,2.8257758157515626e-08
3408,3.559739407150672,0.0,0.14970758497916878,1.2305734459175226e-09,-7.718519176547304e-10,6.16933729884158e-08,1.2316900091478341e-09,7.726832327716807e-10,6.175478535138339e-08
3409,3.640642575495005,0.4091766964866572,0.14970758497916878,1.15476748215488e-09,-7.92934317819116e-10,5.579074544598006e-08,1.1557711201155096e-09,7.937880545068453e-10,5.584487869839601e-08
3410,3.7215457438393384,0.8183533929733144,0.14970758497916878,1.0330295433853398e-09,-8.523524629016101e-10,4.88341632012871e-08,1.0338739558586451e-09,8.532760494615897e-10,4.887980852675291e-08
3411,3.802448912183672,1.2275300894599717,0.14970758497916878,8.769856665970498e-10,-9.175197207414136e-10,4.0257420482798605e-08,8.776379210407938e-10,9.185188632542509e-10,4.0292751408391277e-08
3412,3.640642575495005,0.0,0.37426896244792196,-6.111392330360651e-09,3.974464298324303e-09,6.434673490883433e-08,6.11656103918752e-09,3.978951275532875e-09,6.441040487768936e-08
3413,3.640642575495005,0.0,0.29941516995833756,-3.675268664436696e-09,2.389680750323605e-09,6.436317913115885e-08,3.6783577987080434e-09,2.3923931915092524e-09,6.442686845965775e-08
3414,3.7215457438393384,0.4091766964866572,0.37426896244792196,-5.941028303907647e-09,4.117458333761856e-09,5.8303396561863566e-08,5.9460167778842745e-09,4.1221120611882834e-09,5.8359624846129216e-08
3415,3.7215457438393384,0.4091766964866572,0.29941516995833756,-3.5864046755472104e-09,2.466786628647878e-09,5.831669686244595e-08,3.5894099173865716e-09,2.4695886591625985e-09,5.8372940001309496e-08
3416,3.802448912183672,0.8183533929733144,0.37426896244792196,-5.485100455674789e-09,4.400262986561552e-09,5.1166276494266765e-08,5.489560740470745e-09,4.405234008725061e-09,5.121380560071402e-08
3417,3.802448912183672,0.8183533929733144,0.29941516995833756,-3.3085474360885895e-09,2.6104539474939606e-09,5.116881670487883e-08,3.31123632678875e-09,2.6134125517817296e-09,5.1216347229071744e-08
3418,3.559739407150672,0.0,0.07485379248958439,3.696449654560054e-09,-2.3351199044741985e-09,6.168790766191332e-08,3.6996839109952993e-09,2.337699791990501e-09,6.174931216610226e-08
3419,3.640642575495005,0.4091766964866572,0.07485379248958439,3.523358522041035e-09,-2.415209682508994e-09,5.578326741735368e-08,3.5263644148458914e-09,2.417879679654767e-09,5.583739071070587e-08
3420,3.7215457438393384,0.8183533929733144,0.07485379248958439,3.189411243874574e-09,-2.6100409750077438e-09,4.8819989916434535e-08,3.1920056207470727e-09,2.6129359606713705e-09,4.8865617734254047e-08
3421,3.802448912183672,1.2275300894599717,0.07485379248958439,2.7483687861586186e-09,-2.798629780674427e-09,4.0230106483905546e-08,2.7504327200324955e-09,2.8017355171821143e-09,4.0265404544803174e-08
3422,3.640642575495005,0.0,0.22456137746875315,-1.2269510721662723e-09,8.067949799473907e-10,6.437004669086041e-08,1.227944855805263e-09,8.077353829552e-10,6.443374391721622e-08
3423,3.7215457438393384,0.4091766964866572,0.22456137746875315,-1.2183807270390787e-09,8.344356494337743e-10,5.8322264589574486e-08,1.2193854685484078e-09,8.354088645640907e-10,5.837851360658097e-08
3424,3.802448912183672,0.8183533929733144,0.22456137746875315,-1.136622450189123e-09,8.781762959916415e-10,5.116402661383282e-08,1.137543886663866e-09,8.791941051555109e-10,5.1211550381127316e-08
3425,3.559739407150672,0.0,0.0,6.161852603523827e-09,-3.891988069420035e-09,6.167212542779995e-08,6.167202144740394e-09,3.89630915007291e-09,6.173350946376112e-08
3426,3.640642575495005,0.4091766964866572,0.0,5.877704159982824e-09,-4.0467996936209e-09,5.5764328543862916e-08,5.882693431107491e-09,4.051298018176921e-09,5.581842839049117e-08
3427,3.7215457438393384,0.8183533929733144,0.0,5.3358050467991134e-09,-4.412180776254029e-09,4.87957036898152e-08,5.340135463402114e-09,4.417101774166089e-09,4.8841302710034074e-08
3428,3.802448912183672,1.2275300894599717,0.0,4.622907898822831e-09,-4.763997875189687e-09,4.019347333226482e-08,4.626386310294631e-09,4.769314398826688e-09,4.02287287814825e-08
3429,3.640642575495005,0.0,0.14970758497916878,1.2275990085264558e-09,-7.740321455373322e-10,6.43712348872397e-08,1.2287108749292434e-09,7.748623952995169e-10,6.443493287666208e-08
3430,3.7215457438393384,0.4091766964866572,0.14970758497916878,1.1536004633629985e-09,-7.9142208091921e-10,5.832128387846263e-08,1.1546020380021246e-09,7.922707541241328e-10,5.837753091460217e-08
3431,3.802448912183672,0.8183533929733144,0.14970758497916878,1.0329341343187667e-09,-8.367553230157667e-10,5.115133527812445e-08,1.0337780239938813e-09,8.376575809020731e-10,5.119884288955861e-08
3432,3.7215457438393384,0.0,0.37426896244792196,-6.09064894280458e-09,4.002305065316289e-09,6.69965279137871e-08,6.095792670835681e-09,4.006830376565106e-09,6.706245319858405e-08
3433,3.7215457438393384,0.0,0.29941516995833756,-3.667540893674036e-09,2.403738593286417e-09,6.700566040041331e-08,3.670620245397934e-09,2.4064725599219957e-09,6.707159602899086e-08
3434,3.802448912183672,0.4091766964866572,0.37426896244792196,-5.952270842412327e-09,4.098392353731532e-09,6.08472943897398e-08,5.957271772428086e-09,4.103027704499427e-09,6.090565498757231e-08
3435,3.802448912183672,0.4091766964866572,0.29941516995833756,-3.5933490687949637e-09,2.4508516406451847e-09,6.085336373234096e-08,3.5963615712736496e-09,2.45363843955839e-09,6.091173064240045e-08
3436,3.640642575495005,0.0,0.07485379248958439,3.6814898113720747e-09,-2.3533731431045375e-09,6.436721837394543e-08,3.684704030687893e-09,2.355971421177543e-09,6.443091060931473e-08
3437,3.7215457438393384,0.4091766964866572,0.07485379248958439,3.520025520164015e-09,-2.422454953152351e-09,5.8313582143573336e-08,3.5230259762334135e-09,2.425130952398996e-09,5.8369819213008356e-08
3438,3.802448912183672,0.8183533929733144,0.07485379248958439,3.197906968962588e-09,-2.568756061566435e-09,5.112882864327145e-08,3.2005100350302794e-09,2.5715985178644485e-09,5.117630854666362e-08
3439,3.7215457438393384,0.0,0.22456137746875315,-1.224924008094013e-09,8.140492401214511e-10,6.700983653529601e-08,1.2259152957829315e-09,8.15002831783748e-10,6.707577666545713e-08
3440,3.802448912183672,0.4091766964866572,0.22456137746875315,-1.2218160311796668e-09,8.304125715433414e-10,6.085567674880157e-08,1.222824395688397e-09,8.313848134993408e-10,6.091404573922213e-08
3441,3.640642575495005,0.0,0.0,6.126548756745269e-09,-3.930072682376976e-09,6.435537059209426e-08,6.131853986802697e-09,3.934436287133937e-09,6.441904778410913e-08
3442,3.7215457438393384,0.4091766964866572,0.0,5.870448359540755e-09,-4.072165261377512e-09,5.8297490912277804e-08,5.875427470458965e-09,4.076692023687435e-09,5.835370843615032e-08
3443,3.802448912183672,0.8183533929733144,0.0,5.359415220522738e-09,-4.3572349336887115e-09,5.10961192193046e-08,5.3637719260768235e-09,4.3620877233981506e-09,5.114356028833116e-08
3444,3.7215457438393384,0.0,0.14970758497916878,1.2261504448432184e-09,-7.708759757559122e-10,6.70104753765676e-08,1.227259940923579e-09,7.716984092134887e-10,6.707641567118123e-08
3445,3.802448912183672,0.4091766964866572,0.14970758497916878,1.152550791780274e-09,-7.80459258930629e-10,6.085088237883215e-08,1.1535508676897085e-09,7.812910762516645e-10,6.090924484053223e-08
3446,3.802448912183672,0.0,0.37426896244792196,-6.092075744265893e-09,3.999484811769229e-09,6.961386874387471e-08,6.097220751411607e-09,4.004011061739545e-09,6.968201191451151e-08
3447,3.802448912183672,0.0,0.29941516995833756,-3.66897332636952e-09,2.397327673306997e-09,6.962032715280766e-08,3.6720538986356445e-09,2.4000583092359806e-09,6.968847748236477e-08
3448,3.7215457438393384,0.0,0.07485379248958439,3.6749826124377446e-09,-2.3555968675782616e-09,6.70070234022512e-08,3.678187937868716e-09,2.3581940025985856e-09,6.707295890332739e-08
3449,3.802448912183672,0.4091766964866572,0.07485379248958439,3.5211657986163333e-09,-2.3966465006740005e-09,6.083776806598037e-08,3.5241668136221444e-09,2.399287727049512e-09,6.089611399728246e-08
3450,3.802448912183672,0.0,0.22456137746875315,-1.2251996043413439e-09,8.137268139479791e-10,6.962694919210917e-08,1.2261909667586467e-09,8.14684587582191e-10,6.969510711284731e-08
3451,3.7215457438393384,0.0,0.0,6.108892985806077e-09,-3.943611799755355e-09,6.699801194146149e-08,6.114176197367584e-09,3.947988189914845e-09,6.70639362087628e-08
3452,3.802448912183672,0.4091766964866572,0.0,5.878344218860768e-09,-4.033730027333425e-09,6.081859485442922e-08,5.883331794206014e-09,4.038207170100645e-09,6.08769175249886e-08
3453,3.802448912183672,0.0,0.14970758497916878,1.2253238532247064e-09,-7.624407471348016e-10,6.962742027371579e-08,1.2264322273426336e-09,7.632485749754689e-10,6.969557826568973e-08
3454,3.802448912183672,0.0,0.07485379248958439,3.672514229079076e-09,-2.338954134135425e-09,6.962014898967526e-08,3.6757161711081365e-09,2.3415265759486124e-09,6.968829759805881e-08
3455,3.802448912183672,0.0,0.0,6.105279045111742e-09,-3.924019268803367e-09,6.960740274898883e-08,6.110557509824534e-09,3.9283673380499386e-09,6.967553563691759e-08
