{
  "1": {
    "train_loss": 30.364555851618448,
    "val_loss": 6.629324285189311
  },
  "2": {
    "train_loss": 6.164130727450053,
    "val_loss": 7.268565376599629
  },
  "3": {
    "train_loss": 3.788157512744268,
    "val_loss": 5.482519372304281
  },
  "4": {
    "train_loss": 2.7887298723061877,
    "val_loss": 3.966968301932017
  },
  "5": {
    "train_loss": 2.2584177295366925,
    "val_loss": 3.5838188012441
  },
  "6": {
    "train_loss": 1.9444209039211273,
    "val_loss": 3.163661952813466
  },
  "7": {
    "train_loss": 1.7268417666355769,
    "val_loss": 3.016451191902161
  },
  "8": {
    "train_loss": 1.5798784861962,
    "val_loss": 2.914150869846344
  },
  "9": {
    "train_loss": 1.4725760738054912,
    "val_loss": 3.108825631936391
  },
  "10": {
    "train_loss": 1.3867016305526099,
    "val_loss": 2.8697256167729694
  },
  "11": {
    "train_loss": 1.3143070757389068,
    "val_loss": 2.8251869479815164
  },
  "12": {
    "train_loss": 1.2589138428370157,
    "val_loss": 2.4600778420766196
  },
  "13": {
    "train_loss": 1.2114954878886541,
    "val_loss": 2.450105349222819
  },
  "14": {
    "train_loss": 1.1691319326559702,
    "val_loss": 2.2578778008619946
  },
  "15": {
    "train_loss": 1.1309239000082016,
    "val_loss": 2.238949908812841
  },
  "16": {
    "train_loss": 1.0924276332060496,
    "val_loss": 2.293562070528666
  },
  "17": {
    "train_loss": 1.05876014928023,
    "val_loss": 2.1833621839682262
  },
  "18": {
    "train_loss": 1.0269959345459938,
    "val_loss": 2.230205597480138
  },
  "19": {
    "train_loss": 0.9947404618064563,
    "val_loss": 2.059581794341405
  },
  "20": {
    "train_loss": 0.966456738114357,
    "val_loss": 1.9466587642828623
  },
  "21": {
    "train_loss": 0.9383849620819091,
    "val_loss": 2.1079067051410676
  },
  "22": {
    "train_loss": 0.912472786506017,
    "val_loss": 1.9697131872177125
  },
  "23": {
    "train_loss": 0.8873100827137629,
    "val_loss": 1.8105184098084768
  },
  "24": {
    "train_loss": 0.8620137403408686,
    "val_loss": 1.8080378552277883
  },
  "25": {
    "train_loss": 0.8371959388256073,
    "val_loss": 1.7043591578801474
  },
  "26": {
    "train_loss": 0.8144175584117571,
    "val_loss": 1.6229383895794551
  },
  "27": {
    "train_loss": 0.7908844739198685,
    "val_loss": 1.587731439868609
  },
  "28": {
    "train_loss": 0.771721039712429,
    "val_loss": 1.5290349453687668
  },
  "29": {
    "train_loss": 0.7502113992969195,
    "val_loss": 1.509640202919642
  },
  "30": {
    "train_loss": 0.7274411002794902,
    "val_loss": 1.5152846177419026
  },
  "31": {
    "train_loss": 0.7092153320709864,
    "val_loss": 1.4220576504866282
  },
  "32": {
    "train_loss": 0.6915626635154088,
    "val_loss": 1.4034527778625487
  },
  "33": {
    "train_loss": 0.6722711965441703,
    "val_loss": 1.4059256921211878
  },
  "34": {
    "train_loss": 0.6543376018603643,
    "val_loss": 1.3644795099894205
  },
  "35": {
    "train_loss": 0.6380559161305428,
    "val_loss": 1.3406206568082173
  },
  "36": {
    "train_loss": 0.6206905747453372,
    "val_loss": 1.2875130618611972
  },
  "37": {
    "train_loss": 0.6043963273366292,
    "val_loss": 1.279185993472735
  },
  "38": {
    "train_loss": 0.5888940542936325,
    "val_loss": 1.238472622136275
  },
  "39": {
    "train_loss": 0.5738612751166026,
    "val_loss": 1.2248358090718587
  },
  "40": {
    "train_loss": 0.5572559202710787,
    "val_loss": 1.1820541327198346
  },
  "41": {
    "train_loss": 0.541434728850921,
    "val_loss": 1.1677092080314955
  },
  "42": {
    "train_loss": 0.5285038304825623,
    "val_loss": 1.1667369917035102
  },
  "43": {
    "train_loss": 0.511586016913255,
    "val_loss": 1.1311182561020057
  },
  "44": {
    "train_loss": 0.4959966073433558,
    "val_loss": 1.1241743554671606
  },
  "45": {
    "train_loss": 0.48378225713968276,
    "val_loss": 1.1183543401459852
  },
  "46": {
    "train_loss": 0.47070333485802013,
    "val_loss": 1.1169792984922726
  },
  "47": {
    "train_loss": 0.45839911699295044,
    "val_loss": 1.1080487300952275
  },
  "48": {
    "train_loss": 0.4464858333269755,
    "val_loss": 1.0784333984057108
  },
  "49": {
    "train_loss": 0.43425976236661273,
    "val_loss": 1.086123339086771
  },
  "50": {
    "train_loss": 0.42201900829871497,
    "val_loss": 1.079559715092182
  },
  "51": {
    "train_loss": 0.4098673053085804,
    "val_loss": 1.0653274979442358
  },
  "52": {
    "train_loss": 0.3987286828458309,
    "val_loss": 1.0595501119891801
  },
  "53": {
    "train_loss": 0.38761822457114853,
    "val_loss": 1.0395024482160806
  },
  "54": {
    "train_loss": 0.3793736649056276,
    "val_loss": 1.0281856792668502
  },
  "55": {
    "train_loss": 0.3681268855929375,
    "val_loss": 1.0196716053411365
  },
  "56": {
    "train_loss": 0.3568919079999129,
    "val_loss": 1.0213961493223906
  },
  "57": {
    "train_loss": 0.347579492131869,
    "val_loss": 1.0142644195817412
  },
  "58": {
    "train_loss": 0.33799546187122664,
    "val_loss": 1.0145126377387592
  },
  "59": {
    "train_loss": 0.32903076310952506,
    "val_loss": 1.0076741954234119
  }
}