{
  "1": {
    "train_loss": 18.75059261066573,
    "val_loss": 2.3361009061336517
  },
  "2": {
    "train_loss": 19.72612420150212,
    "val_loss": 2.3335443139076233
  },
  "3": {
    "train_loss": 19.244785542998994,
    "val_loss": 2.3334165811538696
  },
  "4": {
    "train_loss": 21.078283612217223,
    "val_loss": 2.3336217254400253
  },
  "5": {
    "train_loss": 20.37893276980945,
    "val_loss": 2.333251103758812
  },
  "6": {
    "train_loss": 18.977002948522568,
    "val_loss": 2.3330391347408295
  },
  "7": {
    "train_loss": 19.62833667865821,
    "val_loss": 2.3324849754571915
  },
  "8": {
    "train_loss": 19.000338703393936,
    "val_loss": 2.332628533244133
  },
  "9": {
    "train_loss": 18.252488911151886,
    "val_loss": 2.3327875435352325
  },
  "10": {
    "train_loss": 21.46203277366502,
    "val_loss": 2.3328399807214737
  },
  "11": {
    "train_loss": 18.105407301868713,
    "val_loss": 2.3324021697044373
  },
  "12": {
    "train_loss": 19.108773435865128,
    "val_loss": 2.333008587360382
  },
  "13": {
    "train_loss": 20.29778020296778,
    "val_loss": 2.3326289355754852
  },
  "14": {
    "train_loss": 20.52609426208905,
    "val_loss": 2.332916036248207
  },
  "15": {
    "train_loss": 21.50939608045987,
    "val_loss": 2.3327871710062027
  },
  "16": {
    "train_loss": 20.073011449405126,
    "val_loss": 2.3337624073028564
  },
  "17": {
    "train_loss": 18.35178232192993,
    "val_loss": 2.332468271255493
  },
  "18": {
    "train_loss": 20.90563258954457,
    "val_loss": 2.3327112644910812
  },
  "19": {
    "train_loss": 18.7540494288717,
    "val_loss": 2.3325883746147156
  },
  "20": {
    "train_loss": 19.57717987895012,
    "val_loss": 2.3333037942647934
  },
  "21": {
    "train_loss": 19.423682770558766,
    "val_loss": 2.3328417390584946
  },
  "22": {
    "train_loss": 19.637555624757493,
    "val_loss": 2.3328704982995987
  },
  "23": {
    "train_loss": 20.44745115722929,
    "val_loss": 2.3328979909420013
  },
  "24": {
    "train_loss": 19.539102009364537,
    "val_loss": 2.3323698192834854
  },
  "25": {
    "train_loss": 19.44120214666639,
    "val_loss": 2.3329594433307648
  },
  "26": {
    "train_loss": 20.910314398152487,
    "val_loss": 2.3330634236335754
  },
  "27": {
    "train_loss": 18.977626217263087,
    "val_loss": 2.3329422920942307
  },
  "28": {
    "train_loss": 20.234427681991033,
    "val_loss": 2.3325291723012924
  },
  "29": {
    "train_loss": 18.01129385828972,
    "val_loss": 2.332984149456024
  },
  "30": {
    "train_loss": 19.438181689807347,
    "val_loss": 2.333065912127495
  },
  "31": {
    "train_loss": 19.037452927657537,
    "val_loss": 2.3328500390052795
  },
  "32": {
    "train_loss": 20.88421055674553,
    "val_loss": 2.333202674984932
  },
  "33": {
    "train_loss": 19.60009058032717,
    "val_loss": 2.333031326532364
  },
  "34": {
    "train_loss": 18.658578625747136,
    "val_loss": 2.332954317331314
  },
  "35": {
    "train_loss": 18.4232200724738,
    "val_loss": 2.332869276404381
  },
  "36": {
    "train_loss": 18.96063812289919,
    "val_loss": 2.3326517790555954
  },
  "37": {
    "train_loss": 20.531161768095835,
    "val_loss": 2.3330445289611816
  },
  "38": {
    "train_loss": 18.830863765307836,
    "val_loss": 2.3333584666252136
  },
  "39": {
    "train_loss": 18.02852875845773,
    "val_loss": 2.333027496933937
  },
  "40": {
    "train_loss": 19.467278208051408,
    "val_loss": 2.3333443850278854
  },
  "41": {
    "train_loss": 18.715072159256255,
    "val_loss": 2.3329933881759644
  },
  "42": {
    "train_loss": 18.74034846680505,
    "val_loss": 2.332746684551239
  },
  "43": {
    "train_loss": 20.31685142857688,
    "val_loss": 2.3328266590833664
  },
  "44": {
    "train_loss": 21.316040788378036,
    "val_loss": 2.332891345024109
  }
}