{
  "1": {
    "train_loss": 19.720653528120458,
    "val_loss": 2.6440973823720757
  },
  "2": {
    "train_loss": 19.60923603249759,
    "val_loss": 2.6439038677649065
  },
  "3": {
    "train_loss": 19.600794687503722,
    "val_loss": 2.64370876008814
  },
  "4": {
    "train_loss": 22.19666976463504,
    "val_loss": 2.6435183015736667
  },
  "5": {
    "train_loss": 19.774281324409856,
    "val_loss": 2.643369636752389
  },
  "6": {
    "train_loss": 19.72525403412377,
    "val_loss": 2.643203220584176
  },
  "7": {
    "train_loss": 19.37712050356516,
    "val_loss": 2.6430346315557305
  },
  "8": {
    "train_loss": 19.805804523026072,
    "val_loss": 2.642906741662459
  },
  "9": {
    "train_loss": 19.26434952602154,
    "val_loss": 2.642779453234239
  },
  "10": {
    "train_loss": 19.75933039915271,
    "val_loss": 2.642648756504059
  },
  "11": {
    "train_loss": 20.108516755627424,
    "val_loss": 2.6425008827989753
  },
  "12": {
    "train_loss": 19.978552233882066,
    "val_loss": 2.6424105817621406
  },
  "13": {
    "train_loss": 19.591461260144303,
    "val_loss": 2.6423053416338833
  },
  "14": {
    "train_loss": 19.54241899346433,
    "val_loss": 2.642221038991755
  },
  "15": {
    "train_loss": 19.784928175007426,
    "val_loss": 2.6420889876105567
  },
  "16": {
    "train_loss": 19.668178764785207,
    "val_loss": 2.6419891064817254
  },
  "17": {
    "train_loss": 20.189293951523013,
    "val_loss": 2.641846792264418
  },
  "18": {
    "train_loss": 19.714472100502107,
    "val_loss": 2.641744640740481
  },
  "19": {
    "train_loss": 19.672036575108038,
    "val_loss": 2.6416145129637285
  },
  "20": {
    "train_loss": 19.553787536737396,
    "val_loss": 2.6415172436020593
  },
  "21": {
    "train_loss": 19.694455468073123,
    "val_loss": 2.641430979425257
  },
  "22": {
    "train_loss": 20.259312511944188,
    "val_loss": 2.6413476304574446
  },
  "23": {
    "train_loss": 19.48163759999159,
    "val_loss": 2.641294766556133
  },
  "24": {
    "train_loss": 19.87004377493044,
    "val_loss": 2.6412326747720893
  },
  "25": {
    "train_loss": 19.87415866372062,
    "val_loss": 2.641178185289556
  },
  "26": {
    "train_loss": 20.263812845799983,
    "val_loss": 2.641113617203452
  },
  "27": {
    "train_loss": 20.088029085862928,
    "val_loss": 2.6410547603260386
  },
  "28": {
    "train_loss": 22.007567930512312,
    "val_loss": 2.640964524312453
  },
  "29": {
    "train_loss": 19.618275955682847,
    "val_loss": 2.640943229198456
  },
  "30": {
    "train_loss": 19.45216582461101,
    "val_loss": 2.640876352787018
  },
  "31": {
    "train_loss": 21.21681514091608,
    "val_loss": 2.6408161250027744
  },
  "32": {
    "train_loss": 19.67307327287953,
    "val_loss": 2.6407664364034478
  },
  "33": {
    "train_loss": 21.5058552680946,
    "val_loss": 2.6407361138950693
  },
  "34": {
    "train_loss": 19.667253163529605,
    "val_loss": 2.640693122690374
  },
  "35": {
    "train_loss": 20.03809305807439,
    "val_loss": 2.640652271834287
  },
  "36": {
    "train_loss": 21.5622698882731,
    "val_loss": 2.640608023513447
  },
  "37": {
    "train_loss": 19.800090364566664,
    "val_loss": 2.6405829191207886
  },
  "38": {
    "train_loss": 19.250842491301096,
    "val_loss": 2.640516687523235
  },
  "39": {
    "train_loss": 20.111576102128844,
    "val_loss": 2.6404776735739275
  },
  "40": {
    "train_loss": 19.74415815312688,
    "val_loss": 2.6404417157173157
  },
  "41": {
    "train_loss": 19.976249993574328,
    "val_loss": 2.6404239481145684
  },
  "42": {
    "train_loss": 22.22284158482784,
    "val_loss": 2.6404041864655237
  },
  "43": {
    "train_loss": 19.548620687752233,
    "val_loss": 2.6403945846991106
  },
  "44": {
    "train_loss": 19.498344549318638,
    "val_loss": 2.6403702714226465
  },
  "45": {
    "train_loss": 20.090055353030927,
    "val_loss": 2.6403487487272783
  },
  "46": {
    "train_loss": 19.63716372629491,
    "val_loss": 2.640341141007163
  },
  "47": {
    "train_loss": 19.804824736060166,
    "val_loss": 2.6403236497532236
  }
}