{
  "1": {
    "train_loss": 68.32758362868736,
    "val_loss": 2.581665612555839
  },
  "2": {
    "train_loss": 7.32521544160514,
    "val_loss": 1.5599534028285258
  },
  "3": {
    "train_loss": 4.7119874724026385,
    "val_loss": 1.2764848088090484
  },
  "4": {
    "train_loss": 3.6267789084335855,
    "val_loss": 1.7322483916540403
  },
  "5": {
    "train_loss": 3.008556632337899,
    "val_loss": 1.9115822548801835
  },
  "6": {
    "train_loss": 2.600580804101352,
    "val_loss": 2.0083915156287118
  },
  "7": {
    "train_loss": 2.3157432013544543,
    "val_loss": 2.1775803018260644
  },
  "8": {
    "train_loss": 2.1161923022105777,
    "val_loss": 2.1539091999466353
  },
  "9": {
    "train_loss": 1.9530944865325401,
    "val_loss": 1.903483751657847
  },
  "10": {
    "train_loss": 1.8169704955199668,
    "val_loss": 1.6290205491555703
  },
  "11": {
    "train_loss": 1.6975308245625989,
    "val_loss": 1.7185951406891282
  },
  "12": {
    "train_loss": 1.5991917585504467,
    "val_loss": 1.4429482318259574
  },
  "13": {
    "train_loss": 1.5213332570832352,
    "val_loss": 1.3371355759130943
  },
  "14": {
    "train_loss": 1.4548031453428598,
    "val_loss": 1.273074933000513
  },
  "15": {
    "train_loss": 1.3912420618123023,
    "val_loss": 1.0793448654381004
  },
  "16": {
    "train_loss": 1.3401065481120142,
    "val_loss": 1.1692219424892116
  },
  "17": {
    "train_loss": 1.2939768684321435,
    "val_loss": 1.2755181273898564
  },
  "18": {
    "train_loss": 1.2496696192642738,
    "val_loss": 1.1594838886647612
  },
  "19": {
    "train_loss": 1.210702001637426,
    "val_loss": 1.1690795727678247
  },
  "20": {
    "train_loss": 1.1714232888715022,
    "val_loss": 1.0171438729440845
  },
  "21": {
    "train_loss": 1.1346675905688055,
    "val_loss": 1.150472360688287
  },
  "22": {
    "train_loss": 1.1013383026780754,
    "val_loss": 0.9949115724176973
  },
  "23": {
    "train_loss": 1.0658527259168953,
    "val_loss": 1.0428525096661336
  },
  "24": {
    "train_loss": 1.0325061058175975,
    "val_loss": 1.0741745958457123
  },
  "25": {
    "train_loss": 1.0007885242330616,
    "val_loss": 1.068602801980199
  },
  "26": {
    "train_loss": 0.9692200282524372,
    "val_loss": 1.1088344068140596
  },
  "27": {
    "train_loss": 0.9403988681990525,
    "val_loss": 0.9378514789246224
  },
  "28": {
    "train_loss": 0.9125094561741269,
    "val_loss": 0.9071649506285384
  },
  "29": {
    "train_loss": 0.883055908926602,
    "val_loss": 1.0016750580555684
  },
  "30": {
    "train_loss": 0.8599221948919625,
    "val_loss": 0.7114363312721252
  },
  "31": {
    "train_loss": 0.8316428961424992,
    "val_loss": 0.8192165493965149
  },
  "32": {
    "train_loss": 0.8051922234995612,
    "val_loss": 0.8045738871033127
  },
  "33": {
    "train_loss": 0.7803004511471452,
    "val_loss": 0.7003069358903009
  },
  "34": {
    "train_loss": 0.7584103645949528,
    "val_loss": 0.6449982008418521
  },
  "35": {
    "train_loss": 0.7367456584141172,
    "val_loss": 0.7627529952977155
  },
  "36": {
    "train_loss": 0.7158959960115368,
    "val_loss": 0.469626742440301
  },
  "37": {
    "train_loss": 0.6947098658002656,
    "val_loss": 0.42819225707569636
  },
  "38": {
    "train_loss": 0.6733748752495338,
    "val_loss": 0.40984377828804225
  },
  "39": {
    "train_loss": 0.6526417210184294,
    "val_loss": 0.36101232267714833
  },
  "40": {
    "train_loss": 0.6340964765384279,
    "val_loss": 0.3271993527541289
  },
  "41": {
    "train_loss": 0.614411734712535,
    "val_loss": 0.2906140773682981
  },
  "42": {
    "train_loss": 0.5956309820043629,
    "val_loss": 0.26569374993040756
  },
  "43": {
    "train_loss": 0.5796373794818747,
    "val_loss": 0.23823399197410894
  },
  "44": {
    "train_loss": 0.562300864581404,
    "val_loss": 0.21590695067031965
  },
  "45": {
    "train_loss": 0.5472040404533518,
    "val_loss": 0.16913919754930445
  },
  "46": {
    "train_loss": 0.5324898029195851,
    "val_loss": 0.1131383669940201
  },
  "47": {
    "train_loss": 0.5132800426976434,
    "val_loss": 0.07938725400615383
  },
  "48": {
    "train_loss": 0.4967171393591782,
    "val_loss": 0.0825409565020252
  },
  "49": {
    "train_loss": 0.4847581378344832,
    "val_loss": 0.05382284763697032
  },
  "50": {
    "train_loss": 0.46759884049152506,
    "val_loss": 0.05559127284465609
  },
  "51": {
    "train_loss": 0.45263362937960133,
    "val_loss": 0.04240491175772371
  },
  "52": {
    "train_loss": 0.4394215275501383,
    "val_loss": 0.026238603013995533
  },
  "53": {
    "train_loss": 0.4280958500401727,
    "val_loss": 0.024360254885175743
  },
  "54": {
    "train_loss": 0.41743745557193096,
    "val_loss": 0.02018373561519626
  },
  "55": {
    "train_loss": 0.4032711919011741,
    "val_loss": 0.02015836934584218
  },
  "56": {
    "train_loss": 0.39464685176980907,
    "val_loss": 0.01581993797869497
  },
  "57": {
    "train_loss": 0.38265771454778214,
    "val_loss": 0.01442930697010377
  },
  "58": {
    "train_loss": 0.3712967726691016,
    "val_loss": 0.021183270054894524
  },
  "59": {
    "train_loss": 0.35980934336267667,
    "val_loss": 0.013927786730582247
  },
  "60": {
    "train_loss": 0.3496294116151744,
    "val_loss": 0.01161833805963397
  },
  "61": {
    "train_loss": 0.3387858559345377,
    "val_loss": 0.013952430450936427
  },
  "62": {
    "train_loss": 0.33056621387087065,
    "val_loss": 0.012016385466464469
  },
  "63": {
    "train_loss": 0.3175112041933783,
    "val_loss": 0.013725414349873727
  },
  "64": {
    "train_loss": 0.30681698260636164,
    "val_loss": 0.011657025677630224
  },
  "65": {
    "train_loss": 0.2962091004026347,
    "val_loss": 0.010075969096096987
  },
  "66": {
    "train_loss": 0.2858601890761277,
    "val_loss": 0.010187073997725305
  },
  "67": {
    "train_loss": 0.2755053243760405,
    "val_loss": 0.010793925259841254
  },
  "68": {
    "train_loss": 0.26519477408507774,
    "val_loss": 0.009130989338233563
  },
  "69": {
    "train_loss": 0.25508283623333633,
    "val_loss": 0.010087658047071985
  },
  "70": {
    "train_loss": 0.24503713270713542,
    "val_loss": 0.009263290260679315
  },
  "71": {
    "train_loss": 0.23545347380227055,
    "val_loss": 0.010027490326555798
  },
  "72": {
    "train_loss": 0.22604135120737143,
    "val_loss": 0.00913955018119383
  },
  "73": {
    "train_loss": 0.21641757878763923,
    "val_loss": 0.009263062220368837
  },
  "74": {
    "train_loss": 0.20691611211875388,
    "val_loss": 0.010243110487715819
  },
  "75": {
    "train_loss": 0.1979596780291919,
    "val_loss": 0.010709214253930023
  },
  "76": {
    "train_loss": 0.19115551525148852,
    "val_loss": 0.009777903895057435
  },
  "77": {
    "train_loss": 0.18037634224727236,
    "val_loss": 0.008844315327862845
  },
  "78": {
    "train_loss": 0.1723109682058466,
    "val_loss": 0.008343745926017495
  }
}