{
  "1": {
    "train_loss": 8.796905274192492,
    "val_loss": 2.2371696690718332
  },
  "2": {
    "train_loss": 1.3067403947313627,
    "val_loss": 1.5060503259301186
  },
  "3": {
    "train_loss": 0.868222817281882,
    "val_loss": 1.093735941313207
  },
  "4": {
    "train_loss": 0.6955250963568688,
    "val_loss": 1.0707443514217934
  },
  "5": {
    "train_loss": 0.6039906765023867,
    "val_loss": 1.058085763392349
  },
  "6": {
    "train_loss": 0.5390252682069937,
    "val_loss": 1.0114942813524976
  },
  "7": {
    "train_loss": 0.49004334062337873,
    "val_loss": 1.0183005812577903
  },
  "8": {
    "train_loss": 0.4469699181616306,
    "val_loss": 1.0150053895427846
  },
  "9": {
    "train_loss": 0.41334424043695134,
    "val_loss": 1.0163148184772581
  },
  "10": {
    "train_loss": 0.3800832875072956,
    "val_loss": 1.0122037178991983
  },
  "11": {
    "train_loss": 0.3527718206246694,
    "val_loss": 1.0156168955378235
  },
  "12": {
    "train_loss": 0.3266654747227828,
    "val_loss": 1.0175512940001985
  },
  "13": {
    "train_loss": 0.30643799404303235,
    "val_loss": 1.0173554834288856
  },
  "14": {
    "train_loss": 0.29063133522868156,
    "val_loss": 1.0175253035345426
  },
  "15": {
    "train_loss": 0.2773188746223847,
    "val_loss": 1.0138166406424716
  },
  "16": {
    "train_loss": 0.26858172615369164,
    "val_loss": 1.0059960115351714
  },
  "17": {
    "train_loss": 0.26068027727305887,
    "val_loss": 1.0177416899629559
  },
  "18": {
    "train_loss": 0.24854864043494065,
    "val_loss": 1.027360100520309
  },
  "19": {
    "train_loss": 0.23770775496959687,
    "val_loss": 1.0103202077162374
  },
  "20": {
    "train_loss": 0.22883878859380882,
    "val_loss": 1.0150455226850075
  },
  "21": {
    "train_loss": 0.22192284911870958,
    "val_loss": 1.019094230956398
  },
  "22": {
    "train_loss": 0.2151522851238648,
    "val_loss": 1.0108456190588186
  },
  "23": {
    "train_loss": 0.20783821903169156,
    "val_loss": 1.0151599136021106
  },
  "24": {
    "train_loss": 0.20014645059903463,
    "val_loss": 1.011798175740114
  },
  "25": {
    "train_loss": 0.1950042501091957,
    "val_loss": 1.0106947555808194
  },
  "26": {
    "train_loss": 0.1867831097294887,
    "val_loss": 1.0170490650072073
  },
  "27": {
    "train_loss": 0.179721271370848,
    "val_loss": 1.0101654930096022
  },
  "28": {
    "train_loss": 0.17255650187532107,
    "val_loss": 1.0146038167120424
  },
  "29": {
    "train_loss": 0.16418948757151763,
    "val_loss": 1.006793467128106
  },
  "30": {
    "train_loss": 0.158799646794796,
    "val_loss": 1.0126727624524696
  },
  "31": {
    "train_loss": 0.1546790879840652,
    "val_loss": 1.0088839613784026
  },
  "32": {
    "train_loss": 0.14719771407544613,
    "val_loss": 1.007500560002518
  },
  "33": {
    "train_loss": 0.14014442805200816,
    "val_loss": 1.0092012985885959
  },
  "34": {
    "train_loss": 0.13182586338371038,
    "val_loss": 1.0072115068420924
  },
  "35": {
    "train_loss": 0.12585058442006508,
    "val_loss": 1.005125758445744
  }
}