{
  "1": {
    "train_loss": 0.20883377393843924,
    "val_loss": 0.029395334761251102
  }
}