{
  "1": {
    "train_loss": 8.796905274192492,
    "val_loss": 2.2371696690718332
  },
  "2": {
    "train_loss": 1.3067403947313627,
    "val_loss": 1.5060503259301186
  },
  "3": {
    "train_loss": 0.868222817281882,
    "val_loss": 1.093735941313207
  },
  "4": {
    "train_loss": 0.6955250963568688,
    "val_loss": 1.0707443514217934
  },
  "5": {
    "train_loss": 0.6039906765023867,
    "val_loss": 1.058085763392349
  },
  "6": {
    "train_loss": 0.5390252682069937,
    "val_loss": 1.0114942813524976
  },
  "7": {
    "train_loss": 0.49004334062337873,
    "val_loss": 1.0183005812577903
  },
  "8": {
    "train_loss": 0.4469699181616306,
    "val_loss": 1.0150053895427846
  },
  "9": {
    "train_loss": 0.41334424043695134,
    "val_loss": 1.0163148184772581
  },
  "10": {
    "train_loss": 0.3800832875072956,
    "val_loss": 1.0122037178991983
  },
  "11": {
    "train_loss": 0.3527718206246694,
    "val_loss": 1.0156168955378235
  },
  "12": {
    "train_loss": 0.3266654747227828,
    "val_loss": 1.0175512940001985
  },
  "13": {
    "train_loss": 0.30643799404303235,
    "val_loss": 1.0173554834288856
  },
  "14": {
    "train_loss": 0.29063133522868156,
    "val_loss": 1.0175253035345426
  },
  "15": {
    "train_loss": 0.2773188746223847,
    "val_loss": 1.0138166406424716
  },
  "16": {
    "train_loss": 0.26858172615369164,
    "val_loss": 1.0059960115351714
  },
  "17": {
    "train_loss": 0.26068027727305887,
    "val_loss": 1.0177416899629559
  },
  "18": {
    "train_loss": 0.24854864043494065,
    "val_loss": 1.027360100520309
  },
  "19": {
    "train_loss": 0.23770775496959687,
    "val_loss": 1.0103202077162374
  },
  "20": {
    "train_loss": 0.22883878859380882,
    "val_loss": 1.0150455226850075
  },
  "21": {
    "train_loss": 0.22192284911870958,
    "val_loss": 1.019094230956398
  },
  "22": {
    "train_loss": 0.2151522851238648,
    "val_loss": 1.0108456190588186
  },
  "23": {
    "train_loss": 0.20783821903169156,
    "val_loss": 1.0151599136021106
  },
  "24": {
    "train_loss": 0.20014645059903463,
    "val_loss": 1.011798175740114
  },
  "25": {
    "train_loss": 0.1950042501091957,
    "val_loss": 1.0106947555808194
  },
  "26": {
    "train_loss": 0.1867831097294887,
    "val_loss": 1.0170490650072073
  },
  "27": {
    "train_loss": 0.179721271370848,
    "val_loss": 1.0101654930096022
  },
  "28": {
    "train_loss": 0.17255650187532107,
    "val_loss": 1.0146038167120424
  },
  "29": {
    "train_loss": 0.16418948757151763,
    "val_loss": 1.006793467128106
  },
  "30": {
    "train_loss": 0.158799646794796,
    "val_loss": 1.0126727624524696
  },
  "31": {
    "train_loss": 0.1546790879840652,
    "val_loss": 1.0088839613784026
  },
  "32": {
    "train_loss": 0.14719771407544613,
    "val_loss": 1.007500560002518
  },
  "33": {
    "train_loss": 0.14014442805200816,
    "val_loss": 1.0092012985885959
  },
  "34": {
    "train_loss": 0.13182586338371038,
    "val_loss": 1.0072115068420924
  },
  "35": {
    "train_loss": 0.12585058442006508,
    "val_loss": 1.005125758445744
  },
  "36": {
    "train_loss": 0.11897255362321933,
    "val_loss": 1.0090633388904584
  },
  "37": {
    "train_loss": 0.11331381586690743,
    "val_loss": 1.0078837177755
  },
  "38": {
    "train_loss": 0.10718990912040074,
    "val_loss": 1.0083760954163155
  },
  "39": {
    "train_loss": 0.10363998344788948,
    "val_loss": 1.009679801319726
  },
  "40": {
    "train_loss": 0.09655783573786418,
    "val_loss": 1.0063430875947232
  },
  "41": {
    "train_loss": 0.09004101241007448,
    "val_loss": 1.007760716455717
  },
  "42": {
    "train_loss": 0.08551795743405818,
    "val_loss": 1.0087991374923149
  },
  "43": {
    "train_loss": 0.08021822016065319,
    "val_loss": 1.007305713853566
  },
  "44": {
    "train_loss": 0.07553538521751761,
    "val_loss": 1.0072555664014848
  },
  "45": {
    "train_loss": 0.07104943571612239,
    "val_loss": 1.0078160231215103
  },
  "46": {
    "train_loss": 0.06848810147494078,
    "val_loss": 1.009338840759786
  },
  "47": {
    "train_loss": 0.06388954144592086,
    "val_loss": 1.01104655758827
  },
  "48": {
    "train_loss": 0.05964969714793066,
    "val_loss": 1.0095665479670666
  },
  "49": {
    "train_loss": 0.055822471311936774,
    "val_loss": 1.007300222927006
  },
  "50": {
    "train_loss": 0.05235685119405389,
    "val_loss": 1.0059794520794336
  },
  "51": {
    "train_loss": 0.05015006798009078,
    "val_loss": 1.0112090008396384
  },
  "52": {
    "train_loss": 0.046737461381902295,
    "val_loss": 1.0227968198329715
  },
  "53": {
    "train_loss": 0.04531135653766493,
    "val_loss": 1.0094860543875257
  },
  "54": {
    "train_loss": 0.04878228133699546,
    "val_loss": 1.0093375524661192
  },
  "55": {
    "train_loss": 0.04168605712863306,
    "val_loss": 1.0070356632894497
  }
}