{
  "Lx": 5.646326726202516,
  "Ly": 4.297698458874006,
  "Lz": 5.128421518238398,
  "nx": 46,
  "ny": 12,
  "nz": 8,
  "xm0": 0.1555538588351943,
  "xm1": 0.4010463251918254,
  "ym0": 0.858403121616175,
  "ym1": 1.574686198095176,
  "zm0": 0.5948794713397139,
  "zm1": 1.8769848508993134,
  "E": 172116069229.3307,
  "nu": 0.16025411143363125,
  "rho": 7402.983049884995,
  "m_add": 35.98044855804797,
  "freq": 132.9813352845369,
  "a_base": 9.885794485090287,
  "zeta": 0.0036667991228364737
}