{
  "Lx": 4.995721571452968,
  "Ly": 2.276637978894768,
  "Lz": 9.856486387946374,
  "nx": 46,
  "ny": 19,
  "nz": 12,
  "xm0": 0.4445348876198633,
  "xm1": 0.6617401733352097,
  "ym0": 1.8736767459661827,
  "ym1": 2.113322849007737,
  "zm0": 8.67646909725684,
  "zm1": 10.319216828581236,
  "E": 132496741237.49709,
  "nu": 0.2709446449941949,
  "rho": 7318.2482518165,
  "m_add": 36.94869842684864,
  "freq": 220.64237651723215,
  "a_base": 1.8475038433521322,
  "zeta": 0.002238264796612214
}