node_id,x,y,z,ux,uy,uz,ux_abs,uy_abs,uz_abs
0,6.146397662428685,0.0,0.0,2.6680895582926164e-11,-9.833057183417047e-11,1.2065498225281655e-10,2.452062165688058e-10,1.9479973639181423e-10,1.392187443113928e-10
1,6.6585974676310755,0.0,0.0,2.7008188711628964e-11,-1.3253682121284265e-10,1.6637378536600402e-10,2.4834464251794454e-10,2.765015260907677e-10,1.8885159009433788e-10
2,6.6585974676310755,0.550440620071836,0.0,5.937676058180352e-11,-1.3200974746654665e-10,1.5221981598314748e-10,1.8108256636173071e-10,2.743695821082393e-10,1.7435357277802335e-10
3,6.6585974676310755,0.550440620071836,0.29722043538289394,3.540134328753131e-11,-1.245663574635467e-10,1.523910960658052e-10,1.639702503157831e-10,2.7394944657564323e-10,1.7436468212168052e-10
4,6.6585974676310755,0.0,0.29722043538289394,2.2171620441309183e-12,-1.248775470332086e-10,1.657342332574387e-10,2.367565998769147e-10,2.7558954624548354e-10,1.8803740742227083e-10
5,6.146397662428685,0.550440620071836,0.0,5.853090396087496e-11,-9.919854322157636e-11,1.087189984439413e-10,1.7725654323632867e-10,1.9169319255503338e-10,1.2633369686316018e-10
6,6.146397662428685,0.0,0.29722043538289394,2.3971545880454416e-12,-9.124465363767104e-11,1.2005854854908855e-10,2.3315527920336403e-10,1.9383757245983887e-10,1.3797669905502665e-10
7,6.6585974676310755,1.100881240143672,0.29722043538289394,6.281756042456539e-11,-1.2480577626571218e-10,1.3357881815226438e-10,1.0657012833607319e-10,2.7138726270331493e-10,1.5634801942748007e-10
8,6.146397662428685,0.550440620071836,0.29722043538289394,3.498390373183691e-11,-9.223634742549164e-11,1.0872167908609793e-10,1.5961592824122124e-10,1.9087509240962757e-10,1.257323187972212e-10
9,6.6585974676310755,0.550440620071836,0.5944408707657879,1.3445526928279451e-11,-1.17439231769984e-10,1.5367173709121205e-10,1.4920116726541064e-10,2.741637191948904e-10,1.7511601333486888e-10
10,6.6585974676310755,1.100881240143672,0.0,8.43992226593468e-11,-1.324347358689436e-10,1.3320248469376408e-10,1.296452520779043e-10,2.7160294918211155e-10,1.5608339394565255e-10
11,5.634197857226294,0.0,0.0,2.449101800401206e-11,-6.07012218700115e-11,7.269368431295163e-11,2.3227335077517902e-10,1.0505377954017641e-10,8.749273835811056e-11
12,6.6585974676310755,0.0,0.5944408707657879,-1.9596637741945334e-11,-1.1682836435581785e-10,1.655582871183083e-10,2.268868775282357e-10,2.7514445348440705e-10,1.8736575937253434e-10
13,6.146397662428685,1.100881240143672,0.0,8.302411008447545e-11,-1.0145817679687185e-10,9.559110171004435e-11,1.2718590590832782e-10,1.893331934165342e-10,1.121367870269365e-10
14,6.6585974676310755,1.100881240143672,0.5944408707657879,4.274811069422842e-11,-1.1854802810508887e-10,1.3448291672221994e-10,8.496837970435289e-11,2.7219553219481766e-10,1.5682571127853707e-10
15,6.146397662428685,1.100881240143672,0.29722043538289394,6.147872641858487e-11,-9.402113577344527e-11,9.556140649238041e-11,1.0361639927020248e-10,1.8849486731761382e-10,1.1175710672076345e-10
16,5.634197857226294,0.550440620071836,0.0,5.570617575582157e-11,-6.114670784609073e-11,6.198770652021452e-11,1.6595335381239243e-10,9.887488632762188e-11,7.514584710445485e-11
17,6.146397662428685,0.0,0.5944408707657879,-1.8033888400797622e-11,-8.438221861281086e-11,1.199765023392901e-10,2.2301922467525024e-10,1.9332942297950528e-10,1.3694386018897282e-10
18,6.146397662428685,0.550440620071836,0.5944408707657879,1.4103996423665833e-11,-8.593215411751815e-11,1.0966713150135757e-10,1.4481976434294028e-10,1.908023434033295e-10,1.2581225129870975e-10
19,5.634197857226294,0.0,0.29722043538289394,1.2128987052685598e-12,-5.5490462767109285e-11,7.214286492725911e-11,2.2028944320670467e-10,1.0491527926122823e-10,8.518430132299385e-11
20,6.6585974676310755,1.651321860215508,0.29722043538289394,8.834245395788946e-11,-1.2695976389033905e-10,1.1564844118819961e-10,8.931985814107938e-11,2.7168937214918667e-10,1.3904175566415759e-10
21,5.634197857226294,0.550440620071836,0.29722043538289394,3.3002836176384224e-11,-5.5972369667717625e-11,6.131409118785921e-11,1.4840821676902608e-10,9.871467320139382e-11,7.305143552372456e-11
22,6.6585974676310755,0.550440620071836,0.8916613061486818,-7.721561942422262e-12,-1.0962038251513425e-10,1.5750203792373516e-10,1.3711647262828818e-10,2.741202279952693e-10,1.7802359973767518e-10
23,6.6585974676310755,1.651321860215508,0.0,1.0822649434594179e-10,-1.352423963246366e-10,1.1509855141741766e-10,1.1160873259572807e-10,2.7206234751482835e-10,1.3866828853629755e-10
24,6.6585974676310755,1.651321860215508,0.5944408707657879,6.918198921728117e-11,-1.196943630931406e-10,1.1639571465494275e-10,6.918574999319418e-11,2.7221921983988596e-10,1.3938968344191755e-10
25,6.146397662428685,1.100881240143672,0.5944408707657879,4.172661249227589e-11,-8.737613764457347e-11,9.5576566049155e-11,8.213523835353684e-11,1.884349489578356e-10,1.1129487665302087e-10
26,5.121998052023904,0.0,0.0,2.062820639638594e-11,-2.02567378129758e-11,2.3556670926751064e-11,2.049841679819811e-10,2.0586587786881434e-11,3.7261244467121665e-11
27,6.6585974676310755,0.0,0.8916613061486818,-3.9312645964578556e-11,-1.0727389953781335e-10,1.6819739595005374e-10,2.18711610167923e-10,2.7423897543481727e-10,1.890039787269753e-10
28,6.6585974676310755,1.100881240143672,0.8916613061486818,2.1990465312246164e-11,-1.1212394683990357e-10,1.3648856326519606e-10,6.470427882331215e-11,2.7283475218682446e-10,1.5819326483595056e-10
29,6.146397662428685,1.651321860215508,0.0,1.0589724582675239e-10,-1.0516742977333824e-10,7.998337911885066e-11,1.0935361648485539e-10,1.8928858460966906e-10,9.534040532323722e-11
30,6.146397662428685,1.651321860215508,0.29722043538289394,8.592528167811557e-11,-9.70304606574039e-11,7.995889353540418e-11,8.686331334323103e-11,1.8831832407156153e-10,9.521353743626693e-11
31,5.634197857226294,1.100881240143672,0.0,7.893972706512484e-11,-6.257548781475972e-11,5.31039922345188e-11,1.1954008809927843e-10,9.470570083240165e-11,6.316329563704387e-11
32,5.634197857226294,1.100881240143672,0.29722043538289394,5.7873385025268996e-11,-5.6668353772587444e-11,5.2371262601650814e-11,9.620279705177187e-11,9.440721773436597e-11,6.171337910894224e-11
33,5.121998052023904,0.550440620071836,0.0,4.9818741989661257e-11,-2.0289606519757455e-11,1.8117714965706485e-11,1.4480557595728384e-10,2.205637408649462e-11,2.7794348414696522e-11
34,6.146397662428685,0.0,0.8916613061486818,-3.5635891057410456e-11,-7.651937696232532e-11,1.2154717700242323e-10,2.1443813320724515e-10,1.9245210399002572e-10,1.3724153803633278e-10
35,6.146397662428685,0.550440620071836,0.8916613061486818,-5.295482351581117e-12,-7.880322214264138e-11,1.1219107216982903e-10,1.326940002088214e-10,1.9037385545896346e-10,1.2724954139735574e-10
36,5.634197857226294,0.0,0.5944408707657879,-1.7397705917999566e-11,-5.0604754178795893e-11,7.251642304931693e-11,2.1038678241947216e-10,1.0492752356249407e-10,8.358206733798162e-11
37,5.634197857226294,0.550440620071836,0.5944408707657879,1.3664604149945787e-11,-5.0872082724092745e-11,6.175816885284343e-11,1.3416277620630128e-10,9.876611936073261e-11,7.194461804196599e-11
38,5.121998052023904,0.0,0.29722043538289394,4.544140166848942e-13,-1.7200731537574578e-11,2.261572175362474e-11,1.938291117941014e-10,1.8795200845950178e-11,3.230734414081433e-11
39,6.6585974676310755,2.201762480287344,0.29722043538289394,1.1523988944922962e-10,-1.3021622108619786e-10,9.690939618579904e-11,1.3146449093546856e-10,2.750065502435449e-10,1.2056796390470372e-10
40,6.6585974676310755,1.651321860215508,0.8916613061486818,4.9657472072865986e-11,-1.1269549235334416e-10,1.1708374723457508e-10,5.1626575271440857e-11,2.7275000856614166e-10,1.3968672944236348e-10
41,6.146397662428685,1.651321860215508,0.5944408707657879,6.662897009237243e-11,-8.885781374616817e-11,8.027126942581437e-11,6.66369589025641e-11,1.8773973028069684e-10,9.531971883306398e-11
42,5.121998052023904,0.550440620071836,0.29722043538289394,2.9956789229015907e-11,-1.697908842444226e-11,1.6519500674930544e-11,1.287126658316674e-10,1.7512308104329183e-11,2.3370393193200718e-11
43,6.6585974676310755,0.550440620071836,1.1888817415315758,-2.7960237197588508e-11,-1.0117002858791632e-10,1.6499028891858156e-10,1.281531271861436e-10,2.735796371621749e-10,1.842395843699217e-10
44,6.146397662428685,1.100881240143672,0.8916613061486818,2.1944711721931405e-11,-8.04169189271536e-11,9.585757650007039e-11,6.241081903883505e-11,1.8822791004307623e-10,1.1106447511255708e-10
45,6.6585974676310755,2.201762480287344,0.0,1.3354536824182094e-10,-1.388304550120936e-10,9.685660647624428e-11,1.4169764010619737e-10,2.7546282812814305e-10,1.2059528441075747e-10
46,6.6585974676310755,2.201762480287344,0.5944408707657879,9.70442099925548e-11,-1.224908970101688e-10,9.69923722565517e-11,1.24659623303058e-10,2.753938792876826e-10,1.2044332692156098e-10
47,5.634197857226294,1.100881240143672,0.5944408707657879,3.87123822619022e-11,-5.0381945067267636e-11,5.222677466814716e-11,7.540565488777835e-11,9.402354353283546e-11,6.075928255135193e-11
48,4.609798246821514,0.0,0.0,1.3609387987024355e-11,1.4537699682901371e-11,-1.2417834821622793e-11,1.6216567554439828e-10,7.020237437959674e-11,1.7012749641066052e-11
49,6.6585974676310755,0.0,1.1888817415315758,-5.81426476595736e-11,-9.713631283710226e-11,1.7528435535066973e-10,2.1224160973498782e-10,2.730662934178522e-10,1.946097738630461e-10
50,6.6585974676310755,1.100881240143672,1.1888817415315758,1.2085633525951269e-12,-1.0424429350605317e-10,1.4018190299714744e-10,4.839093404032796e-11,2.7250299867678633e-10,1.6108852975764154e-10
51,6.146397662428685,2.201762480287344,0.0,1.305507596993104e-10,-1.0873413606383923e-10,6.513064073341269e-11,1.384186647221253e-10,1.9077743689860275e-10,7.846128278778987e-11
52,6.146397662428685,2.201762480287344,0.29722043538289394,1.1233926722826953e-10,-1.002381047727374e-10,6.474455609905951e-11,1.2831823843078574e-10,1.8989427416841687e-10,7.835106970003598e-11
53,5.634197857226294,1.651321860215508,0.0,9.965579971588521e-11,-6.629741178230449e-11,4.4310272826350125e-11,1.0289757305964974e-10,9.435256422790105e-11,5.051754974226066e-11
54,5.634197857226294,1.651321860215508,0.29722043538289394,8.046352742888361e-11,-5.990667548657854e-11,4.361176922881057e-11,8.124684155762028e-11,9.388389697286324e-11,4.9752281747706425e-11
55,5.121998052023904,1.100881240143672,0.0,7.069620823239727e-11,-2.2309685978455866e-11,1.542219594141009e-11,1.0501042129920662e-10,2.8472629723098446e-11,1.844578396336978e-11
56,6.6585974676310755,2.201762480287344,0.8916613061486818,7.876488068685534e-11,-1.1484177084665793e-10,9.714166162682915e-11,1.2130870276371278e-10,2.7570988401049065e-10,1.2045724262332227e-10
57,6.146397662428685,1.651321860215508,0.8916613061486818,4.757683607132189e-11,-8.079879783927817e-11,8.05577434807021e-11,4.9610476298361786e-11,1.872645625565634e-10,9.546000643323768e-11
58,5.121998052023904,1.100881240143672,0.29722043538289394,5.193020752784129e-11,-1.8671260943617663e-11,1.37576966389511e-11,8.378607750780343e-11,2.228293219607501e-11,1.5716375376818108e-11
59,4.609798246821514,0.550440620071836,0.0,3.814810512217045e-11,1.3044717679218194e-11,-1.847348680412487e-11,1.1277444394729378e-10,8.574341931835054e-11,1.8608280629414246e-11
60,6.146397662428685,0.0,1.1888817415315758,-5.214992494080804e-11,-6.84965821415724e-11,1.2517335360385543e-10,2.0731116408409157e-10,1.913804603262319e-10,1.3938973356642882e-10
61,6.146397662428685,0.550440620071836,1.1888817415315758,-2.332919707212455e-11,-7.104826923748426e-11,1.163447252872558e-10,1.2327565310506272e-10,1.8947383983203013e-10,1.3020892117750745e-10
62,5.634197857226294,0.0,0.8916613061486818,-3.3561863585031535e-11,-4.442425636934073e-11,7.33392657281048e-11,2.021238170221814e-10,1.041137691241639e-10,8.244900200588277e-11
63,5.634197857226294,0.550440620071836,0.8916613061486818,-4.209854565858564e-12,-4.461311912265441e-11,6.293817873044807e-11,1.2261460820353412e-10,9.809468740956557e-11,7.160976765621954e-11
64,5.121998052023904,0.0,0.5944408707657879,-1.5938865011681108e-11,-1.4588016004699963e-11,2.2152725623410668e-11,1.8480274888717164e-10,1.801269209968871e-11,2.8023159742300406e-11
65,6.6585974676310755,1.651321860215508,1.1888817415315758,2.963950828437254e-11,-1.0467874994741189e-10,1.180306139798081e-10,4.014128956618397e-11,2.724636027680909e-10,1.403079387991623e-10
66,5.121998052023904,0.550440620071836,0.5944408707657879,1.2473454968804852e-11,-1.3367070703118862e-11,1.53303108274294e-11,1.1572160647924355e-10,1.338315786590418e-11,1.9596619053919644e-11
67,4.609798246821514,0.0,0.29722043538289394,-2.625011980622632e-12,1.6418263941720876e-11,-1.5234558786653415e-11,1.5282391823357316e-10,6.624920608148663e-11,1.5618700090588164e-11
68,6.6585974676310755,2.7522031003591803,0.29722043538289394,1.4939780623837273e-10,-1.3277520759907327e-10,7.796350511197232e-11,2.1059117736501818e-10,2.7811094675392157e-10,1.0140638130692816e-10
69,6.146397662428685,2.201762480287344,0.5944408707657879,9.39307818025645e-11,-9.174556475519119e-11,6.458793889924441e-11,1.2124740418099464e-10,1.8934323991166404e-10,7.846740403286068e-11
70,5.634197857226294,1.651321860215508,0.5944408707657879,6.181408831222705e-11,-5.229714307519639e-11,4.464829824112795e-11,6.184086993737064e-11,9.290781378303477e-11,5.055766065597308e-11
71,4.609798246821514,0.550440620071836,0.29722043538289394,2.2063594180439905e-11,1.5629427893502404e-11,-2.1392939927424657e-11,9.960917188946707e-11,8.118056540957135e-11,2.176382168644455e-11
72,6.6585974676310755,0.550440620071836,1.4861021769144698,-4.898679152393849e-11,-9.376258623829751e-11,1.7662799954252802e-10,1.2313897683266687e-10,2.729877612966271e-10,1.943922586869746e-10
73,6.146397662428685,1.100881240143672,1.1888817415315758,2.965566400850444e-12,-7.246799994712577e-11,9.702885946420643e-11,4.6423597817009265e-11,1.8736676928017273e-10,1.1167190480946689e-10
74,5.634197857226294,1.100881240143672,0.8916613061486818,2.0264449116375584e-11,-4.396327662245889e-11,5.22341403184403e-11,5.6875470591834775e-11,9.353681360937211e-11,6.0036659854792e-11
75,6.6585974676310755,2.7522031003591803,0.0,1.6721337256266187e-10,-1.4206824916497856e-10,7.799834844964109e-11,2.1279130187114347e-10,2.7859041887925327e-10,1.0129963787545652e-10
76,6.6585974676310755,2.7522031003591803,0.5944408707657879,1.3206237691275016e-10,-1.2473905817208382e-10,7.777313762260365e-11,2.1045345844973916e-10,2.784004444379374e-10,1.0134278985531451e-10
77,6.6585974676310755,2.201762480287344,1.1888817415315758,5.990751145170638e-11,-1.0637784755296746e-10,9.745885452626968e-11,1.2131478674895352e-10,2.753284832965963e-10,1.207885542704636e-10
78,6.146397662428685,2.201762480287344,0.8916613061486818,7.57588183277138e-11,-8.32866074468227e-11,6.483777755143576e-11,1.1778215428903608e-10,1.888448547278241e-10,7.905492313945221e-11
79,5.121998052023904,1.100881240143672,0.5944408707657879,3.491844278180666e-11,-1.3279027219595211e-11,1.3503414339237193e-11,6.507127126212668e-11,1.5380668415623485e-11,1.4490559675466972e-11
80,4.097598441619123,0.0,0.0,2.60548119645275e-12,4.0881711906730214e-11,-3.659055381192939e-11,1.0582067454581667e-10,1.2920424102316337e-10,3.662374381536118e-11
81,6.6585974676310755,0.0,1.4861021769144698,-7.861365534847179e-11,-8.700296573372866e-11,1.882180437114918e-10,2.0823336737679527e-10,2.7170432787425807e-10,2.0571933161355574e-10
82,6.6585974676310755,1.100881240143672,1.4861021769144698,-1.8918558951744015e-11,-9.674763564908661e-11,1.4583216149113753e-10,4.054416763565686e-11,2.7179825959773704e-10,1.658445940899885e-10
83,6.146397662428685,1.651321860215508,1.1888817415315758,2.912607719258943e-11,-7.25263239098771e-11,8.122919727096186e-11,3.940574455236737e-11,1.8650066481221896e-10,9.602667381211676e-11
84,6.146397662428685,2.7522031003591803,0.0,1.6359750289585214e-10,-1.1235208854891276e-10,4.677329558797518e-11,2.0887648965491825e-10,1.930513036351963e-10,5.814527249231242e-11
85,6.146397662428685,2.7522031003591803,0.29722043538289394,1.4611799778472757e-10,-1.0308594653780454e-10,4.640813045031548e-11,2.06964684674035e-10,1.9208041050560134e-10,5.846173475829087e-11
86,5.634197857226294,2.201762480287344,0.0,1.234199930153942e-10,-7.133481097042874e-11,3.624603718261303e-11,1.305845593807757e-10,9.726019216241518e-11,3.847817181104401e-11
87,5.634197857226294,2.201762480287344,0.29722043538289394,1.0551644782517114e-10,-6.388365219201294e-11,3.496278878907925e-11,1.2058196072099627e-10,9.614186111023279e-11,3.76092398776e-11
88,5.121998052023904,1.651321860215508,0.0,8.848632986013279e-11,-2.6624290842213424e-11,1.2348600967932815e-11,9.121249184264396e-11,3.50595978321121e-11,1.2698050787998929e-11
89,6.6585974676310755,2.7522031003591803,0.8916613061486818,1.14385632059857e-10,-1.1731650656884541e-10,7.730955821151142e-11,2.1168204317945643e-10,2.7880122248904666e-10,1.0128078962976824e-10
90,5.121998052023904,1.651321860215508,0.29722043538289394,7.198085883687629e-11,-2.2854773037596926e-11,1.0523264491956123e-11,7.254214560435893e-11,2.8084691637365573e-11,1.1080896270830381e-11
91,4.609798246821514,1.100881240143672,0.0,5.6046772312153394e-11,1.2312426874116943e-11,-2.05545964737123e-11,8.214107511839247e-11,9.648814513105037e-11,2.3348133167126544e-11
92,5.634197857226294,1.651321860215508,0.8916613061486818,4.460809292730537e-11,-4.450996949008332e-11,4.680614172334587e-11,4.674055979611564e-11,9.198720638053946e-11,5.2470311164575014e-11
93,4.609798246821514,1.100881240143672,0.29722043538289394,4.121773313285502e-11,1.2974615368979178e-11,-2.4397985560625765e-11,6.502982416064364e-11,9.010888999717447e-11,2.8381095455862078e-11
94,4.097598441619123,0.550440620071836,0.0,2.1560001523628578e-11,3.779154838801171e-11,-4.122684572890837e-11,7.155311587169937e-11,1.4623037121889413e-10,4.297586572745911e-11
95,6.146397662428685,0.0,1.4861021769144698,-7.052523509364749e-11,-6.028200696090253e-11,1.3174811856722015e-10,2.0235490304666332e-10,1.899752212287864e-10,1.4436883558334976e-10
96,6.146397662428685,0.550440620071836,1.4861021769144698,-4.235043735491289e-11,-6.408535448682317e-11,1.21808180319089e-10,1.1723819169090056e-10,1.8848791743112063e-10,1.344998539989871e-10
97,5.634197857226294,0.0,1.1888817415315758,-4.9095383672695225e-11,-3.801907896663323e-11,7.400145536726563e-11,1.9543728831075432e-10,1.0288331258398731e-10,8.135969862370992e-11
98,5.634197857226294,0.550440620071836,1.1888817415315758,-2.074520918075839e-11,-3.7524019688284984e-11,6.475869078414145e-11,1.1366905228944359e-10,9.679612551201099e-11,7.204197350161847e-11
99,5.121998052023904,0.0,0.8916613061486818,-2.987348023708295e-11,-1.0829614441561394e-11,2.233795843887123e-11,1.774237649186886e-10,1.6545323683800513e-11,2.5035507563398618e-11
100,6.6585974676310755,1.651321860215508,1.4861021769144698,1.026540979400361e-11,-9.635305257296261e-11,1.1998996249330274e-10,4.105905001205647e-11,2.7154161129903676e-10,1.419370802080502e-10
101,5.121998052023904,0.550440620071836,0.8916613061486818,-3.1588722353589786e-12,-9.007051780725662e-12,1.4661896395563252e-11,1.0543587562102106e-10,9.214010289764168e-12,1.6767860943968695e-11
102,4.609798246821514,0.0,0.5944408707657879,-1.4697208506995685e-11,1.6561795640822922e-11,-1.7520268418191128e-11,1.454707284715248e-10,6.329009328542057e-11,1.8115291421503918e-11
103,4.609798246821514,0.550440620071836,0.5944408707657879,9.495254024223075e-12,1.855756514240144e-11,-2.2775784726389276e-11,8.938599749674685e-11,7.799127171224715e-11,2.478009522204091e-11
104,4.097598441619123,0.0,0.29722043538289394,-5.007463411563156e-12,4.2547130832663794e-11,-3.722179309216028e-11,9.917279014645849e-11,1.251195696850437e-10,3.9014496572374016e-11
105,6.146397662428685,2.7522031003591803,0.5944408707657879,1.2825009822235e-10,-9.448584599449966e-11,4.58086239436254e-11,2.061823054462417e-10,1.915917818926276e-10,5.874630103474742e-11
106,5.634197857226294,2.201762480287344,0.5944408707657879,8.761086225457299e-11,-5.6650385658402715e-11,3.492032135587583e-11,1.1350000606805379e-10,9.55237254815492e-11,3.8028779648421276e-11
107,6.6585974676310755,2.7522031003591803,1.1888817415315758,9.519449059358104e-11,-1.0904747591650351e-10,7.686910706379465e-11,2.1382716291153158e-10,2.78504677424697e-10,1.0152637840702031e-10
108,6.146397662428685,2.201762480287344,1.1888817415315758,5.825093047499618e-11,-7.435860781384709e-11,6.580636181621897e-11,1.182216623925099e-10,1.8797974098564346e-10,8.038959572517621e-11
109,5.121998052023904,1.651321860215508,0.5944408707657879,5.634673696347723e-11,-1.6785953864751823e-11,1.1132298804310382e-11,5.640504964175356e-11,2.0094329598457783e-11,1.1709846924551045e-11
110,4.097598441619123,0.550440620071836,0.29722043538289394,1.3857445070946227e-11,4.1109948792460007e-11,-4.164711418378247e-11,6.341741066727712e-11,1.4175921279189846e-10,4.606898956786652e-11
111,6.6585974676310755,0.550440620071836,1.7833226122973636,-7.236518623537979e-11,-8.47025573562024e-11,1.9267113508583876e-10,1.2377931409826488e-10,2.713634740636125e-10,2.0887839269343322e-10
112,6.146397662428685,1.100881240143672,1.4861021769144698,-1.5334759943854546e-11,-6.480136794691629e-11,9.897304519195706e-11,3.7514447117783924e-11,1.8624310812702098e-10,1.1305707812068392e-10
113,5.634197857226294,1.100881240143672,1.1888817415315758,3.160961185073724e-12,-3.7221600813213275e-11,5.2722765190721916e-11,4.2023143599732064e-11,9.267324833733338e-11,5.986913393907282e-11
114,6.6585974676310755,2.201762480287344,1.4861021769144698,4.143745166898713e-11,-9.742276587730147e-11,9.842073095581941e-11,1.252512093613893e-10,2.7430352472717987e-10,1.218381567831434e-10
115,5.121998052023904,1.100881240143672,0.8916613061486818,1.932321039199558e-11,-7.405931243307318e-12,1.3866791749433106e-11,4.87635131903808e-11,8.653799213790849e-12,1.4237016147524509e-11
116,6.146397662428685,2.7522031003591803,0.8916613061486818,1.1034267280586337e-10,-8.631617864377922e-11,4.520530574834057e-11,2.06873779015762e-10,1.913142765448508e-10,5.932570771620641e-11
117,5.634197857226294,2.201762480287344,0.8916613061486818,7.134009934707172e-11,-4.871565848703255e-11,3.6642749470530724e-11,1.1069766821207165e-10,9.46559889590335e-11,4.022425628037656e-11
118,4.609798246821514,1.100881240143672,0.5944408707657879,2.8892308449762272e-11,1.709298661450343e-11,-2.5981931931495575e-11,5.065886456161369e-11,8.599030127491336e-11,3.133152066378931e-11
119,3.5853986364167327,0.0,0.0,2.6847165003492975e-12,5.3137307128785274e-11,-2.3716189698183105e-11,4.073365388549405e-11,1.6034479364531532e-10,2.5562733610847667e-11
120,6.6585974676310755,0.0,1.7833226122973636,-1.0001244839084248e-10,-7.423878089461036e-11,2.0692202841519786e-10,2.0680511084045946e-10,2.693578802287101e-10,2.22536566913998e-10
121,6.6585974676310755,1.100881240143672,1.7833226122973636,-4.080778167896151e-11,-8.963936452750607e-11,1.5316304965282385e-10,4.688773884142757e-11,2.706559400537635e-10,1.7227785428068217e-10
122,6.146397662428685,1.651321860215508,1.4861021769144698,1.1453044412161538e-11,-6.41975324400242e-11,8.237178615852029e-11,4.040589390413602e-11,1.853767370838643e-10,9.710250537521561e-11
123,5.634197857226294,1.651321860215508,1.1888817415315758,2.8754543325498256e-11,-3.6918672713026815e-11,4.925817933245799e-11,3.8424747292210297e-11,9.111916105670738e-11,5.478276254565607e-11
124,5.634197857226294,2.7522031003591803,0.0,1.5646253208401835e-10,-7.621795221404088e-11,1.8004045265365675e-11,1.9916901438821425e-10,1.0168993954940955e-10,1.8035135677511486e-11
125,5.634197857226294,2.7522031003591803,0.29722043538289394,1.3811505305927531e-10,-6.76939517738248e-11,1.5956229418484288e-11,1.9604152886735009e-10,1.0007026571818699e-10,1.6253201940458634e-11
126,5.121998052023904,2.201762480287344,0.0,1.0979230565294791e-10,-3.4606103584521696e-11,4.333775379537586e-12,1.1594069757116953e-10,4.20285879852774e-11,1.818732847733148e-11
127,5.121998052023904,2.201762480287344,0.29722043538289394,9.424473551633664e-11,-2.7884669428145188e-11,2.3935598675048e-12,1.0737309146497745e-10,3.2456555047139374e-11,1.6295699149902533e-11
128,4.609798246821514,1.651321860215508,0.0,7.18685737278376e-11,1.0183618446084103e-11,-7.610196537677207e-12,7.378010816575198e-11,1.0215451667831408e-10,2.7877736833006148e-11
129,4.609798246821514,1.651321860215508,0.29722043538289394,5.927287483740932e-11,1.1534372443681521e-11,-1.1779206662277497e-11,5.958561010796582e-11,9.465701286545168e-11,2.991699512331407e-11
130,4.097598441619123,1.100881240143672,0.0,3.8145952646548175e-11,3.991720421387717e-11,-4.083499828382416e-11,5.377076850985267e-11,1.584860684471456e-10,4.896899781442032e-11
131,6.6585974676310755,2.7522031003591803,1.4861021769144698,7.589922371083188e-11,-9.952405886482153e-11,7.704355564549519e-11,2.1786271958466176e-10,2.7738617065652747e-10,1.0250380200582701e-10
132,6.146397662428685,2.7522031003591803,1.1888817415315758,9.267338495465456e-11,-7.705795547637747e-11,4.532912420093611e-11,2.0928982468164473e-10,1.9041366483759891e-10,6.075692174331027e-11
133,5.121998052023904,1.651321860215508,0.8916613061486818,4.2475206427306185e-11,-9.241902272392545e-12,1.326008414558106e-11,4.4449878484423914e-11,1.1580817296711846e-11,1.3694940953321322e-11
134,4.097598441619123,1.100881240143672,0.29722043538289394,2.7714298129422188e-11,3.904836906413331e-11,-4.603636715010171e-11,4.1809001073463274e-11,1.512968901439995e-10,5.557707181572781e-11
135,3.5853986364167327,0.550440620071836,0.0,1.6847211231139736e-11,5.2659484660715195e-11,-4.1389398592534915e-11,3.0090594181218984e-11,1.7904624057985223e-10,4.620921815604999e-11
136,6.146397662428685,0.0,1.7833226122973636,-9.048011727215583e-11,-4.971315321986941e-11,1.4125759457068626e-10,1.9986214291347238e-10,1.8763741737070992e-10,1.5233441375968354e-10
137,6.146397662428685,0.550440620071836,1.7833226122973636,-6.432258235279523e-11,-5.575271130842666e-11,1.2885220211507289e-10,1.1649036698406686e-10,1.8662672425500976e-10,1.404263903664116e-10
138,5.634197857226294,0.0,1.4861021769144698,-6.666652163455225e-11,-3.215460913376142e-11,7.50320226884615e-11,1.9099132192616488e-10,1.0138976209795676e-10,8.086274279528115e-11
139,5.634197857226294,0.550440620071836,1.4861021769144698,-3.828399701697756e-11,-3.121693152646982e-11,6.684444680000356e-11,1.0788285284858409e-10,9.540107415205427e-11,7.29442002455715e-11
140,5.121998052023904,0.0,1.1888817415315758,-4.299554331518189e-11,-6.6002439208453654e-12,2.309589283259116e-11,1.71489743230962e-10,1.4843891923293928e-11,2.37721539547653e-11
141,6.6585974676310755,1.651321860215508,1.7833226122973636,-9.61907701734438e-12,-8.840738268924659e-11,1.228308031886767e-10,5.3282335091550644e-11,2.7020317413803105e-10,1.444707143559647e-10
142,5.121998052023904,0.550440620071836,1.1888817415315758,-1.7208300040948257e-11,-3.958923606592042e-12,1.4853344929113537e-11,9.750413094198101e-11,5.196256712231272e-12,1.5478888048442368e-11
143,4.609798246821514,0.0,0.8916613061486818,-2.372256350975835e-11,1.714414749984395e-11,-1.888215485422621e-11,1.3933100395147392e-10,6.185284476681384e-11,2.2589554821525286e-11
144,4.609798246821514,0.550440620071836,0.8916613061486818,-1.111080631904517e-12,2.1636090151530664e-11,-2.3752206796088127e-11,8.117176070736886e-11,7.638120523285041e-11,2.8142343786262648e-11
145,4.097598441619123,0.0,0.5944408707657879,-1.019834143336745e-11,4.2407251208905034e-11,-3.8829230595231684e-11,9.384364356997968e-11,1.2216097466643145e-10,4.4362416405473236e-11
146,6.146397662428685,2.201762480287344,1.4861021769144698,4.153308516459366e-11,-6.47098946676636e-11,6.70895843329131e-11,1.223449887576873e-10,1.8658777189034072e-10,8.211747778191494e-11
147,4.097598441619123,0.550440620071836,0.5944408707657879,7.543224357211605e-12,4.474202160733027e-11,-4.2341356534283254e-11,5.6716888854591406e-11,1.390115649587714e-10,4.998790118160519e-11
148,3.5853986364167327,0.0,0.29722043538289394,-3.0330718336490776e-12,5.921979249853775e-11,-2.5699413671320966e-11,3.669812039323401e-11,1.5783102966258527e-10,3.3087319953467546e-11
149,5.634197857226294,2.7522031003591803,0.5944408707657879,1.2044482826324997e-10,-6.056251829020106e-11,1.456362003939824e-11,1.9453621584527067e-10,9.975517946968237e-11,1.561405297001094e-11
150,5.121998052023904,2.201762480287344,0.5944408707657879,7.933995821501925e-11,-2.151854732432598e-11,1.4689952188555208e-12,1.016217177008338e-10,2.3953307784370854e-11,1.4136158364591716e-11
151,5.634197857226294,2.201762480287344,1.1888817415315758,5.671741604671705e-11,-3.9545351189245457e-11,3.92706013405605e-11,1.1173564498184224e-10,9.327862764496511e-11,4.339192458686971e-11
152,4.609798246821514,1.651321860215508,0.5944408707657879,4.70086887304118e-11,1.547831739413259e-11,-1.6594328357370616e-11,4.710570890604315e-11,8.93004781594258e-11,3.2173180576556995e-11
153,3.5853986364167327,0.550440620071836,0.29722043538289394,7.621885366818196e-12,5.895094921627684e-11,-4.393476255867405e-11,2.3167983617878645e-11,1.755622550693082e-10,5.255264145867263e-11
154,6.6585974676310755,0.550440620071836,2.0805430476802576,-9.747482384344452e-11,-7.279160806456429e-11,2.121437212391065e-10,1.3072134162203644e-10,2.6864561115967954e-10,2.2688988437914148e-10
155,6.146397662428685,1.100881240143672,1.7833226122973636,-3.5926483232234625e-11,-5.6992616330972424e-11,1.0115396872864044e-10,4.206115802348939e-11,1.8463841031532528e-10,1.1476674218531055e-10
156,5.634197857226294,1.100881240143672,1.4861021769144698,-1.3561054774004794e-11,-3.052369343991055e-11,5.333141656754667e-11,3.3569663257488044e-11,9.146022298948514e-11,5.995232903176689e-11
157,6.6585974676310755,2.201762480287344,1.7833226122973636,2.3406906972451546e-11,-8.836519277559286e-11,1.0003000708496998e-10,1.3271246282607528e-10,2.727576520146394e-10,1.2358099051269706e-10
158,5.121998052023904,1.100881240143672,1.1888817415315758,4.466772958500623e-12,-1.8728260005742697e-12,1.4022926623607618e-11,3.5309692864746085e-11,3.0291017377680868e-12,1.4106688782287706e-11
159,4.609798246821514,1.100881240143672,0.8916613061486818,1.761898650682664e-11,2.2772421449128697e-11,-2.6817117546508577e-11,3.796191528093574e-11,8.402091155623542e-11,3.3485806946305285e-11
160,5.634197857226294,2.7522031003591803,0.8916613061486818,1.042532799814014e-10,-5.3022730330867386e-11,1.4282720906706189e-11,1.9518632039393502e-10,9.934512139141414e-11,1.671118019285073e-11
161,6.146397662428685,2.7522031003591803,1.4861021769144698,7.576436377253008e-11,-6.580058076813224e-11,4.614482873796815e-11,2.136816929604224e-10,1.886160528736006e-10,6.293093106137973e-11
162,5.121998052023904,2.201762480287344,0.8916613061486818,6.598791183265006e-11,-1.366054623522834e-11,1.6747494601600506e-12,9.930100798052058e-11,1.4779454425972277e-11,1.1659184643853513e-11
163,4.097598441619123,1.100881240143672,0.5944408707657879,1.8685404025531507e-11,4.1384231253898504e-11,-5.128152447599169e-11,3.165700139195567e-11,1.4692002628724193e-10,6.187991361644852e-11
164,3.0731988312143423,0.0,0.0,6.1913488288172115e-12,7.367015876238846e-11,-7.1498600969484e-11,2.8883674628749473e-11,1.68147815345854e-10,7.24251958606297e-11
165,6.6585974676310755,0.0,2.0805430476802576,-1.229499768936136e-10,-6.253957762867628e-11,2.2767759640942653e-10,2.0850851189960422e-10,2.673080839279562e-10,2.417261261202241e-10
166,6.6585974676310755,1.100881240143672,2.0805430476802576,-6.561597037864247e-11,-8.004963362980734e-11,1.6210856885913597e-10,6.634890358155135e-11,2.683055140721921e-10,1.80339814184893e-10
167,6.146397662428685,1.651321860215508,1.7833226122973636,-7.469238009906367e-12,-5.535224930466293e-11,8.313330104134779e-11,5.1510347212182017e-11,1.8370608975988382e-10,9.795124782141017e-11
168,5.634197857226294,1.651321860215508,1.4861021769144698,1.239883740042026e-11,-2.9201470823290216e-11,5.045915072315427e-11,3.87723544419942e-11,9.000029124050774e-11,5.6095037982351957e-11
169,6.6585974676310755,2.7522031003591803,1.7833226122973636,5.79680760464801e-11,-8.9113536635235e-11,7.776833387913813e-11,2.2425177919797314e-10,2.754765179409348e-10,1.0405271424459861e-10
170,5.121998052023904,1.651321860215508,1.1888817415315758,2.858396739945096e-11,-1.7533504051703775e-12,1.4782989507102056e-11,3.6697185351683324e-11,4.494141284073025e-12,1.505429182697795e-11
171,5.121998052023904,2.7522031003591803,0.0,1.3687435577287902e-10,-4.455366854612173e-11,-1.5994875179343282e-11,1.751626549370044e-10,4.9124078808628886e-11,3.635426264319976e-11
172,5.121998052023904,2.7522031003591803,0.29722043538289394,1.2165976652891686e-10,-3.541434330635169e-11,-1.8522342261017753e-11,1.730384458254494e-10,3.763765853906498e-11,3.475179394504848e-11
173,4.609798246821514,2.201762480287344,0.0,8.938811980379647e-11,-2.4359729377913508e-12,-1.3759071307791526e-11,9.422858647620058e-11,1.0252719126007753e-10,4.652566216907376e-11
174,4.609798246821514,2.201762480287344,0.29722043538289394,7.670055803824869e-11,5.80490870013995e-12,-1.6608677669983994e-11,8.698821537439961e-11,9.404228809865342e-11,4.544630179732113e-11
175,4.097598441619123,1.651321860215508,0.0,5.2057625657398417e-11,3.7266567986599894e-11,-2.25055711645964e-11,5.294726168756433e-11,1.639837918990517e-10,4.9858113482967423e-11
176,4.097598441619123,1.651321860215508,0.29722043538289394,3.8978397532670493e-11,3.883730179300134e-11,-3.022341811022913e-11,3.907799751287455e-11,1.5609494162119538e-10,5.442829339513828e-11
177,3.5853986364167327,1.100881240143672,0.0,2.082365044132648e-11,5.46607765056363e-11,-5.944782361772583e-11,2.4469384452405592e-11,1.9146936287260047e-10,6.944468594983476e-11
178,5.634197857226294,2.7522031003591803,1.1888817415315758,8.922522661232342e-11,-4.3243178513169536e-11,1.4975670091862072e-11,1.9770760049214048e-10,9.791757675363253e-11,1.9287900050406107e-11
179,4.609798246821514,1.651321860215508,0.8916613061486818,3.545096213512603e-11,2.1529755946722195e-11,-2.1704671802963706e-11,3.717705502302472e-11,8.625837088016457e-11,3.472510069588952e-11
180,3.5853986364167327,1.100881240143672,0.29722043538289394,1.008676143803988e-11,5.607756524486233e-11,-6.700137060294789e-11,1.4298094449703663e-11,1.8481277170233118e-10,7.821573786866504e-11
181,3.0731988312143423,0.550440620071836,0.0,4.1287509014654634e-12,7.043974436300848e-11,-7.982283622914558e-11,2.0645513229361046e-11,1.8446719064701388e-10,8.282159718432476e-11
182,6.146397662428685,0.0,2.0805430476802576,-1.1439504875547019e-10,-4.058723864469604e-11,1.4992587489293175e-10,2.0151342271647914e-10,1.8562836368937142e-10,1.598520561967819e-10
183,6.146397662428685,0.550440620071836,2.0805430476802576,-8.939426946016908e-11,-4.483529274310654e-11,1.3681732593254416e-10,1.2274205571378099e-10,1.8383976025373639e-10,1.474195297937894e-10
184,5.634197857226294,0.0,1.7833226122973636,-8.61473963686024e-11,-2.5033784517378205e-11,7.695296596033843e-11,1.8912552947005768e-10,9.90511393997044e-11,8.15005738884242e-11
185,5.634197857226294,0.550440620071836,1.7833226122973636,-5.907327233389408e-11,-2.446623738668066e-11,6.921231528419162e-11,1.0723807116586946e-10,9.33813170783511e-11,7.433517095369665e-11
186,5.121998052023904,0.0,1.4861021769144698,-5.839257323642078e-11,-3.043809587295285e-12,2.4444483978910163e-11,1.6767884646268e-10,1.323235909909369e-11,2.4445840305121753e-11
187,6.6585974676310755,1.651321860215508,2.0805430476802576,-3.208330939225042e-11,-7.925535631906732e-11,1.2577525665462493e-10,7.272387937936577e-11,2.6807724675544254e-10,1.4720694788525449e-10
188,5.121998052023904,0.550440620071836,1.4861021769144698,-3.229078593860728e-11,7.601845173181814e-13,1.5558284404062937e-11,9.233362887945845e-11,3.6332087512278245e-12,1.558416385365507e-11
189,4.609798246821514,0.0,1.1888817415315758,-3.250079518983413e-11,1.900453186932345e-11,-1.954468895527325e-11,1.3428489037638446e-10,6.224907602833881e-11,2.7871929378530022e-11
190,4.609798246821514,0.550440620071836,1.1888817415315758,-1.1727065161868985e-11,2.4887861506355937e-11,-2.5071022593474905e-11,7.466951268324573e-11,7.641943478937647e-11,3.207780470465945e-11
191,4.097598441619123,0.0,0.8916613061486818,-1.4573716027844965e-11,4.054584162424064e-11,-4.2299997465800826e-11,8.944335709753477e-11,1.202630257714255e-10,5.232190387091789e-11
192,6.146397662428685,2.201762480287344,1.7833226122973636,2.4053931404134444e-11,-5.4246715440309976e-11,6.722753360481004e-11,1.293280361472566e-10,1.8471016010073193e-10,8.301572492516663e-11
193,4.097598441619123,0.550440620071836,0.8916613061486818,1.3208406453161025e-12,4.717986555943679e-11,-4.497094550328178e-11,5.1063800135743446e-11,1.3761331264565043e-10,5.570478091411298e-11
194,3.5853986364167327,0.0,0.5944408707657879,-6.143081622708462e-12,6.028149946496893e-11,-3.280661668234667e-11,3.4216951309159016e-11,1.5552491509776034e-10,4.555034395042733e-11
195,5.634197857226294,2.201762480287344,1.4861021769144698,4.122110446066411e-11,-2.8874908066915783e-11,4.040084054872568e-11,1.150749627550128e-10,9.149889701874971e-11,4.5355513963042676e-11
196,3.5853986364167327,0.550440620071836,0.5944408707657879,1.682901216198757e-12,6.275989403885746e-11,-4.850247386997145e-11,1.9386695046056116e-11,1.7316347370628538e-10,6.059047864658427e-11
197,3.0731988312143423,0.0,0.29722043538289394,-4.0101282088748294e-12,7.43150507785198e-11,-7.623184392594011e-11,2.948062419102793e-11,1.642396565945783e-10,7.964233840947751e-11
198,5.121998052023904,2.7522031003591803,0.5944408707657879,1.0759981498749155e-10,-2.736876370891645e-11,-2.045308450180345e-11,1.7233740883776286e-10,2.7992251603336752e-11,3.2550554732443304e-11
199,4.609798246821514,2.201762480287344,0.5944408707657879,6.45819509720178e-11,1.2885206594319753e-11,-2.1649867052991392e-11,8.188398383043403e-11,8.775726979758409e-11,4.494484742725542e-11
200,5.121998052023904,2.201762480287344,1.1888817415315758,5.2398621499826044e-11,-4.6975770040223735e-12,1.2938059518426888e-12,9.908645270737423e-11,5.108121125665242e-12,8.70656117071989e-12
201,4.097598441619123,1.651321860215508,0.5944408707657879,2.8293144794595453e-11,4.099039626801289e-11,-4.087656733010193e-11,2.8454322977117367e-11,1.5040623135306085e-10,6.094933667445174e-11
202,3.0731988312143423,0.550440620071836,0.29722043538289394,-4.07414400786715e-12,7.155960115323918e-11,-8.422063523388932e-11,2.010393285129136e-11,1.7983483236868628e-10,8.954046442669124e-11
203,6.6585974676310755,0.550440620071836,2.3777634830631516,-1.3079097923104258e-10,-6.344960461082026e-11,2.2956615184146904e-10,1.4974430876126352e-10,2.6673402364784374e-10,2.4325857120996354e-10
204,6.146397662428685,1.100881240143672,2.0805430476802576,-6.017993442013192e-11,-4.68120763283962e-11,1.0362027149070231e-10,6.084045220573826e-11,1.820474489950304e-10,1.1683611806881838e-10
205,5.634197857226294,1.100881240143672,1.7833226122973636,-3.267379872023648e-11,-2.316180972564462e-11,5.349799987714048e-11,3.7914889129185623e-11,8.962759081975518e-11,5.97777197158464e-11
206,6.6585974676310755,2.201762480287344,2.0805430476802576,3.573920135022095e-12,-7.824181987174443e-11,1.0152341232790557e-10,1.4310398705068685e-10,2.7057298336488855e-10,1.2531724219417272e-10
207,5.121998052023904,1.100881240143672,1.4861021769144698,-1.1204331592538994e-11,3.2796972192309927e-12,1.320842599494932e-11,2.7720502473457007e-11,3.615325854085028e-12,1.3209789134603782e-11
208,4.609798246821514,1.100881240143672,1.1888817415315758,5.369979360680259e-12,2.8200108133988536e-11,-2.8244939039330143e-11,2.6574998820678296e-11,8.386195252947152e-11,3.589353607769088e-11
209,6.146397662428685,2.7522031003591803,1.7833226122973636,5.867326128014385e-11,-5.3021661178369515e-11,4.605373691872741e-11,2.1969884614008432e-10,1.8635155240696836e-10,6.457837436891705e-11
210,4.097598441619123,1.100881240143672,0.8916613061486818,1.0781831728654465e-11,4.600539080702329e-11,-5.636847861663714e-11,2.303608321036036e-11,1.450468279961042e-10,6.772161456917079e-11
211,5.121998052023904,2.7522031003591803,0.8916613061486818,9.462516477356619e-11,-1.8489935653303364e-11,-2.2056862037675082e-11,1.7306666338351598e-10,1.8490974280483503e-11,3.019437447333138e-11
212,5.634197857226294,2.7522031003591803,1.4861021769144698,7.316958537715655e-11,-3.0633498590908644e-11,1.4873617655563974e-11,2.012010315138079e-10,9.576738048809176e-11,2.1821199781691866e-11
213,4.609798246821514,2.201762480287344,0.8916613061486818,5.282611198093074e-11,2.05427143503534e-11,-2.8157804411900262e-11,7.88216031288681e-11,8.386705751802098e-11,4.561396981624436e-11
214,3.5853986364167327,1.100881240143672,0.5944408707657879,3.5401651655560663e-12,5.875775366137725e-11,-7.354797028109438e-11,8.631722507167023e-12,1.8071480551805644e-10,8.574330746864344e-11
215,2.560999026011952,0.0,0.0,-8.064569383120092e-12,8.278702899311367e-11,-1.0450374296188037e-10,9.49454023455705e-11,1.473797781097917e-10,1.0477747702804088e-10
216,6.6585974676310755,0.0,2.3777634830631516,-1.5829863857565653e-10,-6.02722899236525e-11,2.431371154941892e-10,2.2140629079039975e-10,2.674120381191659e-10,2.562425869707145e-10
217,6.6585974676310755,1.100881240143672,2.3777634830631516,-9.455169604837411e-11,-6.713662282503346e-11,1.7149028049223634e-10,9.463915887489286e-11,2.6512855915977334e-10,1.889355296885094e-10
218,6.146397662428685,1.651321860215508,2.0805430476802576,-2.938363165613001e-11,-4.482636079420738e-11,8.316851156824392e-11,6.99500733664862e-11,1.813229833949057e-10,9.824808243124534e-11
219,5.634197857226294,1.651321860215508,1.7833226122973636,-6.371286526725594e-12,-2.0594801705347335e-11,4.9288048163208877e-11,4.843610153916159e-11,8.839785875353145e-11,5.539571922246461e-11
220,6.6585974676310755,2.7522031003591803,2.0805430476802576,3.909941250256808e-11,-7.804586328802315e-11,7.80635751703529e-11,2.3226836425686603e-10,2.732831664863522e-10,1.0532326925303885e-10
221,5.121998052023904,1.651321860215508,1.4861021769144698,1.2171065748844842e-11,5.495032946773329e-12,1.378041628671996e-11,3.484121595895143e-11,6.056740238765902e-12,1.3912068499276715e-11
222,4.609798246821514,1.651321860215508,1.1888817415315758,2.2741514157831682e-11,2.8128909846021697e-11,-2.7323978063019467e-11,2.951764054142281e-11,8.540955347534017e-11,3.7844578423199245e-11
223,4.609798246821514,2.7522031003591803,0.0,1.1263691394184199e-10,-1.4913275597763453e-11,-3.7051590990837125e-11,1.4245032525606824e-10,9.811762464382098e-11,7.241999615158721e-11
224,4.609798246821514,2.7522031003591803,0.29722043538289394,9.82393879672719e-11,-4.737758147014362e-12,-4.1333600719207317e-11,1.3831136712033475e-10,8.777926209728507e-11,7.105962802264893e-11
225,4.097598441619123,2.201762480287344,0.0,6.366998432110357e-11,2.2329421415160024e-11,-4.356121866536807e-11,6.687595919043902e-11,1.6168004420079693e-10,7.74165847532325e-11
226,4.097598441619123,2.201762480287344,0.29722043538289394,4.976812865068084e-11,3.1330871059510665e-11,-4.989958068266726e-11,5.68117874827695e-11,1.5376851288169853e-10,7.907757835759735e-11
227,3.5853986364167327,1.651321860215508,0.0,2.229201274867295e-11,5.2527574960967985e-11,-6.054702051255108e-11,2.2367613077979096e-11,1.9679031718248147e-10,8.097750955027175e-11
228,3.5853986364167327,1.651321860215508,0.29722043538289394,1.1371132914313858e-11,5.519860818685776e-11,-6.967822790676669e-11,1.1383433026726866e-11,1.891442928229103e-10,8.84921576563245e-11
229,3.0731988312143423,1.100881240143672,0.0,-6.633529021270485e-12,6.79188529674048e-11,-8.286604817578061e-11,1.4553091225246814e-11,1.9443863541068418e-10,9.061276523881509e-11
230,5.121998052023904,2.7522031003591803,1.1888817415315758,8.056025775864104e-11,-8.254503779543711e-12,-2.4355695431230573e-11,1.7422574665511563e-10,9.27844704537559e-12,2.8834509905228978e-11
231,4.097598441619123,1.651321860215508,0.8916613061486818,1.9393582581334505e-11,4.5290800322486555e-11,-5.212520915628544e-11,2.1045686657390798e-11,1.4723451761220615e-10,6.854792184571674e-11
232,3.0731988312143423,1.100881240143672,0.29722043538289394,-9.768999766545061e-12,6.70049001127999e-11,-8.937726409716763e-11,1.508844551301538e-11,1.875245430642654e-10,9.836689961363938e-11
233,2.560999026011952,0.550440620071836,0.0,-2.1025109067921352e-11,7.730188210655502e-11,-8.920159109282889e-11,6.685824501838589e-11,1.5923819542693313e-10,9.075534765860394e-11
234,6.146397662428685,0.0,2.3777634830631516,-1.52275849589058e-10,-3.852663206031862e-11,1.5349941489504339e-10,2.15413356766691e-10,1.8505791218108306e-10,1.628312848417437e-10
235,6.146397662428685,0.550440620071836,2.3777634830631516,-1.225897188310196e-10,-3.433473420226528e-11,1.4269736648429385e-10,1.4115595589666296e-10,1.8130400666023608e-10,1.526478349591961e-10
236,5.634197857226294,0.0,2.0805430476802576,-1.0834876132545461e-10,-1.7320188324465356e-11,7.843568949164244e-11,1.9060619963115702e-10,9.632594837583422e-11,8.20279499125318e-11
237,5.634197857226294,0.550440620071836,2.0805430476802576,-8.307891097768971e-11,-1.5395160531940824e-11,7.18425164998001e-11,1.1343417630525615e-10,9.054069496227459e-11,7.618113761300084e-11
238,5.121998052023904,0.0,1.7833226122973636,-7.634617263213756e-11,9.185144369102043e-13,2.6529228547252264e-11,1.6649892545976496e-10,1.1306961582546313e-11,2.6943213517352117e-11
239,6.6585974676310755,1.651321860215508,2.3777634830631516,-5.733908988786139e-11,-6.720483285510305e-11,1.284175086825635e-10,9.723889321994288e-11,2.651828469438422e-10,1.4971831964402506e-10
240,5.121998052023904,0.550440620071836,1.7833226122973636,-5.0654273650812354e-11,5.730072448991458e-12,1.6683677437591695e-11,9.182354306084349e-11,6.2535725489749635e-12,1.6830239620714516e-11
241,4.609798246821514,0.0,1.4861021769144698,-4.40219573469583e-11,2.1835015991278002e-11,-1.9549353599977325e-11,1.31005667603479e-10,6.446982633096132e-11,3.330092439928908e-11
242,4.609798246821514,0.550440620071836,1.4861021769144698,-2.4128206187181292e-11,2.8523397622157518e-11,-2.6606016753636996e-11,7.056683374522234e-11,7.817773370675729e-11,3.618563807270529e-11
243,4.097598441619123,0.0,1.1888817415315758,-2.0472421388927102e-11,3.89924266253777e-11,-4.727575000470682e-11,8.611466053774424e-11,1.2016059733344377e-10,6.1733527143508e-11
244,6.146397662428685,2.201762480287344,2.0805430476802576,3.695144664125466e-12,-4.3183763890136716e-11,6.561235565858726e-11,1.391907611107857e-10,1.8258793859317225e-10,8.256479324552618e-11
245,4.097598441619123,0.550440620071836,1.1888817415315758,-6.638788453381443e-12,4.8270688708138396e-11,-5.0090018009998587e-11,4.664379489824641e-11,1.374407205475808e-10,6.327925898470169e-11
246,3.5853986364167327,0.0,0.8916613061486818,-9.117424512014055e-12,5.636795892897757e-11,-4.4420369412192584e-11,3.2751183396305044e-11,1.5312819110421422e-10,6.100651435473078e-11
247,5.634197857226294,2.201762480287344,1.7833226122973636,2.2859545434211694e-11,-1.7241646429394342e-11,3.8074813404921884e-11,1.2063009303170927e-10,8.98489894861259e-11,4.448662267328523e-11
248,3.5853986364167327,0.550440620071836,0.8916613061486818,-2.6472761383497687e-12,6.383173039145242e-11,-5.586539358239766e-11,1.7340926498185838e-11,1.7161162055837767e-10,7.058001291023316e-11
249,3.0731988312143423,0.0,0.5944408707657879,-6.770533802734083e-12,6.885134598805635e-11,-8.265827175327662e-11,2.975091017394984e-11,1.5951177679249739e-10,8.935385219533456e-11
250,5.121998052023904,2.201762480287344,1.4861021769144698,3.6042320806455273e-11,5.410400704224507e-12,-1.3729280514038842e-12,1.0026969233382048e-10,5.4224965360982394e-12,5.4904084727921105e-12
251,3.0731988312143423,0.550440620071836,0.5944408707657879,-6.765567925615097e-12,7.018570614882085e-11,-8.714924546610211e-11,2.0069943770836027e-11,1.7593916340652608e-10,9.502741647723371e-11
252,2.560999026011952,0.0,0.29722043538289394,-8.367509455542076e-12,7.513396632325962e-11,-1.0720409635608503e-10,9.27686956766082e-11,1.3983107928556444e-10,1.0875488855412669e-10
253,4.609798246821514,2.7522031003591803,0.5944408707657879,8.588572967170863e-11,4.866325687934721e-12,-4.5828657688719424e-11,1.363951806360423e-10,7.971345145259807e-11,6.947202560716129e-11
254,4.097598441619123,2.201762480287344,0.5944408707657879,3.949009843501713e-11,3.802898435802227e-11,-5.75156419455167e-11,5.150835878584117e-11,1.4781196080071218e-10,8.148887146090423e-11
255,4.609798246821514,2.201762480287344,1.1888817415315758,3.965871646912905e-11,2.7969038408807676e-11,-3.608498456983744e-11,7.69970928728139e-11,8.22818633494568e-11,4.816828184640792e-11
256,3.5853986364167327,1.651321860215508,0.5944408707657879,5.56015430686024e-12,5.782981083765308e-11,-7.821489324206151e-11,6.079905457332654e-12,1.8370658319944938e-10,9.526370128097489e-11
257,2.560999026011952,0.550440620071836,0.29722043538289394,-1.7681639997700387e-11,7.178510505716139e-11,-9.302982926744361e-11,6.196269669273416e-11,1.5236299472728112e-10,9.616816426450004e-11
258,6.6585974676310755,0.550440620071836,2.6749839184460455,-1.7921127704539244e-10,-5.4752373784251733e-11,2.3714198498887207e-10,1.8838810035207311e-10,2.6547585731925023e-10,2.504165455945694e-10
259,6.146397662428685,1.100881240143672,2.3777634830631516,-8.896174337281212e-11,-3.3680329930413525e-11,1.0616252347645933e-10,8.90926713897131e-11,1.7892640562668375e-10,1.1905357115261135e-10
260,5.634197857226294,1.100881240143672,2.0805430476802576,-5.532880587050011e-11,-1.3608159933977414e-11,5.360349202732217e-11,5.57859936380307e-11,8.710094220718337e-11,5.967000986134442e-11
261,6.6585974676310755,2.201762480287344,2.3777634830631516,-1.9333471972795436e-11,-6.605340867869039e-11,1.024191639407796e-10,1.5692134134133986e-10,2.6786917441565823e-10,1.265379137540127e-10
262,5.121998052023904,1.100881240143672,1.7833226122973636,-2.8889077688254304e-11,9.17511352231769e-12,1.1614025480418536e-11,3.274646691675693e-11,9.3704614799695e-12,1.1642224241047207e-11
263,4.609798246821514,1.100881240143672,1.4861021769144698,-8.575354902686558e-12,3.297488952066253e-11,-3.047216635668083e-11,2.040562574152466e-11,8.523219326161756e-11,3.867727754067289e-11
264,6.146397662428685,2.7522031003591803,2.0805430476802576,3.886577935555133e-11,-4.067660781182112e-11,4.375198466174596e-11,2.2699877931585653e-10,1.84433418076236e-10,6.476877131813194e-11
265,4.097598441619123,1.100881240143672,1.1888817415315758,2.4348804318161973e-12,5.09301388465671e-11,-6.132632970237729e-11,1.5657450523155285e-11,1.4511801456698828e-10,7.316950325285192e-11
266,5.634197857226294,2.7522031003591803,1.7833226122973636,5.470149408980822e-11,-1.613405612385742e-11,1.238835497966263e-11,2.056881454267729e-10,9.405935242761908e-11,2.353390053334569e-11
267,3.5853986364167327,1.100881240143672,0.8916613061486818,-1.736657023694192e-14,6.275747511167667e-11,-7.908330377588907e-11,5.906657301928066e-12,1.78996285029411e-10,9.206372193641679e-11
268,4.609798246821514,2.7522031003591803,0.8916613061486818,7.419881675761527e-11,1.5129575960811205e-11,-5.108233064892307e-11,1.3571462168993105e-10,7.45572564297523e-11,6.866936152486464e-11
269,5.121998052023904,2.7522031003591803,1.4861021769144698,6.335256484981911e-11,3.2599912579276914e-12,-2.848493566714162e-11,1.7555196978563347e-10,8.08841345693906e-12,3.0143036241447054e-11
270,4.097598441619123,2.201762480287344,0.8916613061486818,3.036252716264344e-11,4.491469173250579e-11,-6.613405496471608e-11,4.8667716456147274e-11,1.4413039367515188e-10,8.502311475641535e-11
271,3.0731988312143423,1.100881240143672,0.5944408707657879,-9.412214363794618e-12,6.705065016039892e-11,-9.290628807694277e-11,1.3770374201319921e-11,1.8301308092817403e-10,1.031151355840521e-10
272,2.0487992208095616,0.0,0.0,-2.5482159977513785e-11,7.60035552287475e-11,-9.302838467613067e-11,1.549437229452292e-10,1.0125602358883114e-10,9.304724613086917e-11
273,6.6585974676310755,0.0,2.6749839184460455,-2.098970794982735e-10,-5.982080528696517e-11,2.471127839235814e-10,2.5256161958115894e-10,2.678639918411289e-10,2.5994149691238887e-10
274,6.6585974676310755,1.100881240143672,2.6749839184460455,-1.323170118875113e-10,-4.9081793179267146e-11,1.7779281967563515e-10,1.33613361543215e-10,2.619568525764082e-10,1.9476099987478806e-10
275,6.146397662428685,1.651321860215508,2.3777634830631516,-5.413046990822461e-11,-3.222905124896065e-11,8.313070341110904e-11,9.37481242036559e-11,1.7860519187983918e-10,9.850979725960364e-11
276,5.634197857226294,1.651321860215508,2.0805430476802576,-2.7621401320801326e-11,-1.0651479590247022e-11,4.6803764390588304e-11,6.570642329475041e-11,8.651221457921794e-11,5.3682799284156266e-11
277,6.6585974676310755,2.7522031003591803,2.3777634830631516,1.6579572070028003e-11,-6.613418326743278e-11,7.742303469453862e-11,2.4194387600422377e-10,2.7102082774261903e-10,1.0579305767028944e-10
278,5.121998052023904,1.651321860215508,1.7833226122973636,-6.5170331046772075e-12,1.3263671605956223e-11,1.0276084898720748e-11,4.280477281591321e-11,1.344640801974347e-11,1.0295252014929148e-11
279,4.609798246821514,1.651321860215508,1.4861021769144698,8.098878473286152e-12,3.485950671712631e-11,-3.296455115099755e-11,2.7417465436654933e-11,8.66129095859516e-11,4.127084325727585e-11
280,4.097598441619123,1.651321860215508,1.1888817415315758,1.0985887066237532e-11,5.079886285308918e-11,-6.206351088448345e-11,1.697746199273984e-11,1.4635131354678134e-10,7.567145940790779e-11
281,4.097598441619123,2.7522031003591803,0.0,7.829875509181006e-11,8.88290742796846e-12,-6.890253166357857e-11,9.723117828993569e-11,1.5255287267715893e-10,1.0829460698585543e-10
282,4.097598441619123,2.7522031003591803,0.29722043538289394,6.452699460904665e-11,1.8280015007941806e-11,-7.700102595760635e-11,9.020168515090306e-11,1.4329345714299195e-10,1.0973791785783768e-10
283,3.5853986364167327,2.201762480287344,0.0,2.3464857850129008e-11,4.2129561633460974e-11,-7.69328630817818e-11,2.530626759844464e-11,1.940806322051101e-10,1.0655965462016244e-10
284,3.5853986364167327,2.201762480287344,0.29722043538289394,1.5499676692449107e-11,4.737057229563714e-11,-8.504239484659865e-11,1.9174352433215982e-11,1.8573119905811726e-10,1.1062113896399649e-10
285,3.0731988312143423,1.651321860215508,0.0,-1.6848594968182706e-11,6.285400614013205e-11,-7.949763520677386e-11,1.7837289000867892e-11,1.9788298525451973e-10,9.584022348290356e-11
286,3.0731988312143423,1.651321860215508,0.29722043538289394,-1.7003974062318688e-11,6.303837439909105e-11,-8.696212535928144e-11,1.7346743862577116e-11,1.9008761254142565e-10,1.0248133521506724e-10
287,2.560999026011952,1.100881240143672,0.0,-3.751303996453015e-11,7.188356269452183e-11,-7.827214015251756e-11,5.288383681630531e-11,1.6581607939444032e-10,8.35729372693252e-11
288,4.609798246821514,2.7522031003591803,1.1888817415315758,6.0800173365127e-11,2.5058229411490567e-11,-5.775449381899389e-11,1.352464578987411e-10,7.25024261014956e-11,6.971175514409203e-11
289,3.5853986364167327,1.651321860215508,0.8916613061486818,2.5218507704722184e-12,6.166256985209081e-11,-8.556562269159283e-11,4.852416120775184e-12,1.80660896971718e-10,1.009254732925664e-10
290,2.560999026011952,1.100881240143672,0.29722043538289394,-3.001698521288436e-11,6.714452163699298e-11,-8.414571812061371e-11,4.373553822719224e-11,1.5823243144783971e-10,9.049398892781209e-11
291,2.0487992208095616,0.550440620071836,0.0,-4.654240510830956e-11,7.059364717127721e-11,-7.396210382475827e-11,1.1151606224508738e-10,1.074020939003214e-10,7.413778862017135e-11
292,6.146397662428685,0.0,2.6749839184460455,-2.006725561487722e-10,-3.616536242669656e-11,1.536055844571331e-10,2.4313591899627317e-10,1.8435166230224423e-10,1.6262352035485427e-10
293,6.146397662428685,0.550440620071836,2.6749839184460455,-1.6537058507488493e-10,-2.377609044226177e-11,1.4529043881528204e-10,1.7410353462196102e-10,1.791697522285027e-10,1.5485284710943538e-10
294,5.634197857226294,0.0,2.3777634830631516,-1.3807849533045927e-10,-1.2156122929843642e-11,7.917659535673397e-11,1.9921288702670245e-10,9.396064357067817e-11,8.208331912085337e-11
295,5.634197857226294,0.550440620071836,2.3777634830631516,-1.1164276374188159e-10,-5.509223266404541e-12,7.444754785655714e-11,1.2844240307902992e-10,8.781077287912649e-11,7.817026636659003e-11
296,5.121998052023904,0.0,2.0805430476802576,-9.579789530466038e-11,6.305802768399344e-12,2.8940017897117844e-11,1.677608649113604e-10,1.064410829189522e-11,3.0358941673243026e-11
297,6.6585974676310755,1.651321860215508,2.6749839184460455,-8.599606512879413e-11,-5.1553930593568916e-11,1.3039135379439851e-10,1.2624591422953157e-10,2.624818262748039e-10,1.5158086871767536e-10
298,5.121998052023904,0.550440620071836,2.0805430476802576,-7.209262199512687e-11,1.2396497116826963e-11,1.8532239381159688e-11,9.755142259939147e-11,1.239993547827805e-11,1.9187897543058174e-11
299,4.609798246821514,0.0,1.7833226122973636,-5.82433928808537e-11,2.5049424203001264e-11,-1.823744403281824e-11,1.2991872143976306e-10,6.832460840365049e-11,3.8230704584793796e-11
300,4.609798246821514,0.550440620071836,1.7833226122973636,-3.8608178467329334e-11,3.282350072712434e-11,-2.6997049872939165e-11,7.008848189416253e-11,8.17355026068037e-11,3.9359475240248206e-11
301,4.097598441619123,0.0,1.4861021769144698,-2.7800787273943076e-11,3.9633762791585444e-11,-5.161458983538993e-11,8.390132927551884e-11,1.2248393086541037e-10,7.059651608207811e-11
302,6.146397662428685,2.201762480287344,2.3777634830631516,-1.946900847689843e-11,-3.148540326993573e-11,6.372313522343624e-11,1.5273983321303192e-10,1.80460280841273e-10,8.193147212359435e-11
303,4.097598441619123,0.550440620071836,1.4861021769144698,-1.563264635162262e-11,4.9498098869452486e-11,-5.55952593786622e-11,4.417870756853493e-11,1.3898275598473235e-10,7.090260889012266e-11
304,3.5853986364167327,0.0,1.1888817415315758,-1.2177447201138433e-11,5.131496936868455e-11,-5.751541302968359e-11,3.20443979796062e-11,1.5222833170639663e-10,7.722315264086934e-11
305,5.634197857226294,2.201762480287344,2.0805430476802576,1.8565425749450805e-12,-6.597097736249616e-12,3.317996646156294e-11,1.2953426448413457e-10,8.883779207076202e-11,4.190752126916124e-11
306,3.5853986364167327,0.550440620071836,1.1888817415315758,-6.261027622424769e-12,6.275056640720432e-11,-6.517619241050751e-11,1.6434584537616606e-11,1.710316951402691e-10,8.178024840255109e-11
307,3.0731988312143423,0.0,0.8916613061486818,-6.184180876548284e-12,6.119315882465113e-11,-9.046923808018416e-11,2.8782022610507637e-11,1.5580165303072794e-10,1.0070155727179537e-10
308,5.121998052023904,2.201762480287344,1.7833226122973636,1.7500156484307328e-11,1.671956057201913e-11,-6.184976329224217e-12,1.043663811436177e-10,1.6783511086114265e-11,6.409852137373432e-12
309,3.0731988312143423,0.550440620071836,0.8916613061486818,-6.175885052417879e-12,6.764763941977255e-11,-9.060389130302801e-11,1.8913378832044826e-11,1.7334399817911168e-10,1.0102703145151404e-10
310,2.560999026011952,0.0,0.5944408707657879,-4.032479014284005e-12,6.554298276536484e-11,-1.0878321953401125e-10,8.906757050083899e-11,1.3314796268467463e-10,1.1243100806349824e-10
311,4.609798246821514,2.201762480287344,1.4861021769144698,2.507048398125496e-11,3.573614429920891e-11,-4.397659536919571e-11,7.732954445473458e-11,8.309056435662695e-11,5.186830754636675e-11
312,2.560999026011952,0.550440620071836,0.5944408707657879,-1.2323386223797737e-11,6.623354938317338e-11,-9.483277004268109e-11,5.66470043658237e-11,1.4708318580923978e-10,9.984671471454855e-11
313,2.0487992208095616,0.0,0.29722043538289394,-1.3550560158883902e-11,6.513877034737455e-11,-9.563667988644394e-11,1.4816549737439792e-10,9.125894888263438e-11,9.590920223386739e-11
314,4.097598441619123,2.7522031003591803,0.5944408707657879,5.4009627540093507e-11,2.7076901106282637e-11,-8.30295271302181e-11,8.676436007687907e-11,1.3595091978618094e-10,1.0952021724614754e-10
315,3.5853986364167327,2.201762480287344,0.5944408707657879,1.0640480406818754e-11,5.221611894248189e-11,-9.128146174931208e-11,1.6613470524899337e-11,1.7949991275446293e-10,1.1305592214094546e-10
316,4.097598441619123,2.201762480287344,1.1888817415315758,2.1377466206411628e-11,5.122067199283352e-11,-7.488144402351071e-11,4.7669498766528935e-11,1.4240906611432124e-10,8.928025910773776e-11
317,3.0731988312143423,1.651321860215508,0.5944408707657879,-1.4606322561606155e-11,6.386506909548164e-11,-9.228300391518233e-11,1.4662933401551466e-11,1.8458266086328188e-10,1.069036798129642e-10
318,2.0487992208095616,0.550440620071836,0.29722043538289394,-3.2652470932238925e-11,6.161648103167657e-11,-7.78778457987976e-11,9.960730606424433e-11,9.8745258764226e-11,7.871944143114863e-11
319,6.146397662428685,1.100881240143672,2.6749839184460455,-1.226479490719906e-10,-1.8036234469505018e-11,1.0908468376598557e-10,1.2420524985456936e-10,1.762779246500525e-10,1.2163564863306081e-10
320,5.634197857226294,1.100881240143672,2.3777634830631516,-8.142357562322697e-11,-2.220298050178251e-12,5.4430566408811345e-11,8.164406550111812e-11,8.473366270557018e-11,6.03181977690138e-11
321,6.6585974676310755,2.201762480287344,2.6749839184460455,-4.394012314123326e-11,-5.2157077510473806e-11,1.0289369825216703e-10,1.7466697450121882e-10,2.6545463237565574e-10,1.272454061342212e-10
322,5.121998052023904,1.100881240143672,2.0805430476802576,-4.8802534193307306e-11,1.7132832258131875e-11,1.0647776296147732e-11,4.9041788779603017e-11,1.7483745430195066e-11,1.0747240039127026e-11
323,4.609798246821514,1.100881240143672,1.7833226122973636,-2.3182812968747972e-11,3.794598374103952e-11,-3.215276827558157e-11,2.5567677677467263e-11,8.829519847987329e-11,4.077381545922504e-11
324,6.146397662428685,2.7522031003591803,2.3777634830631516,1.5574864832129457e-11,-2.9984163805179613e-11,4.023529147939635e-11,2.3617066452147006e-10,1.8312210903576112e-10,6.429234624252787e-11
325,4.097598441619123,1.100881240143672,1.4861021769144698,-6.3717391136359855e-12,5.4959397871870607e-11,-6.529775989741454e-11,1.2416362915960695e-11,1.4664083234322224e-10,7.753500268327486e-11
326,5.634197857226294,2.7522031003591803,2.0805430476802576,3.411262605672636e-11,-3.2626485547595157e-12,7.85469544489017e-12,2.119134350387506e-10,9.37466837003113e-11,2.5449137852215424e-11
327,3.5853986364167327,1.100881240143672,1.1888817415315758,-2.161627427396906e-12,6.613900702906287e-11,-8.370617674462778e-11,4.642793298806177e-12,1.789197542979604e-10,9.731065274652213e-11
328,5.121998052023904,2.7522031003591803,1.7833226122973636,4.45599663686685e-11,1.6584879714527342e-11,-3.341216819141559e-11,1.7851045665532786e-10,1.9016657199236084e-11,3.364546826434773e-11
329,3.0731988312143423,1.100881240143672,0.8916613061486818,-7.137350063002321e-12,6.75500878722207e-11,-9.506789273392719e-11,1.1184409619782023e-11,1.8049164709910789e-10,1.0637179839545407e-10
330,4.097598441619123,2.7522031003591803,0.8916613061486818,4.425815624242026e-11,3.6787265101762015e-11,-8.871279693737e-11,8.488946251641452e-11,1.3135056173994053e-10,1.0929469075756182e-10
331,4.609798246821514,2.7522031003591803,1.4861021769144698,4.596902315942518e-11,3.424772965307521e-11,-6.511769642091107e-11,1.3577020184340307e-10,7.316322215499313e-11,7.244671435487612e-11
332,3.5853986364167327,2.201762480287344,0.8916613061486818,7.018354730966162e-12,5.759019824226457e-11,-9.671930453411425e-11,1.57700407141264e-11,1.7554455842976784e-10,1.1486006283181222e-10
333,2.560999026011952,1.100881240143672,0.5944408707657879,-2.2046173122539885e-11,6.356694433560323e-11,-8.784528916843787e-11,3.4691848471773944e-11,1.5295015112492755e-10,9.516144855021107e-11
334,1.5365994156071712,0.0,0.0,-4.139302656741893e-11,5.512948842838176e-11,-6.10670298059933e-11,2.0288421642597858e-10,5.5652866066137946e-11,6.309212195105219e-11
335,6.146397662428685,1.651321860215508,2.6749839184460455,-8.043097415418328e-11,-1.8958189100383027e-11,8.391662007534161e-11,1.2090531974437933e-10,1.7645550104004132e-10,9.948258350839367e-11
336,5.634197857226294,1.651321860215508,2.3777634830631516,-5.055402924201229e-11,5.473046951425242e-13,4.528746700190158e-11,8.781912746682523e-11,8.491104749965518e-11,5.298778537304277e-11
337,6.6585974676310755,2.7522031003591803,2.6749839184460455,-7.770043204045902e-12,-5.3034132284494694e-11,7.671582476857435e-11,2.542091916871942e-10,2.69008579348183e-10,1.0596201670796895e-10
338,5.121998052023904,1.651321860215508,2.0805430476802576,-2.583249172689231e-11,2.1911233308264384e-11,6.521170524741294e-12,5.831189526972808e-11,2.212923497681118e-11,6.597470649485083e-12
339,4.609798246821514,1.651321860215508,1.7833226122973636,-6.828460764441799e-12,4.191738265908394e-11,-3.756015298143435e-11,3.4272992005886395e-11,8.983324599164394e-11,4.40724195468578e-11
340,4.097598441619123,1.651321860215508,1.4861021769144698,2.7446160072135866e-12,5.6552751187939674e-11,-6.915611704123244e-11,1.775740897183421e-11,1.4743280421441263e-10,8.069824931534394e-11
341,3.5853986364167327,1.651321860215508,1.1888817415315758,7.726520500024269e-13,6.547921982981099e-11,-9.109975879900161e-11,5.752988496228326e-12,1.7952021623293896e-10,1.0494266768151313e-10
342,3.5853986364167327,2.7522031003591803,0.0,2.82191341089134e-11,2.8614758817871753e-11,-8.444686109570045e-11,3.6179951102790965e-11,1.820099196360852e-10,1.2605218077333334e-10
343,3.5853986364167327,2.7522031003591803,0.29722043538289394,2.2682230681250822e-11,3.349667562036563e-11,-9.401509663625824e-11,3.202034862162762e-11,1.727631418043455e-10,1.2856933916362073e-10
344,3.0731988312143423,2.201762480287344,0.0,-2.3961259484221433e-11,5.14182105967994e-11,-8.059098204092066e-11,2.4103032825283676e-11,1.935967098358813e-10,1.0828674742759765e-10
345,3.0731988312143423,2.201762480287344,0.29722043538289394,-2.1594781861599543e-11,5.297443088731125e-11,-8.894381979054603e-11,2.2458612923100802e-11,1.8503603508140748e-10,1.1271545600752254e-10
346,2.560999026011952,1.651321860215508,0.0,-5.57642165396073e-11,6.424269437059514e-11,-7.025198537251058e-11,5.714549104854496e-11,1.6661516639027674e-10,8.278077652207907e-11
347,2.560999026011952,1.651321860215508,0.29722043538289394,-4.545137256676429e-11,6.120055669113635e-11,-7.716960067249758e-11,4.57878967503739e-11,1.5877953173235768e-10,8.898717815848741e-11
348,2.0487992208095616,1.100881240143672,0.0,-6.875892225672661e-11,6.41473635252196e-11,-5.684485549166837e-11,9.003134289852464e-11,1.0976680465626255e-10,5.870648554222356e-11
349,4.097598441619123,2.7522031003591803,1.1888817415315758,3.446622826061546e-11,4.604992015302635e-11,-9.462275119912211e-11,8.415968919667491e-11,1.292871078405648e-10,1.0979464412478261e-10
350,3.0731988312143423,1.651321860215508,0.8916613061486818,-1.1147341924452786e-11,6.495324558238208e-11,-9.620591683216764e-11,1.1165152503729972e-11,1.8104762972996593e-10,1.098475251311083e-10
351,2.0487992208095616,1.100881240143672,0.29722043538289394,-5.2162617733825405e-11,5.621520998446119e-11,-6.206239033369699e-11,7.171497895626269e-11,1.0129922381920253e-10,6.460441438909824e-11
352,1.5365994156071712,0.550440620071836,0.0,-6.903267455956567e-11,5.107001073704268e-11,-3.787483462031823e-11,1.483178382047151e-10,5.113313399134549e-11,3.958867237678249e-11
353,5.634197857226294,0.0,2.6749839184460455,-1.7299870197956622e-10,-8.290573642235462e-12,8.197955321438325e-11,2.1490081470756026e-10,9.192642697227338e-11,8.427331252994862e-11
354,5.634197857226294,0.550440620071836,2.6749839184460455,-1.4430782658178884e-10,3.0333973373318817e-12,7.776771705555737e-11,1.5193294484899125e-10,8.566944481198896e-11,8.093857143447287e-11
355,5.121998052023904,0.0,2.3777634830631516,-1.182251525701604e-10,1.1823589193747434e-11,3.1770079821845043e-11,1.7240490208549376e-10,1.2857499287927757e-11,3.436634195807044e-11
356,5.121998052023904,0.550440620071836,2.3777634830631516,-9.611748049302005e-11,2.0114005335333525e-11,2.1323472471318234e-11,1.0986734800702793e-10,2.032816173703048e-11,2.256248001500947e-11
357,4.609798246821514,0.0,2.0805430476802576,-7.384875687780906e-11,2.8329045269686117e-11,-1.5239551418912706e-11,1.3073596870154868e-10,7.359147269984407e-11,4.253993196166692e-11
358,4.609798246821514,0.550440620071836,2.0805430476802576,-5.500116488481743e-11,3.776114135571274e-11,-2.5189832870678192e-11,7.41993193558562e-11,8.702452096738436e-11,4.099085732324155e-11
359,4.097598441619123,0.0,1.7833226122973636,-3.561383617148936e-11,4.1725856916583476e-11,-5.3134790801747265e-11,8.248486500884409e-11,1.2698389100022384e-10,7.731191874600523e-11
360,6.146397662428685,2.201762480287344,2.6749839184460455,-4.29195106957795e-11,-1.8792328106566124e-11,6.331377373579981e-11,1.6970176681422522e-10,1.7860039796755619e-10,8.246638823558972e-11
361,4.097598441619123,0.550440620071836,1.7833226122973636,-2.4459415374149107e-11,5.1739028089307254e-11,-5.852867882678896e-11,4.368288904925854e-11,1.425487141640447e-10,7.62653176055796e-11
362,3.5853986364167327,0.0,1.4861021769144698,-1.3358284127477062e-11,4.8609177402570817e-11,-6.782227682761226e-11,3.096940878052555e-11,1.54080262990466e-10,9.106815016287608e-11
363,5.634197857226294,2.201762480287344,2.3777634830631516,-2.038804696041354e-11,3.0912819329141e-12,2.9053050876539878e-11,1.422741791648705e-10,8.819364906314268e-11,4.0607883834463985e-11
364,3.5853986364167327,0.550440620071836,1.4861021769144698,-8.399498916276208e-12,6.125841551412429e-11,-7.332314144070731e-11,1.574081359042571e-11,1.7208659858156007e-10,9.175930789058548e-11
365,3.0731988312143423,0.0,1.1888817415315758,-1.8888691057445756e-12,5.434324894755655e-11,-9.71185740168734e-11,2.70170834512058e-11,1.5449689706779763e-10,1.1112013917180337e-10
366,5.121998052023904,2.201762480287344,2.0805430476802576,-1.350730011084111e-12,2.71088517057902e-11,-1.141012621573713e-11,1.1225694297654579e-10,2.7140873371825317e-11,1.1636923349460464e-11
367,3.0731988312143423,0.550440620071836,1.1888817415315758,-2.5217593421982663e-12,6.430916855171783e-11,-9.410479938079119e-11,1.689500857241979e-11,1.7222911898594692e-10,1.0700564696613762e-10
368,2.560999026011952,0.0,0.8916613061486818,4.202634769819625e-12,5.6657701957899124e-11,-1.096408106527906e-10,8.516753704915585e-11,1.2883529685825282e-10,1.1602275340447318e-10
369,4.609798246821514,2.201762480287344,1.7833226122973636,1.086998828315895e-11,4.494828616742102e-11,-5.003452078119786e-11,8.090563243382641e-11,8.675127461741632e-11,5.493512764087253e-11
370,2.560999026011952,0.550440620071836,0.8916613061486818,-4.9727949779050126e-12,6.06362498561476e-11,-9.595741657432785e-11,5.13738289647443e-11,1.4349477597207077e-10,1.0302369069306667e-10
371,2.0487992208095616,0.0,0.5944408707657879,-1.7901798925071941e-13,5.345853758068673e-11,-9.656953347038597e-11,1.411800728104541e-10,8.230422051722525e-11,9.785132280002903e-11
372,4.097598441619123,2.201762480287344,1.4861021769144698,1.322813641600686e-11,5.742346037819093e-11,-8.18813392827087e-11,4.879486581620497e-11,1.4266465383518335e-10,9.264250659197278e-11
373,2.0487992208095616,0.550440620071836,0.5944408707657879,-1.854541686004984e-11,5.2892167618595416e-11,-7.957650329808763e-11,8.898785045200767e-11,9.168250973998803e-11,8.142247133215064e-11
374,1.5365994156071712,0.0,0.29722043538289394,-1.9393864645419594e-11,4.24009913634959e-11,-6.305978381459528e-11,1.9158842991279399e-10,4.3432189018272635e-11,6.369438438240106e-11
375,3.5853986364167327,2.7522031003591803,0.5944408707657879,1.7677246694185047e-11,3.960703357583549e-11,-1.009491215976774e-10,2.926626282713747e-11,1.6522585647394191e-10,1.2899143641420535e-10
376,3.0731988312143423,2.201762480287344,0.5944408707657879,-1.8621203089492518e-11,5.573225494040597e-11,-9.510562221926152e-11,2.0698412749348657e-11,1.7879511427091636e-10,1.1526458084734554e-10
377,3.5853986364167327,2.201762480287344,1.1888817415315758,4.481083770307911e-12,6.244083560450858e-11,-1.0137545320456765e-10,1.6081766740979794e-11,1.7347855301494368e-10,1.1613648544322249e-10
378,2.560999026011952,1.651321860215508,0.5944408707657879,-3.529801407723805e-11,5.883069002224276e-11,-8.225209861945253e-11,3.530097290641962e-11,1.5297519763442459e-10,9.328039633502832e-11
379,1.5365994156071712,0.550440620071836,0.29722043538289394,-4.5601630595675875e-11,3.9688477176037095e-11,-4.0411097800817125e-11,1.2979823930438138e-10,3.9688484520462046e-11,4.097810412958618e-11
380,5.634197857226294,1.100881240143672,2.6749839184460455,-1.0979799691763441e-10,8.491537109482454e-12,5.674915025457799e-11,1.1171379496219678e-10,8.324205294974595e-11,6.238868383776399e-11
381,5.121998052023904,1.100881240143672,2.3777634830631516,-7.102646192379922e-11,2.6541316613919104e-11,1.1345855411208158e-11,7.135411935628483e-11,2.7253008223326384e-11,1.1479194463304099e-11
382,4.609798246821514,1.100881240143672,2.0805430476802576,-3.839501874007991e-11,4.401624400995583e-11,-3.179235533093845e-11,3.847518959450175e-11,9.337693957320899e-11,4.1000747758466776e-11
383,6.146397662428685,2.7522031003591803,2.6749839184460455,-8.27134658978681e-12,-1.855940995494129e-11,3.814407370787189e-11,2.4766635855271657e-10,1.8201905525014168e-10,6.485090333756601e-11
384,4.097598441619123,1.100881240143672,1.7833226122973636,-1.489657279337344e-11,5.837305000338991e-11,-6.70204603463791e-11,1.5949703911637246e-11,1.4960943432467037e-10,7.975615071579634e-11
385,5.634197857226294,2.7522031003591803,2.3777634830631516,1.2242590406995638e-11,6.134355230360993e-12,3.1367622847652106e-12,2.2029642905233776e-10,9.408078929114477e-11,2.8703310398057957e-11
386,3.5853986364167327,1.100881240143672,1.4861021769144698,-3.693000788256255e-12,6.766344661118427e-11,-8.692568372698884e-11,4.3870383445176716e-12,1.799230679303663e-10,1.0109132388666151e-10
387,5.121998052023904,2.7522031003591803,2.0805430476802576,2.634986337654095e-11,2.932076123656078e-11,-3.746373925475272e-11,1.838617342618821e-10,3.096848095277453e-11,3.753147509298171e-11
388,3.0731988312143423,1.100881240143672,1.1888817415315758,-3.596973924001936e-12,6.694450022234178e-11,-9.655802671991456e-11,8.01790244044594e-12,1.7930155777106518e-10,1.087986365743877e-10
389,4.609798246821514,2.7522031003591803,1.7833226122973636,3.195481933894684e-11,4.456960447032535e-11,-7.087359047109417e-11,1.3834032985855372e-10,7.704732137583814e-11,7.484614496947489e-11
390,2.560999026011952,1.100881240143672,0.8916613061486818,-1.3794132753065933e-11,6.01566466092209e-11,-9.007176790364449e-11,2.6014474127985953e-11,1.493911654188681e-10,9.82619903333198e-11
391,3.5853986364167327,2.7522031003591803,0.8916613061486818,1.2731228958053354e-11,4.729539431325194e-11,-1.0661295862866907e-10,2.7532437170568347e-11,1.6031504711349969e-10,1.2867610001600402e-10
392,4.097598441619123,2.7522031003591803,1.4861021769144698,2.5945720379597357e-11,5.432514178092152e-11,-1.0015781148602818e-10,8.506408769229089e-11,1.2932877063125467e-10,1.106681623838829e-10
393,3.0731988312143423,2.201762480287344,0.8916613061486818,-1.52547309615013e-11,5.869123013668139e-11,-9.99952904560946e-11,1.902319307409635e-11,1.7454622101980916e-10,1.1678116095779877e-10
394,2.0487992208095616,1.100881240143672,0.5944408707657879,-3.63594751434181e-11,4.919249600710416e-11,-6.49727697661681e-11,5.4860019712544995e-11,9.483210263457345e-11,6.817557226610557e-11
395,1.0243996104047808,0.0,0.0,-5.159170109491724e-11,2.765002446003286e-11,-1.3258607030163624e-11,2.355601775030696e-10,9.726173776543878e-11,3.5707926779096394e-11
396,5.634197857226294,1.651321860215508,2.6749839184460455,-7.457266431268705e-11,1.1067569223164569e-11,4.545491578402896e-11,1.1294020476202345e-10,8.404822210313284e-11,5.387918560605118e-11
397,5.121998052023904,1.651321860215508,2.3777634830631516,-4.582725696251028e-11,3.166821603711729e-11,4.847232691414643e-12,7.777689612352794e-11,3.208683956528485e-11,5.697200374592688e-12
398,4.609798246821514,1.651321860215508,2.0805430476802576,-2.1285965917202015e-11,4.923656901110176e-11,-4.0130719786840904e-11,4.640160626651044e-11,9.490646309389777e-11,4.52169873106529e-11
399,4.097598441619123,1.651321860215508,1.7833226122973636,-5.1764546656897265e-12,6.215868767056456e-11,-7.320885482882831e-11,2.2736405013100818e-11,1.5025680216102987e-10,8.314136412048922e-11
400,3.5853986364167327,1.651321860215508,1.4861021769144698,-5.535776285987712e-13,6.859096248558485e-11,-9.463137624517316e-11,7.2107658094001915e-12,1.7994244361103064e-10,1.0710425049870187e-10
401,3.0731988312143423,1.651321860215508,1.1888817415315758,-7.1558162087805775e-12,6.558201089774061e-11,-9.896498600582504e-11,7.548583715481086e-12,1.791281721056966e-10,1.1156937809578126e-10
402,3.0731988312143423,2.7522031003591803,0.0,-2.784470332449955e-11,3.5301022960159724e-11,-8.352199185216667e-11,3.1560623268117474e-11,1.7932797154116507e-10,1.2338172437478293e-10
403,3.0731988312143423,2.7522031003591803,0.29722043538289394,-2.374458787755763e-11,3.790201426882531e-11,-9.345319894929651e-11,3.125687854423655e-11,1.7056857048278097e-10,1.2626482994841706e-10
404,2.560999026011952,2.201762480287344,0.0,-7.129376838772893e-11,5.217699510662853e-11,-6.58517317633343e-11,7.28799903983943e-11,1.6062089043481084e-10,8.900619697389323e-11
405,2.560999026011952,2.201762480287344,0.29722043538289394,-5.859142674892828e-11,5.1278691865564943e-11,-7.34398609731771e-11,6.318117081150276e-11,1.5269350749517648e-10,9.29237682852616e-11
406,2.0487992208095616,1.651321860215508,0.0,-9.173040153723575e-11,5.592246065600201e-11,-4.183335497311331e-11,9.334737279603684e-11,1.0765946100965794e-10,4.910821799642547e-11
407,2.0487992208095616,1.651321860215508,0.29722043538289394,-7.241332468646433e-11,4.940226209638336e-11,-4.754182111594006e-11,7.271425823093877e-11,9.950134725065762e-11,5.4201001990848016e-11
408,1.5365994156071712,1.100881240143672,0.0,-9.520621613044049e-11,4.5346905765452325e-11,-1.551622585822197e-11,1.2061340171547075e-10,4.6106111843709316e-11,1.6466744778629007e-11
409,3.5853986364167327,2.7522031003591803,1.1888817415315758,8.704288845221628e-12,5.491726475647661e-11,-1.1149404725917591e-10,2.7103399679274033e-11,1.577889388114766e-10,1.2816796965031329e-10
410,2.560999026011952,1.651321860215508,0.8916613061486818,-2.5324399786846888e-11,5.661663454566562e-11,-8.569058205754758e-11,2.5979011676090902e-11,1.4887673242960378e-10,9.59022987899593e-11
411,1.5365994156071712,1.100881240143672,0.29722043538289394,-7.045456258169019e-11,3.503257779229269e-11,-1.885419277252628e-11,9.424980981576756e-11,3.5405465083012276e-11,1.9116394597106927e-11
412,1.0243996104047808,0.550440620071836,0.0,-8.286442945147152e-11,2.4251742245575633e-11,1.2034675638923126e-11,1.7310943602388228e-10,9.023133928391898e-11,3.36766644658697e-11
413,5.121998052023904,0.0,2.6749839184460455,-1.4452905481054599e-10,1.657349497629053e-11,3.601897483172913e-11,1.8143916734300136e-10,1.663031418893869e-11,3.960006182055558e-11
414,5.121998052023904,0.550440620071836,2.6749839184460455,-1.221680189558297e-10,2.7154816863366255e-11,2.5418851869030937e-11,1.2799564802060517e-10,2.805105752494482e-11,2.710627177885684e-11
415,4.609798246821514,0.0,2.3777634830631516,-9.117982005034454e-11,3.185900425236157e-11,-1.0642063153191447e-11,1.3360598399928782e-10,8.008573169975424e-11,4.641923680143709e-11
416,4.609798246821514,0.550440620071836,2.3777634830631516,-7.343113818341865e-11,4.299623253540136e-11,-2.1388957097826734e-11,8.343243926201438e-11,9.378082487477445e-11,4.148888640650379e-11
417,4.097598441619123,0.0,2.0805430476802576,-4.457050097786342e-11,4.357693672349493e-11,-5.130976651449591e-11,8.199464484691351e-11,1.330607322700126e-10,8.171436098519666e-11
418,4.097598441619123,0.550440620071836,2.0805430476802576,-3.4168324948774746e-11,5.4550244320327987e-11,-5.788862335962593e-11,4.574353029734104e-11,1.4796013304093305e-10,7.869525453284124e-11
419,3.5853986364167327,0.0,1.7833226122973636,-1.3139917284324465e-11,4.815909820585634e-11,-7.316346956685647e-11,2.9199250730091594e-11,1.5855959337766933e-10,1.0093707119272238e-10
420,5.634197857226294,2.201762480287344,2.6749839184460455,-4.3202845217966044e-11,1.4422610568538542e-11,2.769934464354531e-11,1.5835112115703644e-10,8.812073822453973e-11,4.18347130116238e-11
421,3.5853986364167327,0.550440620071836,1.7833226122973636,-9.64656097461649e-12,6.061171960776937e-11,-7.778823602161844e-11,1.4861417984105982e-11,1.752509397923895e-10,9.852552286763881e-11
422,3.0731988312143423,0.0,1.4861021769144698,5.739103828685165e-12,4.9464143556637684e-11,-1.0020449886638485e-10,2.632033406506833e-11,1.5597672490010368e-10,1.1851890818728769e-10
423,5.121998052023904,2.201762480287344,2.3777634830631516,-2.0514996335027946e-11,3.6329229496745584e-11,-1.489721788222147e-11,1.234763532720523e-10,3.6329255974877803e-11,1.6300608384581738e-11
424,3.0731988312143423,0.550440620071836,1.4861021769144698,3.398503969825162e-12,6.059840253768756e-11,-9.601263962748182e-11,1.5817112109381136e-11,1.7282529603789755e-10,1.1149662648528599e-10
425,2.560999026011952,0.0,1.1888817415315758,1.6804385845260727e-11,4.865663046528849e-11,-1.0903745111326986e-10,8.268250503005413e-11,1.2702329231238735e-10,1.1873484832308133e-10
426,4.609798246821514,2.201762480287344,2.0805430476802576,-2.794012192795743e-12,5.408740499662838e-11,-5.3942132766186285e-11,8.722572264613191e-11,9.24139001239602e-11,5.66830155377772e-11
427,2.560999026011952,0.550440620071836,1.1888817415315758,5.267721977868013e-12,5.440731832433128e-11,-9.625885922856486e-11,4.720110709782177e-11,1.4144616824986422e-10,1.0551912685558667e-10
428,2.0487992208095616,0.0,0.8916613061486818,1.5355433472293676e-11,4.1858458168094745e-11,-9.598105668716965e-11,1.353365659642649e-10,7.548488997149695e-11,9.89066175099641e-11
429,4.097598441619123,2.201762480287344,1.7833226122973636,5.847962748481729e-12,6.465967262661702e-11,-8.637132195373257e-11,5.1543550893990774e-11,1.4528264551271734e-10,9.419467774763235e-11
430,2.0487992208095616,0.550440620071836,0.8916613061486818,-3.670521984261681e-12,4.371738574201136e-11,-7.964794409371329e-11,8.012312606745996e-11,8.608333098771838e-11,8.276176414582639e-11
431,1.5365994156071712,0.0,0.5944408707657879,2.2066448572575615e-12,2.917681638130183e-11,-6.350562916481142e-11,1.8175037306650994e-10,3.083492963988929e-11,6.355315563684539e-11
432,3.5853986364167327,2.201762480287344,1.4861021769144698,3.023004633534547e-12,6.733534272530931e-11,-1.0492534193979651e-10,1.6992064717762602e-11,1.7340018005540155e-10,1.1661522499970078e-10
433,1.5365994156071712,0.550440620071836,0.5944408707657879,-2.345373933689082e-11,2.844564993946758e-11,-4.134735407797624e-11,1.1446145549939196e-10,2.847740158283506e-11,4.142166027841101e-11
434,1.0243996104047808,0.0,0.29722043538289394,-2.3256243796855058e-11,1.3759630266190947e-11,-1.4433804600483944e-11,2.208543280569155e-10,9.485345579894739e-11,3.21014822552634e-11
435,3.0731988312143423,2.7522031003591803,0.5944408707657879,-2.103041687272832e-11,4.299049891548343e-11,-1.0100131826198963e-10,3.1742819490576656e-11,1.6352578756438637e-10,1.273286615782597e-10
436,2.560999026011952,2.201762480287344,0.5944408707657879,-4.722715305686409e-11,5.09955686237367e-11,-7.897905282164629e-11,5.6236455339795844e-11,1.4659672411439656e-10,9.517326662563064e-11
437,3.0731988312143423,2.201762480287344,1.1888817415315758,-1.125975878943479e-11,6.151100301331725e-11,-1.0381147020097507e-10,1.7472742327560723e-11,1.721528658973643e-10,1.1747994357616983e-10
438,2.0487992208095616,1.651321860215508,0.5944408707657879,-5.4774048968587176e-11,4.3475602832640485e-11,-5.1397977013167985e-11,5.483785522232136e-11,9.305642214790761e-11,5.746566047193002e-11
439,1.0243996104047808,0.550440620071836,0.29722043538289394,-5.3984841599579334e-11,1.1130434422100124e-11,1.060304331957393e-11,1.5050549377710592e-10,8.883094486725148e-11,3.039738019283832e-11
440,5.121998052023904,1.100881240143672,2.6749839184460455,-9.512100775168205e-11,3.453670795039225e-11,1.3616326166337941e-11,9.722852786974475e-11,3.5938637833279366e-11,1.3715303207525646e-11
441,4.609798246821514,1.100881240143672,2.3777634830631516,-5.5484864016203623e-11,5.1035693544782735e-11,-2.934127124549216e-11,5.589740193131879e-11,1.0039911254373397e-10,3.933846007650318e-11
442,4.097598441619123,1.100881240143672,2.0805430476802576,-2.4064812040888738e-11,6.227318199768354e-11,-6.606572540328332e-11,2.406745194112383e-11,1.5440750441571062e-10,7.946187826402021e-11
443,5.634197857226294,2.7522031003591803,2.6749839184460455,-1.0597977463059096e-11,1.6735814479577337e-11,3.9011755771520587e-13,2.3044906072237134e-10,9.478467280724803e-11,3.3032901238002896e-11
444,3.5853986364167327,1.100881240143672,1.7833226122973636,-5.3587803887092005e-12,6.821614089280711e-11,-8.817292795777268e-11,5.3905290180797984e-12,1.8228873622086613e-10,1.0292253192697565e-10
445,5.121998052023904,2.7522031003591803,2.3777634830631516,8.12425127795865e-12,3.936427641381011e-11,-4.035732410207091e-11,1.9102428969119232e-10,4.0474114912149594e-11,4.130221991246275e-11
446,3.0731988312143423,1.100881240143672,1.4861021769144698,7.950398254607001e-13,6.495095076349365e-11,-9.728862183774901e-11,5.74811559689296e-12,1.793291183554211e-10,1.1033512390214184e-10
447,4.609798246821514,2.7522031003591803,2.0805430476802576,1.8731827746125117e-11,5.529729068601586e-11,-7.418762643611938e-11,1.4257177361000945e-10,8.353167262768394e-11,7.588230764180412e-11
448,2.560999026011952,1.100881240143672,1.1888817415315758,-4.40801957741006e-12,5.585915596488702e-11,-9.106296463122946e-11,1.8022720745299512e-11,1.47134521961108e-10,1.0004640304593408e-10
449,4.097598441619123,2.7522031003591803,1.7833226122973636,1.86560372501317e-11,6.327213900946852e-11,-1.0440420634486423e-10,8.716258293607492e-11,1.3191357384538919e-10,1.1110472329440244e-10
450,2.0487992208095616,1.100881240143672,0.8916613061486818,-2.067323858852722e-11,4.228313121403073e-11,-6.590185120984912e-11,3.932269007896247e-11,8.995847996373049e-11,6.975250398942679e-11
451,3.0731988312143423,2.7522031003591803,0.8916613061486818,-1.8857059373640564e-11,4.8740197988479464e-11,-1.070008637863336e-10,3.2245126603784406e-11,1.586816870941805e-10,1.27496829959998e-10
452,3.5853986364167327,2.7522031003591803,1.4861021769144698,6.2675664368682045e-12,6.245756164665874e-11,-1.1577344034762569e-10,2.7674380561839895e-11,1.5755301189766405e-10,1.2770236394045272e-10
453,2.560999026011952,2.201762480287344,0.8916613061486818,-3.6410256238428794e-11,5.059581354472531e-11,-8.293947938773705e-11,5.141680605387084e-11,1.4207323944966062e-10,9.616793539643232e-11
454,1.5365994156071712,1.100881240143672,0.5944408707657879,-4.766723788255445e-11,2.510151598733982e-11,-2.07350299550035e-11,7.05883264132668e-11,2.5286885402944843e-11,2.0768421918566347e-11
455,0.5121998052023904,0.0,0.0,-5.784772431133905e-11,-5.749942130521949e-12,4.1735658388942854e-11,2.5376600194241075e-10,1.8109434680217598e-10,6.704298914720877e-11
456,5.121998052023904,1.651321860215508,2.6749839184460455,-6.823126837346354e-11,4.115751172174866e-11,5.079693911742125e-12,1.0088138130524926e-10,4.2000031204552074e-11,7.393518846870304e-12
457,4.609798246821514,1.651321860215508,2.3777634830631516,-3.6830294611533333e-11,5.738080159314195e-11,-4.026234610110213e-11,6.159300753601284e-11,1.0200833662014637e-10,4.4147910163515396e-11
458,4.097598441619123,1.651321860215508,2.0805430476802576,-1.352937710394517e-11,6.795326932749752e-11,-7.47761023563313e-11,3.008567449067257e-11,1.5488924548445657e-10,8.329866954933437e-11
459,3.5853986364167327,1.651321860215508,1.7833226122973636,-2.100438107442374e-12,7.143641105642414e-11,-9.656251712326753e-11,8.897015533067179e-12,1.8202326641774849e-10,1.0771114044733596e-10
460,3.0731988312143423,1.651321860215508,1.4861021769144698,-2.7027412058058657e-12,6.607438993853534e-11,-1.0078663426551533e-10,4.934461341297566e-12,1.788960212633783e-10,1.1228926368901154e-10
461,2.560999026011952,1.651321860215508,1.1888817415315758,-1.5039289156931327e-11,5.442822359582822e-11,-8.762046634051182e-11,1.847901967331368e-11,1.4640518848195565e-10,9.700080428864188e-11
462,2.560999026011952,2.7522031003591803,0.0,-8.357587120253135e-11,3.6701625617205364e-11,-6.547575394805786e-11,9.816599687969378e-11,1.4561110292443604e-10,9.99057267675858e-11
463,2.560999026011952,2.7522031003591803,0.29722043538289394,-6.901371981154169e-11,3.730274164402338e-11,-7.401059528664599e-11,9.259847083211953e-11,1.3804269632120294e-10,1.0189368499178976e-10
464,2.0487992208095616,2.201762480287344,0.0,-1.1316561855882793e-10,4.476009305554451e-11,-3.0121947663581685e-11,1.1641609844503667e-10,1.0003697770023046e-10,4.844600594544721e-11
465,2.0487992208095616,2.201762480287344,0.29722043538289394,-9.146533943925802e-11,3.997156211286591e-11,-3.6389915116870597e-11,9.97472093161513e-11,9.233330106155782e-11,5.07400137974821e-11
466,1.5365994156071712,1.651321860215508,0.0,-1.208490137444205e-10,3.789803328390945e-11,2.290078234390751e-12,1.2247030533460154e-10,3.9164116316571715e-11,2.74988649761381e-12
467,1.5365994156071712,1.651321860215508,0.29722043538289394,-9.441226594064446e-11,2.8960728020002888e-11,-1.6839448346330043e-12,9.464159719283593e-11,2.960140168235403e-11,2.3273450229892557e-12
468,1.0243996104047808,1.100881240143672,0.0,-1.1250944587233043e-10,1.906887812113431e-11,3.596860518405593e-11,1.4068780533821562e-10,8.547260351073591e-11,4.620159795229218e-11
469,3.0731988312143423,2.7522031003591803,1.1888817415315758,-1.62353329642691e-11,5.4263019266136696e-11,-1.1180892523686417e-10,3.237293553428307e-11,1.5593202187683308e-10,1.2714626634899238e-10
470,2.0487992208095616,1.651321860215508,0.8916613061486818,-3.796517315830001e-11,3.819938375460275e-11,-5.356566763220266e-11,3.950665562546199e-11,8.834804228237081e-11,5.90579190672642e-11
471,1.0243996104047808,1.100881240143672,0.29722043538289394,-8.278149237165092e-11,6.948144602874102e-12,3.404933385597333e-11,1.0938478079468891e-10,8.520552604462429e-11,4.382469315889813e-11
472,0.5121998052023904,0.550440620071836,0.0,-9.058156164207524e-11,-8.403344176769293e-12,6.745769676381261e-11,1.8714158663664575e-10,1.777602314370907e-10,8.568449156696476e-11
473,4.609798246821514,0.0,2.6749839184460455,-1.1166855645237452e-10,3.663479307785421e-11,-4.5843111187645034e-12,1.3964069008752658e-10,8.747904045319078e-11,4.990464117396532e-11
474,4.609798246821514,0.550440620071836,2.6749839184460455,-9.371864429962156e-11,4.8605451563958156e-11,-1.6099557496893314e-11,9.756438152368236e-11,1.0192770306868177e-10,4.137780568643521e-11
475,4.097598441619123,0.0,2.3777634830631516,-5.6146851157773715e-11,4.550363018343762e-11,-4.670602945667753e-11,8.335693609151156e-11,1.406178024200663e-10,8.438248768069796e-11
476,4.097598441619123,0.550440620071836,2.3777634830631516,-4.633650210645434e-11,5.7719257987942634e-11,-5.451205343654889e-11,5.196865845896219e-11,1.5509043155385843e-10,7.89575580276367e-11
477,3.5853986364167327,0.0,2.0805430476802576,-1.4361009481754589e-11,4.822643601153426e-11,-7.379456199696804e-11,2.7706144060542826e-11,1.6506878558492988e-10,1.0717514205069335e-10
478,3.5853986364167327,0.550440620071836,2.0805430476802576,-1.2214599295923069e-11,6.090637850796602e-11,-7.832029244910197e-11,1.5158423345741217e-11,1.8055269059958096e-10,1.01936755113384e-10
479,3.0731988312143423,0.0,1.7833226122973636,1.3577091018657536e-11,4.5776034581257303e-11,-9.960387774707858e-11,2.7967478670876156e-11,1.5989891365155913e-10,1.22963539144249e-10
480,5.121998052023904,2.201762480287344,2.6749839184460455,-4.2145552970737e-11,4.7199551407054644e-11,-1.588372460934956e-11,1.381072631519626e-10,4.72686503623492e-11,1.95325792983743e-11
481,3.0731988312143423,0.550440620071836,1.7833226122973636,9.055471979528161e-12,5.722406426317473e-11,-9.563260160486283e-11,1.679044719266224e-11,1.7544725260356887e-10,1.1394559028593516e-10
482,2.560999026011952,0.0,1.4861021769144698,3.106960628229812e-11,4.1054995896772647e-11,-1.0684657303539226e-10,8.280579461468826e-11,1.2757299769593566e-10,1.2044384510934693e-10
483,4.609798246821514,2.201762480287344,2.3777634830631516,-1.7673115113334604e-11,6.271944644514674e-11,-5.5895518117629484e-11,9.58906166138548e-11,9.947613740533848e-11,5.709336793865736e-11
484,2.560999026011952,0.550440620071836,1.4861021769144698,1.7105431010770252e-11,4.7884937329250105e-11,-9.551966592240411e-11,4.5877038364011566e-11,1.4122216515640727e-10,1.0711997825125244e-10
485,2.0487992208095616,0.0,1.1888817415315758,3.335466851664277e-11,3.0498540272378894e-11,-9.417227578519376e-11,1.3193320148901396e-10,7.145271948441879e-11,9.931645961597996e-11
486,4.097598441619123,2.201762480287344,2.0805430476802576,-2.229333783781423e-12,7.239720909937911e-11,-8.900266750971806e-11,5.541538969381543e-11,1.5001425697569017e-10,9.43489817749745e-11
487,2.0487992208095616,0.550440620071836,1.1888817415315758,1.27635877100412e-11,3.410673868140622e-11,-7.847185823052261e-11,7.415150077267424e-11,8.23654047438204e-11,8.308170228387591e-11
488,1.5365994156071712,0.0,0.8916613061486818,2.37117709918047e-11,1.619274230621438e-11,-6.265556470498747e-11,1.742853608798265e-10,1.86859457714162e-11,6.276676401572107e-11
489,3.5853986364167327,2.201762480287344,1.7833226122973636,1.6446082445620765e-12,7.300618706344416e-11,-1.0749084196752085e-10,1.7979528028614948e-11,1.7554347546721213e-10,1.1638386310774407e-10
490,1.5365994156071712,0.550440620071836,0.8916613061486818,-1.9926890627852484e-12,1.718097046058243e-11,-4.1181134986603464e-11,1.0272095730006136e-10,1.7246091029530313e-11,4.1207482621106056e-11
491,1.0243996104047808,0.0,0.5944408707657879,3.266323981996589e-12,-3.404923139520732e-13,-1.498643206654678e-11,2.0888427552861871e-10,9.367910784422236e-11,2.8604090656512472e-11
492,3.0731988312143423,2.201762480287344,1.4861021769144698,-6.862224564938805e-12,6.507463949694709e-11,-1.0677418257513557e-10,1.670266264227496e-11,1.718988771729466e-10,1.1756295796414575e-10
493,1.0243996104047808,0.550440620071836,0.5944408707657879,-2.737219275938668e-11,-1.947312111557851e-12,9.700160051890578e-12,1.3211190863309603e-10,8.861876155550364e-11,2.7497036135727094e-11
494,0.5121998052023904,0.0,0.29722043538289394,-2.712665071885764e-11,-1.9767854545342466e-11,4.102915139104673e-11,2.368260284380639e-10,1.8167923690718483e-10,6.481589658487982e-11
495,2.560999026011952,2.7522031003591803,0.5944408707657879,-5.817030675389744e-11,3.9250543332668465e-11,-8.019488000869447e-11,9.021385442127756e-11,1.316014500323107e-10,1.0219157198840155e-10
496,2.0487992208095616,2.201762480287344,0.5944408707657879,-7.267139467312922e-11,3.5649818028825034e-11,-4.1125882064507614e-11,8.819844695614081e-11,8.604527642522364e-11,5.219162271152761e-11
497,2.560999026011952,2.201762480287344,1.1888817415315758,-2.5964613589447163e-11,5.0585334026561317e-11,-8.55832451112771e-11,4.8882665749073486e-11,1.3933317276549933e-10,9.612343701154166e-11
498,1.5365994156071712,1.651321860215508,0.5944408707657879,-7.042505249494823e-11,2.052019505669827e-11,-4.421998424563551e-12,7.060643808710103e-11,2.0804400696715246e-11,4.611666399846759e-12
499,0.5121998052023904,0.550440620071836,0.29722043538289394,-5.948831806025533e-11,-2.1851833369326633e-11,6.671014613884642e-11,1.6241266484600786e-10,1.7899739683204242e-10,8.427498927760193e-11
500,4.609798246821514,1.100881240143672,2.6749839184460455,-7.505492645531467e-11,5.7612394291815705e-11,-2.580293960849357e-11,7.706092921625338e-11,1.0863203684297602e-10,3.6541633165455765e-11
501,4.097598441619123,1.100881240143672,2.3777634830631516,-3.541717562228986e-11,6.730429957347706e-11,-6.308184547107198e-11,3.5862159251697016e-11,1.613271953245913e-10,7.716937511780255e-11
502,3.5853986364167327,1.100881240143672,2.0805430476802576,-8.158606914154039e-12,6.96320592090066e-11,-8.727970778782584e-11,8.266758110173705e-12,1.867262847959585e-10,1.0264366029402154e-10
503,5.121998052023904,2.7522031003591803,2.6749839184460455,-1.2328951651180723e-11,5.018611965753388e-11,-4.193062243539448e-11,1.9924922350961988e-10,5.0762478462563945e-11,4.477169292484142e-11
504,3.0731988312143423,1.100881240143672,1.7833226122973636,5.149573542776735e-12,6.305137855114453e-11,-9.69459763229516e-11,6.613880006785743e-12,1.81162254631233e-10,1.1070396243795221e-10
505,4.609798246821514,2.7522031003591803,2.3777634830631516,4.2432914199355316e-12,6.499241377973191e-11,-7.610271364352741e-11,1.4776027656745678e-10,9.117310514773665e-11,7.645819848043078e-11
506,2.560999026011952,1.100881240143672,1.4861021769144698,6.1760981216874806e-12,5.1217442015058676e-11,-9.098913969997377e-11,1.4298088522991542e-11,1.4647781576332595e-10,1.0068734373898165e-10
507,4.097598441619123,2.7522031003591803,2.0805430476802576,1.0581997672758306e-11,7.285471883207747e-11,-1.0731756989196382e-10,8.968980632738302e-11,1.3693872979252252e-10,1.1102013402662168e-10
508,2.0487992208095616,1.100881240143672,1.1888817415315758,-4.244078292304211e-12,3.5053129935597664e-11,-6.542125940467971e-11,2.6424543519977746e-11,8.664925587903806e-11,6.989803670271383e-11
509,3.5853986364167327,2.7522031003591803,1.7833226122973636,4.2347373154459475e-12,7.065368843211285e-11,-1.1945333573477873e-10,2.844854055856122e-11,1.5979227848560313e-10,1.2733087208965144e-10
510,1.5365994156071712,1.100881240143672,0.8916613061486818,-2.5834636394237764e-11,1.553104415190316e-11,-2.152681096281741e-11,4.9412417447315384e-11,1.5681185610957265e-11,2.1531259661158296e-11
511,2.560999026011952,2.7522031003591803,0.8916613061486818,-4.8639380521849065e-11,4.109030959460151e-11,-8.475803955188304e-11,8.899491730673834e-11,1.2670257538309452e-10,1.0152490250050648e-10
512,3.0731988312143423,2.7522031003591803,1.4861021769144698,-1.3439309088717406e-11,6.028722631433175e-11,-1.157597447121805e-10,3.259045056005605e-11,1.5548600186626612e-10,1.2660221147087029e-10
513,2.0487992208095616,2.201762480287344,0.8916613061486818,-5.5253671968013265e-11,3.2252223058408466e-11,-4.450306751078779e-11,8.058091448075934e-11,8.144018269879989e-11,5.2807059561044606e-11
514,1.0243996104047808,1.100881240143672,0.5944408707657879,-5.56631778246695e-11,-5.033976455008954e-12,3.257257927418299e-11,8.13694720148949e-11,8.602178488732158e-11,4.191681048311986e-11
515,0.0,0.0,0.0,-6.153997928041068e-11,-3.8800114629241345e-11,9.752167304038582e-11,2.6097080300719214e-10,2.6648211982755913e-10,1.2181571067051273e-10
516,4.609798246821514,1.651321860215508,2.6749839184460455,-5.557044163933018e-11,6.595032674161486e-11,-3.858667899752448e-11,8.051271482512105e-11,1.1089322807758028e-10,4.133085316432491e-11
517,4.097598441619123,1.651321860215508,2.3777634830631516,-2.3520306872521987e-11,7.495139133155846e-11,-7.40933775065816e-11,3.961709975458714e-11,1.6178266932773042e-10,8.126962147793957e-11
518,3.5853986364167327,1.651321860215508,2.0805430476802576,-4.202967169590234e-12,7.512092532202633e-11,-9.690377851569554e-11,1.0925389684835446e-11,1.8618720491784007e-10,1.0672400836431135e-10
519,3.0731988312143423,1.651321860215508,1.7833226122973636,2.129529331944765e-12,6.71595433383379e-11,-1.0164888451777251e-10,6.284785425646397e-12,1.806115385898927e-10,1.1198524923760592e-10
520,2.560999026011952,1.651321860215508,1.4861021769144698,-4.035778211596421e-12,5.2559319576137234e-11,-8.843077847442114e-11,1.604332812937493e-11,1.4567917244021706e-10,9.693214844536293e-11
521,2.0487992208095616,1.651321860215508,1.1888817415315758,-2.1357796866195764e-11,3.3331259839561955e-11,-5.454463893898627e-11,2.8346322514598075e-11,8.53238347311266e-11,5.943218379871454e-11
522,2.0487992208095616,2.7522031003591803,0.0,-1.325027412039703e-10,3.0830814137586635e-11,-2.2977649772918153e-11,1.569123077366226e-10,8.506978151695765e-11,5.455797231641256e-11
523,2.0487992208095616,2.7522031003591803,0.29722043538289394,-1.092684975661066e-10,2.7429579551718578e-11,-2.9913201612773546e-11,1.4667547224875436e-10,7.830548725024443e-11,5.400004398810712e-11
524,1.5365994156071712,2.201762480287344,0.0,-1.4666974383999587e-10,2.8388746453823807e-11,1.844381452615587e-11,1.5163005624128205e-10,2.922599095189515e-11,2.0654009537858524e-11
525,1.5365994156071712,2.201762480287344,0.29722043538289394,-1.1859183326451403e-10,2.1036001569213018e-11,1.3748873541727755e-11,1.3008893905744053e-10,2.122947860323972e-11,1.554056203016622e-11
526,1.0243996104047808,1.651321860215508,0.0,-1.4135474326535278e-10,1.2783576544819235e-11,5.7881135748919996e-11,1.4279812806481365e-10,8.381703212731732e-11,6.343553454902754e-11
527,1.0243996104047808,1.651321860215508,0.29722043538289394,-1.1025156432008575e-10,2.132555891368206e-12,5.5490735965789844e-11,1.1039839951245629e-10,8.476519562887553e-11,6.129570148201297e-11
528,0.5121998052023904,1.100881240143672,0.0,-1.220749525108913e-10,-1.1597281353544217e-11,9.270971451571722e-11,1.5158388056231513e-10,1.7579291177710563e-10,1.0698324183329771e-10
529,2.560999026011952,2.7522031003591803,1.1888817415315758,-3.9603561741957104e-11,4.330305941078186e-11,-8.803281907014552e-11,8.861764328358903e-11,1.2367614656757237e-10,1.0020854073236317e-10
530,1.5365994156071712,1.651321860215508,0.8916613061486818,-4.8018604055722306e-11,1.2684683508159629e-11,-6.094530739340825e-12,5.0491559547440834e-11,1.2818648473665354e-11,6.1290971383724875e-12
531,0.5121998052023904,1.100881240143672,0.29722043538289394,-9.005699030726198e-11,-2.4092390029336834e-11,9.167412318806917e-11,1.1796207388399768e-10,1.7730312623428503e-10,1.0579942410849602e-10
532,0.0,0.550440620071836,0.0,-9.348500889383279e-11,-3.9482251753626345e-11,1.2375177171647692e-10,1.9277963373066838e-10,2.631877492136807e-10,1.4456975548162753e-10
533,4.097598441619123,0.0,2.6749839184460455,-7.138328384202626e-11,4.940688009064213e-11,-3.986563129896905e-11,8.795175927084693e-11,1.4948720358065195e-10,8.554224820516699e-11
534,4.097598441619123,0.550440620071836,2.6749839184460455,-6.099650779605811e-11,6.209483582970819e-11,-4.904304831022547e-11,6.282142248715466e-11,1.6425213287592662e-10,7.753072492000715e-11
535,3.5853986364167327,0.0,2.3777634830631516,-1.8909734609068156e-11,4.879473965585842e-11,-7.034242152194555e-11,2.7713911303702273e-11,1.7343948521718152e-10,1.1039514620369419e-10
536,3.5853986364167327,0.550440620071836,2.3777634830631516,-1.7357138058243972e-11,6.219653362587144e-11,-7.554164839932063e-11,1.8406711803556886e-11,1.8799231630412177e-10,1.0254353576514054e-10
537,3.0731988312143423,0.0,2.0805430476802576,1.929971242547051e-11,4.240325494357471e-11,-9.611104394170237e-11,3.030800681244862e-11,1.6597021508061697e-10,1.2526622325747826e-10
538,3.0731988312143423,0.550440620071836,2.0805430476802576,1.2979700493245776e-11,5.459757693873324e-11,-9.318771152737584e-11,1.8213485557842188e-11,1.8025339563295811e-10,1.1458882718184288e-10
539,2.560999026011952,0.0,1.7833226122973636,4.373014602067413e-11,3.351722929701218e-11,-1.036335696159227e-10,8.461981633999462e-11,1.3046216339612325e-10,1.2165672271455977e-10
540,4.609798246821514,2.201762480287344,2.6749839184460455,-3.5673568496965145e-11,7.253702599011994e-11,-5.5747867733422486e-11,1.0754783011182818e-10,1.0873244595280273e-10,5.599263316043939e-11
541,2.560999026011952,0.550440620071836,1.7833226122973636,2.815262507199455e-11,4.1913138845983704e-11,-9.393824884118798e-11,4.7306132431234204e-11,1.4321307722817826e-10,1.07994470077687e-10
542,2.0487992208095616,0.0,1.4861021769144698,5.1555094210652974e-11,1.9700154954498248e-11,-9.185749312860949e-11,1.3129064280935719e-10,7.07904701210433e-11,9.972196720174296e-11
543,4.097598441619123,2.201762480287344,2.3777634830631516,-1.1952367249670095e-11,8.065061416592543e-11,-8.991089890501443e-11,6.063610230309421e-11,1.5680476213023875e-10,9.31664238485764e-11
544,2.0487992208095616,0.550440620071836,1.4861021769144698,2.9696766148135574e-11,2.5045482534829745e-11,-7.661693937466756e-11,7.230168421481037e-11,8.12953400193092e-11,8.290606145718148e-11
545,1.5365994156071712,0.0,1.1888817415315758,4.559458272810493e-11,3.725925200195736e-12,-6.098398104774675e-11,1.698056275310959e-10,8.316330194030166e-12,6.173842781907047e-11
546,3.5853986364167327,2.201762480287344,2.0805430476802576,-3.4505928759276493e-13,7.910087276878597e-11,-1.088675272607574e-10,1.8923966694000055e-11,1.7974357360534786e-10,1.1523907477772387e-10
547,1.5365994156071712,0.550440620071836,1.1888817415315758,1.9385742880982612e-11,6.150312041337985e-12,-4.0242007472797416e-11,9.540835306589558e-11,6.1634988751755124e-12,4.0562944230956976e-11
548,1.0243996104047808,0.0,0.8916613061486818,2.8557229016012865e-11,-1.4079752898102431e-11,-1.4697525885167306e-11,2.00083076947625e-10,9.3733913998214e-11,2.4964608656523773e-11
549,3.0731988312143423,2.201762480287344,1.7833226122973636,-2.1250103484668973e-12,6.924943533111985e-11,-1.0883897519941004e-10,1.72880061945517e-11,1.7372595795895551e-10,1.1698995923877135e-10
550,1.0243996104047808,0.550440620071836,0.8916613061486818,-1.93812695734323e-12,-1.4583982636431433e-11,9.507629553241795e-12,1.1822823019372334e-10,8.939515230991799e-11,2.5024835342258015e-11
551,0.5121998052023904,0.0,0.5944408707657879,2.168449968858193e-12,-3.346859115337079e-11,4.085070104272251e-11,2.233192685739024e-10,1.829449825089324e-10,6.287480686037823e-11
552,2.560999026011952,2.201762480287344,1.4861021769144698,-1.5830962505911286e-11,5.1177553283409003e-11,-8.732253331869788e-11,4.888026450357114e-11,1.3847056876541776e-10,9.53947645973393e-11
553,0.5121998052023904,0.550440620071836,0.5944408707657879,-3.025164986672696e-11,-3.484972739322897e-11,6.629078577546677e-11,1.4208445668633585e-10,1.8077741547156335e-10,8.310762823721398e-11
554,0.0,0.0,0.29722043538289394,-2.9651865383591625e-11,-5.254198371005466e-11,9.691593508719905e-11,2.42775391220026e-10,2.6795553679492985e-10,1.2073637403529748e-10
555,2.0487992208095616,2.7522031003591803,0.5944408707657879,-9.125595825718302e-11,2.4985627354382555e-11,-3.5540691692035236e-11,1.4143797471328282e-10,7.226837777633127e-11,5.3121448374928404e-11
556,1.5365994156071712,2.201762480287344,0.5944408707657879,-9.392149518746224e-11,1.437934610788098e-11,1.0043498667195665e-11,1.1475956551167548e-10,1.4384029198111757e-11,1.114665743130781e-11
557,2.0487992208095616,2.201762480287344,1.1888817415315758,-3.8938820670126906e-11,2.9786161579093846e-11,-4.682144297804459e-11,7.70172294224309e-11,7.859561880615772e-11,5.2750954184886286e-11
558,1.0243996104047808,1.651321860215508,0.5944408707657879,-8.183340623311119e-11,-8.299007086537999e-12,5.343571855567493e-11,8.216654542378243e-11,8.646727204958047e-11,5.954166307177338e-11
559,0.0,0.550440620071836,0.29722043538289394,-6.155900363704638e-11,-5.2863626947976613e-11,1.2290277109068731e-10,1.670885736072985e-10,2.648666451349298e-10,1.4355936888535278e-10
560,4.097598441619123,1.100881240143672,2.6749839184460455,-4.929571338538302e-11,7.303683379664956e-11,-5.875964456487785e-11,5.086815816718937e-11,1.7031749363348118e-10,7.335009739617407e-11
561,3.5853986364167327,1.100881240143672,2.3777634830631516,-1.2624703839883785e-11,7.264840400230729e-11,-8.433175785976429e-11,1.308945701879628e-11,1.935841389347044e-10,1.0027833351903138e-10
562,3.0731988312143423,1.100881240143672,2.0805430476802576,9.083660632332098e-12,6.250303940388412e-11,-9.524299930780965e-11,9.412496107989829e-12,1.852773294945878e-10,1.0963025189539641e-10
563,4.609798246821514,2.7522031003591803,2.6749839184460455,-1.2913364080765528e-11,7.532973835192301e-11,-7.683475160192684e-11,1.535015766686461e-10,1.0077240966513856e-10,7.685488209554104e-11
564,2.560999026011952,1.100881240143672,1.7833226122973636,1.697035041466462e-11,4.7514032910377806e-11,-9.000989638828407e-11,1.882383780927866e-11,1.479292373701563e-10,1.0032761523406198e-10
565,4.097598441619123,2.7522031003591803,2.3777634830631516,7.687082566063626e-13,8.256495558517973e-11,-1.0894470229879399e-10,9.246323853092915e-11,1.440137257536176e-10,1.104713125152787e-10
566,2.0487992208095616,1.100881240143672,1.4861021769144698,1.2598035836741342e-11,2.8079218562199393e-11,-6.41820228149859e-11,2.25770731917342e-11,8.535521522626278e-11,6.922891671645686e-11
567,3.5853986364167327,2.7522031003591803,2.0805430476802576,1.618428705093944e-12,7.885707134367741e-11,-1.2204930497508306e-10,2.9040076602850348e-11,1.6413664121933468e-10,1.2663453556410995e-10
568,1.5365994156071712,1.100881240143672,1.1888817415315758,-4.132283239846784e-12,6.292368263794577e-12,-2.1584987524513874e-11,3.2759903757692505e-11,6.7703487746103695e-12,2.1652450026550543e-11
569,3.0731988312143423,2.7522031003591803,1.7833226122973636,-1.0526551918414221e-11,6.666663083764153e-11,-1.1881069592627e-10,3.3204440747369694e-11,1.5724051232150316e-10,1.2585411891919745e-10
570,1.0243996104047808,1.100881240143672,0.8916613061486818,-2.988900952340119e-11,-1.6439795731954218e-11,3.1800944787159894e-11,5.636940948087325e-11,8.755262729710779e-11,4.068968715142276e-11
571,2.0487992208095616,2.7522031003591803,0.8916613061486818,-7.530038015538236e-11,2.348222230428873e-11,-3.995995275305333e-11,1.385478994336295e-10,6.768612645812919e-11,5.205169094476764e-11
572,2.560999026011952,2.7522031003591803,1.4861021769144698,-3.1513856156079436e-11,4.611379606460556e-11,-9.033147134628991e-11,8.947570620845657e-11,1.2264026502757465e-10,9.854548341836122e-11
573,1.5365994156071712,2.201762480287344,0.8916613061486818,-7.125086462263438e-11,8.296099492893978e-12,7.401917488690633e-12,1.0474955088593813e-10,8.685551349541838e-12,7.686362312435223e-12
574,0.5121998052023904,1.100881240143672,0.5944408707657879,-6.037727896512254e-11,-3.637462493978196e-11,9.061586375103662e-11,8.739026799252324e-11,1.7941527264557137e-10,1.0460905253472856e-10
575,4.097598441619123,1.651321860215508,2.6749839184460455,-3.626493586340429e-11,8.277043023085678e-11,-7.129813358192852e-11,5.2028526764105896e-11,1.70919587938088e-10,7.7107271404486e-11
576,3.5853986364167327,1.651321860215508,2.3777634830631516,-7.11696451113535e-12,8.02984023609753e-11,-9.518632678603556e-11,1.3532854431661141e-11,1.927678023785138e-10,1.0365995305145085e-10
577,3.0731988312143423,1.651321860215508,2.0805430476802576,7.216788350102965e-12,6.91849101703792e-11,-1.0107516630671514e-10,1.0681512276403147e-11,1.8442068573673125e-10,1.102017915237886e-10
578,2.560999026011952,1.651321860215508,1.7833226122973636,7.590768979526434e-12,5.1317635996823383e-11,-8.828283721019847e-11,2.176238079428166e-11,1.4681951336759812e-10,9.583921817348237e-11
579,2.0487992208095616,1.651321860215508,1.4861021769144698,-4.559178428127581e-12,2.8566391320388566e-11,-5.485102548644918e-11,2.651220521243289e-11,8.394774118832915e-11,5.9067973644727e-11
580,1.5365994156071712,1.651321860215508,1.1888817415315758,-2.636437822622227e-11,5.2372342927052395e-12,-6.8776081371528515e-12,3.66833951569885e-11,5.438756633646937e-12,6.8869081546110476e-12
581,1.5365994156071712,2.7522031003591803,0.0,-1.7057485229153887e-10,1.7726121283593367e-11,3.045384432076974e-11,2.0295229772298732e-10,1.7787953187699422e-11,3.455406408687595e-11
582,1.5365994156071712,2.7522031003591803,0.29722043538289394,-1.4124904518316861e-10,1.1810547585147607e-11,2.5541880115628575e-11,1.8910148413106806e-10,1.2885611455997672e-11,2.8643916431458748e-11
583,1.0243996104047808,2.201762480287344,0.0,-1.6948122814890828e-10,6.0513422307996965e-12,7.7169633969368e-11,1.7611151505556384e-10,8.588006344037299e-11,8.03716626081111e-11
584,1.0243996104047808,2.201762480287344,0.29722043538289394,-1.3741335752631524e-10,-3.152978161381482e-12,7.434474921255848e-11,1.5150475806231031e-10,8.774755823273949e-11,7.808197712561562e-11
585,0.5121998052023904,1.651321860215508,0.0,-1.526714766685639e-10,-1.591553966259825e-11,1.159966094297377e-10,1.5387662799651264e-10,1.7607726572202602e-10,1.2784593077901714e-10
586,0.5121998052023904,1.651321860215508,0.29722043538289394,-1.19808008723813e-10,-2.7179789121521357e-11,1.1474081380251122e-10,1.198921283781774e-10,1.7782380135217143e-10,1.26736784457226e-10
587,0.0,1.100881240143672,0.0,-1.2620656983555584e-10,-4.126639830754396e-11,1.492663189674236e-10,1.5617832250691613e-10,2.6061057319344103e-10,1.6802533563627972e-10
588,2.0487992208095616,2.7522031003591803,1.1888817415315758,-6.045755352377416e-11,2.311793710161347e-11,-4.3133807899282726e-11,1.375372504180562e-10,6.485764320141499e-11,5.0731091705641284e-11
589,1.0243996104047808,1.651321860215508,0.8916613061486818,-5.54182608021415e-11,-1.856749374975382e-11,5.2058508838475005e-11,5.87340276017476e-11,8.85928251372478e-11,5.851753924495862e-11
590,0.0,1.100881240143672,0.29722043538289394,-9.342980680374373e-11,-5.379848232203466e-11,1.4816461217973534e-10,1.218144035965904e-10,2.620671178782819e-10,1.66895929173385e-10
591,3.5853986364167327,0.0,2.6749839184460455,-2.76774946400438e-11,5.12950438574285e-11,-6.316636098035306e-11,3.140150076384298e-11,1.833082442322426e-10,1.1075098746238937e-10
592,3.5853986364167327,0.550440620071836,2.6749839184460455,-2.528474204625521e-11,6.521617929190488e-11,-6.960968964530583e-11,2.5419438712928494e-11,1.9784980757996152e-10,1.0044763253542577e-10
593,3.0731988312143423,0.0,2.3777634830631516,2.2340908365797405e-11,3.9973070683413423e-11,-8.989771166596877e-11,3.1798218591240036e-11,1.7421522830296716e-10,1.2560932093752784e-10
594,3.0731988312143423,0.550440620071836,2.3777634830631516,1.5341168748251046e-11,5.3235888692120365e-11,-8.854983585834711e-11,1.9045541516385007e-11,1.8738616248739985e-10,1.1331874711249692e-10
595,2.560999026011952,0.0,2.0805430476802576,5.4946983774228444e-11,2.6344907973248306e-11,-9.915542384122276e-11,8.73677719186112e-11,1.358090702590099e-10,1.2212245107335772e-10
596,2.560999026011952,0.550440620071836,2.0805430476802576,3.8553787291121286e-11,3.673620707273078e-11,-9.129698168451422e-11,5.079003335387468e-11,1.474875288865829e-10,1.0792223967464358e-10
597,2.0487992208095616,0.0,1.7833226122973636,6.881560727550621e-11,9.544778464071488e-12,-8.916484482627852e-11,1.3282750512548035e-10,7.358321276892015e-11,1.001711916653829e-10
598,4.097598441619123,2.201762480287344,2.6749839184460455,-2.3952973443346965e-11,8.988816317091427e-11,-8.854252262880423e-11,6.784381727688047e-11,1.6580185352097026e-10,9.011210785335648e-11
599,2.0487992208095616,0.550440620071836,1.7833226122973636,4.620639156624248e-11,1.7066275349927013e-11,-7.42739518285265e-11,7.451338634807803e-11,8.30434159593246e-11,8.23800141164167e-11
600,1.5365994156071712,0.0,1.4861021769144698,6.764128601468804e-11,-8.229233478098182e-12,-5.877093660199975e-11,1.6855021831238102e-10,9.277515038562496e-12,6.070047287622919e-11
601,3.5853986364167327,2.201762480287344,2.3777634830631516,-2.8175011064390646e-12,8.568408822791124e-11,-1.0829543349646431e-10,1.9888778594363583e-11,1.8599610745849527e-10,1.1245096128182512e-10
602,1.5365994156071712,0.550440620071836,1.4861021769144698,4.069925155665656e-11,-4.395760056041892e-12,-3.869661666003826e-11,9.333528767661381e-11,4.811351521003905e-12,3.9592718501301664e-11
603,1.0243996104047808,0.0,1.1888817415315758,5.359544673226532e-11,-2.7570157262196933e-11,-1.348490714176994e-11,1.9475286717755916e-10,9.48528943537212e-11,2.1037643057964987e-11
604,3.0731988312143423,2.201762480287344,2.0805430476802576,3.221375937295352e-12,7.32843064545647e-11,-1.0934480272163637e-10,1.9593428690850486e-11,1.7730412577403697e-10,1.1513643862069281e-10
605,1.0243996104047808,0.550440620071836,1.1888817415315758,2.3086948566022817e-11,-2.6833205553937027e-11,1.0135575029100267e-11,1.0971411936720912e-10,9.090640892095363e-11,2.3101674900285342e-11
606,0.5121998052023904,0.0,0.8916613061486818,3.0491592801705095e-11,-4.716242350792117e-11,4.154943874155572e-11,2.136231960232142e-10,1.8474867958095844e-10,6.14799076284649e-11
607,2.560999026011952,2.201762480287344,1.7833226122973636,-4.859504191604475e-12,5.196066466106785e-11,-8.813821042111996e-11,5.13308827165288e-11,1.3932948920012129e-10,9.396980178207189e-11
608,0.5121998052023904,0.550440620071836,0.8916613061486818,-1.876655813947176e-12,-4.768905761333006e-11,6.659263532018524e-11,1.2682524335741207e-10,1.8288417577106675e-10,8.250667971179154e-11
609,0.0,0.0,0.5944408707657879,1.5666965878598565e-12,-6.65062006066438e-11,9.658788573302529e-11,2.2859970802508865e-10,2.7014780627732153e-10,1.1964788183492106e-10
610,2.0487992208095616,2.201762480287344,1.4861021769144698,-2.3176199582283967e-11,2.7315979305478683e-11,-4.833163511122472e-11,7.739883944900588e-11,7.720700214642882e-11,5.221910679691475e-11
611,0.0,0.550440620071836,0.5944408707657879,-3.106839974537197e-11,-6.644862061004058e-11,1.2207301134812094e-10,1.4606979184082416e-10,2.67351669934715e-10,1.424131047709732e-10
612,1.5365994156071712,2.7522031003591803,0.5944408707657879,-1.173917761746863e-10,6.825771384431002e-12,2.144853327645687e-11,1.8113094112160948e-10,1.1030838886923956e-11,2.3270692363249755e-11
613,1.0243996104047808,2.201762480287344,0.5944408707657879,-1.0873444468792826e-10,-1.225429285003509e-11,7.181844187043771e-11,1.3352442729689138e-10,9.01130273445272e-11,7.616966794563479e-11
614,1.5365994156071712,2.201762480287344,1.1888817415315758,-4.9772998284371923e-11,2.526181962256275e-12,5.854690971939376e-12,9.994089471704883e-11,4.409550381240431e-12,5.947574142230301e-12
615,0.5121998052023904,1.651321860215508,0.5944408707657879,-8.90400407584584e-11,-3.8482792502240224e-11,1.1341296378232378e-10,8.951725154665491e-11,1.8009778997514974e-10,1.2557524798942035e-10
616,3.5853986364167327,1.100881240143672,2.6749839184460455,-1.9163007892878743e-11,7.70292199060511e-11,-7.924068419789752e-11,2.0031218184617688e-11,2.0295843542183166e-10,9.563774462187205e-11
617,3.0731988312143423,1.100881240143672,2.3777634830631516,1.2640327320472527e-11,6.328296018087208e-11,-9.179004952584358e-11,1.2650933184815717e-11,1.917320836724585e-10,1.0672076859307445e-10
618,2.560999026011952,1.100881240143672,2.0805430476802576,2.799180844425871e-11,4.483354123743026e-11,-8.800943807434973e-11,2.8153132983161398e-11,1.515099952971022e-10,9.884070757033782e-11
619,4.097598441619123,2.7522031003591803,2.6749839184460455,-1.0290252613692054e-11,9.278914132381819e-11,-1.0866531855916263e-10,9.517354161700112e-11,1.532920663649644e-10,1.0892710761353994e-10
620,2.0487992208095616,1.100881240143672,1.7833226122973636,2.9202672260643704e-11,2.199191698787546e-11,-6.242858667167233e-11,3.125808913102447e-11,8.634092624357425e-11,6.795983890995425e-11
621,3.5853986364167327,2.7522031003591803,2.3777634830631516,-1.1722917003568018e-12,8.692653675853622e-11,-1.2270654727816785e-10,2.92353317883314e-11,1.7039953692062386e-10,1.2481779816355467e-10
622,1.5365994156071712,1.100881240143672,1.4861021769144698,1.7449460937709688e-11,-2.659383763876754e-12,-2.1101169668360813e-11,2.879907650168012e-11,4.873376990880247e-12,2.126523398649688e-11
623,3.0731988312143423,2.7522031003591803,2.0805430476802576,-6.343469559069388e-12,7.265001430596072e-11,-1.2031269352735602e-10,3.4278901848164546e-11,1.607807529453054e-10,1.2430827875424172e-10
624,1.0243996104047808,1.100881240143672,1.1888817415315758,-4.417063871550005e-12,-2.7131075373838763e-11,3.1901357206214326e-11,3.683174259295768e-11,8.939082100741961e-11,4.0289096458003914e-11
625,2.560999026011952,2.7522031003591803,1.7833226122973636,-2.2941194783320848e-11,4.897050526668049e-11,-9.167672627410182e-11,9.125377526774602e-11,1.233673818186232e-10,9.660521159027975e-11
626,0.5121998052023904,1.100881240143672,0.8916613061486818,-3.2005857446852144e-11,-4.8576926213727616e-11,9.01424563853975e-11,5.997574050198113e-11,1.81787075624554e-10,1.0394719019356412e-10
627,1.5365994156071712,2.7522031003591803,0.8916613061486818,-9.642377443675455e-11,1.9843215801664993e-12,1.838602703423245e-11,1.767756582995809e-10,1.1520680332115692e-11,1.894176829557503e-11
628,2.0487992208095616,2.7522031003591803,1.4861021769144698,-4.651938722808406e-11,2.2985465316863523e-11,-4.504321830004191e-11,1.3846500445904988e-10,6.353933895591869e-11,4.9125622421368365e-11
629,1.0243996104047808,2.201762480287344,0.8916613061486818,-8.256496737621734e-11,-2.167207855492444e-11,6.988157830469736e-11,1.2193046101188934e-10,9.274305910933712e-11,7.497051957843924e-11
630,0.0,1.100881240143672,0.5944408707657879,-6.264493228232563e-11,-6.674439869899044e-11,1.4671710122081166e-10,9.023911129076906e-11,2.6461929553244817e-10,1.6538668856789494e-10
631,3.5853986364167327,1.651321860215508,2.6749839184460455,-1.1774943016581786e-11,8.646310681307235e-11,-9.112016725707834e-11,1.7475076856514413e-11,2.017889120983683e-10,9.819918259378632e-11
632,3.0731988312143423,1.651321860215508,2.3777634830631516,1.2226876213822896e-11,7.195414625944548e-11,-9.864803915028701e-11,1.5890690761992205e-11,1.903127554110321e-10,1.0651523649061833e-10
633,2.560999026011952,1.651321860215508,2.0805430476802576,1.9531157426116905e-11,5.051542732251724e-11,-8.705754016793329e-11,3.2178967706724495e-11,1.4977041533608292e-10,9.360054237788564e-11
634,2.0487992208095616,1.651321860215508,1.7833226122973636,1.2601738746721782e-11,2.4157279404813296e-11,-5.458700273251106e-11,3.5960167152600383e-11,8.437779985734794e-11,5.807106513797504e-11
635,1.5365994156071712,1.651321860215508,1.4861021769144698,-4.82136071084745e-12,-2.206254811705587e-12,-6.875363472442478e-12,3.546159659998153e-11,3.204860188800979e-12,7.084423133054844e-12
636,1.0243996104047808,1.651321860215508,1.1888817415315758,-2.9887905641489576e-11,-2.8267860141422894e-11,5.1660758154478096e-11,4.297447468114358e-11,9.07813707368108e-11,5.849653159055943e-11
637,1.0243996104047808,2.7522031003591803,0.0,-1.955960847109827e-10,-8.144533941637672e-13,9.256483380837684e-11,2.3365459187625086e-10,9.161649729039299e-11,9.460574408851432e-11
638,1.0243996104047808,2.7522031003591803,0.29722043538289394,-1.6289655576534644e-10,-8.989804433735054e-12,8.979357211432907e-11,2.1733980491405827e-10,9.366873160103748e-11,9.237151343854759e-11
639,0.5121998052023904,2.201762480287344,0.0,-1.8152700890379894e-10,-1.9965903762223215e-11,1.3639328924498563e-10,1.8962042859332743e-10,1.787239193247464e-10,1.465169918230398e-10
640,0.5121998052023904,2.201762480287344,0.29722043538289394,-1.48008060166974e-10,-3.050078980054403e-11,1.3500757237269786e-10,1.6385372381031106e-10,1.8064161388849318e-10,1.4546346781322726e-10
641,0.0,1.651321860215508,0.0,-1.5746333001108144e-10,-4.389357407292112e-11,1.7204354450058154e-10,1.585083090505738e-10,2.610147376206788e-10,1.894697851904419e-10
642,0.0,1.651321860215508,0.29722043538289394,-1.2397661564344463e-10,-5.560909712095525e-11,1.710251376731756e-10,1.2403238705462636e-10,2.6242835379072704e-10,1.8845255396229278e-10
643,1.5365994156071712,2.7522031003591803,1.1888817415315758,-7.676467359313123e-11,-2.6824237452409104e-12,1.6464312242114697e-11,1.750814152267013e-10,1.3222312117238991e-11,1.646941177887188e-11
644,0.5121998052023904,1.651321860215508,0.8916613061486818,-6.026065832076677e-11,-5.003899820089271e-11,1.12436901113632e-10,6.418904082099904e-11,1.8263499970918926e-10,1.247945302577127e-10
645,3.0731988312143423,0.0,2.6749839184460455,2.0876833383108746e-11,3.96488184297774e-11,-8.130842714371134e-11,3.07762389420782e-11,1.8417859197973159e-10,1.2398484159818997e-10
646,3.0731988312143423,0.550440620071836,2.6749839184460455,1.524166929600813e-11,5.3879294891934785e-11,-8.137685303465139e-11,1.7918763304944406e-11,1.9706970808901741e-10,1.0978234563816952e-10
647,2.560999026011952,0.0,2.3777634830631516,6.510852690406055e-11,2.071741145367594e-11,-9.261373988203753e-11,9.062971839995456e-11,1.4364193676229138e-10,1.2111577169006686e-10
648,2.560999026011952,0.550440620071836,2.3777634830631516,4.8933886743667715e-11,3.2750180616693924e-11,-8.673046276980596e-11,5.6076547069419755e-11,1.5408289529738277e-10,1.061252680295593e-10
649,2.0487992208095616,0.0,2.0805430476802576,8.644788195211183e-11,3.010952388794968e-14,-8.530101007833697e-11,1.3675956814125382e-10,7.951686079731087e-11,9.98797148898339e-11
650,2.0487992208095616,0.550440620071836,2.0805430476802576,6.332928423789595e-11,9.692005973222975e-12,-7.10286350257769e-11,8.089258520602055e-11,8.730437210236562e-11,8.10909754213818e-11
651,1.5365994156071712,0.0,1.7833226122973636,9.016692983284927e-11,-1.985072568865508e-11,-5.578965172597073e-11,1.7063536240926624e-10,1.985116719936711e-11,5.938831073648458e-11
652,3.5853986364167327,2.201762480287344,2.6749839184460455,-5.947043901743043e-12,9.304728342529457e-11,-1.0527560823282081e-10,2.103026189395484e-11,1.9434782776758416e-10,1.075402027850226e-10
653,1.5365994156071712,0.550440620071836,1.7833226122973636,6.230872490113456e-11,-1.4443348674482165e-11,-3.636237782891605e-11,9.685455129670302e-11,1.5483538097370814e-11,3.807726608375047e-11
654,1.0243996104047808,0.0,1.4861021769144698,7.93530569183165e-11,-4.091745112627604e-11,-1.1337455432075196e-11,1.933413863513961e-10,9.695353165924891e-11,1.6759799952606018e-11
655,3.0731988312143423,2.201762480287344,2.3777634830631516,8.970798713000563e-12,7.730329409467908e-11,-1.0785721147514722e-10,2.3666240129107896e-11,1.826317922168791e-10,1.1157475254413847e-10
656,1.0243996104047808,0.550440620071836,1.4861021769144698,4.82691012376975e-11,-3.892179854667607e-11,1.1457612447743073e-11,1.075872027621589e-10,9.306246417258149e-11,2.1850725908365924e-11
657,0.5121998052023904,0.0,1.1888817415315758,5.809145472922912e-11,-6.087322609280839e-11,4.288241005262706e-11,2.078596282857705e-10,1.869463890722498e-10,6.061349968469144e-11
658,2.560999026011952,2.201762480287344,2.0805430476802576,7.658879950700036e-12,5.2911481812393e-11,-8.773956959944716e-11,5.6761731296761866e-11,1.4188071601793985e-10,9.158795747071766e-11
659,0.5121998052023904,0.550440620071836,1.1888817415315758,2.5663180561518142e-11,-6.0471784129142e-11,6.736894671086452e-11,1.1770632440620906e-10,1.8516957379719991e-10,8.23494828464906e-11
660,0.0,0.0,0.8916613061486818,3.147987347586404e-11,-8.070842792738309e-11,9.65737601521477e-11,2.1860943543698778e-10,2.7279861901734426e-10,1.1871371160838793e-10
661,2.0487992208095616,2.201762480287344,1.7833226122973636,-6.38403725737636e-12,2.4703710408900815e-11,-4.9035630880880173e-11,8.148166965470514e-11,7.728206290885694e-11,5.1233149093321724e-11
662,0.0,0.550440620071836,0.8916613061486818,-1.5333065162977004e-12,-8.014288358380001e-11,1.2162432005239047e-10,1.3036849608296918e-10,2.701631126353926e-10,1.4156469535346617e-10
663,1.5365994156071712,2.201762480287344,1.4861021769144698,-2.8636413132825142e-11,-3.4598153183545996e-12,5.37340154195419e-12,1.0026855507902973e-10,4.8676752587758295e-12,7.014017134414006e-12
664,1.0243996104047808,2.7522031003591803,0.5944408707657879,-1.3490440928774344e-10,-1.6959350473278016e-11,8.733160983283262e-11,2.070505295966489e-10,9.632878342535507e-11,9.057767506815822e-11
665,0.5121998052023904,2.201762480287344,0.5944408707657879,-1.1722652007153897e-10,-4.123138938873446e-11,1.3376519289237458e-10,1.4444117352986752e-10,1.8302546510059868e-10,1.4456618506675517e-10
666,1.0243996104047808,2.201762480287344,1.1888817415315758,-5.739450481233271e-11,-3.0671704337034964e-11,6.871363811429994e-11,1.1620255269382662e-10,9.528274122001188e-11,7.467191012218447e-11
667,0.0,1.651321860215508,0.5944408707657879,-9.240739079964473e-11,-6.78412168993645e-11,1.6962857757488831e-10,9.296104832760063e-11,2.649107199815711e-10,1.870614343607722e-10
668,3.0731988312143423,1.100881240143672,2.6749839184460455,1.4714729964049752e-11,6.539149716345549e-11,-8.602071360299705e-11,1.483645371652216e-11,2.0070962365237524e-10,1.0138132729942272e-10
669,2.560999026011952,1.100881240143672,2.3777634830631516,3.969189629666987e-11,4.2720322072485767e-11,-8.443702401602813e-11,3.9790701392835456e-11,1.5713281071391153e-10,9.569355410505575e-11
670,2.0487992208095616,1.100881240143672,2.0805430476802576,4.636018527651526e-11,1.64408124712822e-11,-5.990970629338268e-11,4.6457581606638144e-11,8.94421079326146e-11,6.583769343799986e-11
671,3.5853986364167327,2.7522031003591803,2.6749839184460455,-3.253346593268748e-12,9.519134822287331e-11,-1.2102250014668733e-10,2.8349948683861293e-11,1.787418051098566e-10,1.2155203392814976e-10
672,1.5365994156071712,1.100881240143672,1.7833226122973636,3.907961824737926e-11,-1.1236924728544013e-11,-1.995233277717072e-11,4.1200764764103476e-11,1.3195527857295433e-11,2.020928818621454e-11
673,3.0731988312143423,2.7522031003591803,2.3777634830631516,-4.844180528672461e-13,7.863636085767912e-11,-1.19804720966189e-10,3.660298378688522e-11,1.661840155530598e-10,1.2154282239236748e-10
674,1.0243996104047808,1.100881240143672,1.4861021769144698,2.098547994723787e-11,-3.755303241127918e-11,3.265506240357623e-11,3.2929942627174546e-11,9.143126585832637e-11,4.0570654480290924e-11
675,2.560999026011952,2.7522031003591803,2.0805430476802576,-1.1736138029354822e-11,5.210871378453283e-11,-9.18770081336998e-11,9.407337454890656e-11,1.2589206177046835e-10,9.427011510105841e-11
676,0.5121998052023904,1.100881240143672,1.1888817415315758,-4.269262336838449e-12,-6.043082335958589e-11,9.038295454857358e-11,3.8802442540787063e-11,1.841313476712106e-10,1.0396359734856598e-10
677,2.0487992208095616,2.7522031003591803,1.7833226122973636,-3.187514540313209e-11,2.251574601331946e-11,-4.588357039499968e-11,1.410370729038895e-10,6.353083985946294e-11,4.7459369772116544e-11
678,0.0,1.100881240143672,0.8916613061486818,-3.306727320808442e-11,-7.992401144178574e-11,1.4573948365755185e-10,6.175392505073939e-11,2.6753287517388215e-10,1.643151488759711e-10
679,1.0243996104047808,2.7522031003591803,0.8916613061486818,-1.1023897340314363e-10,-2.5518680882765004e-11,8.538352761432263e-11,2.0143119338734783e-10,9.924213723418656e-11,8.950985623155924e-11
680,1.5365994156071712,2.7522031003591803,1.4861021769144698,-5.7353330086677675e-11,-7.1918902920455345e-12,1.5793939140490136e-11,1.757698512145064e-10,1.5171432002582242e-11,1.6819086796598617e-11
681,0.5121998052023904,2.201762480287344,0.8916613061486818,-8.915949887442927e-11,-5.206638440250073e-11,1.3278947759163487e-10,1.3200907186118438e-10,1.8559955226509671e-10,1.440157055954526e-10
682,3.0731988312143423,1.651321860215508,2.6749839184460455,1.6465649958645647e-11,7.558064867037869e-11,-9.400253629525994e-11,2.0920935192692526e-11,1.9856788688962972e-10,1.0055638571380583e-10
683,2.560999026011952,1.651321860215508,2.3777634830631516,3.1907949374324975e-11,4.984755307597837e-11,-8.446948121839638e-11,4.470600936499639e-11,1.5447816548808204e-10,8.993584358372521e-11
684,2.0487992208095616,1.651321860215508,2.0805430476802576,3.046596311364487e-11,2.0284109526744734e-11,-5.3543056327749616e-11,5.1585231138821243e-11,8.666132305339059e-11,5.6256957172423623e-11
685,1.5365994156071712,1.651321860215508,1.7833226122973636,1.715185752308487e-11,-9.465585801568438e-12,-6.173047469445531e-12,4.799558317886855e-11,1.044572810709407e-11,7.047855927825559e-12
686,1.0243996104047808,1.651321860215508,1.4861021769144698,-4.64353513172829e-12,-3.7546401443370584e-11,5.2138853200672095e-11,4.2272536384521425e-11,9.286262053544187e-11,5.938024785434327e-11
687,0.5121998052023904,1.651321860215508,1.1888817415315758,-3.2399381383175364e-11,-6.129859780246819e-11,1.1208824044876706e-10,4.726726088013642e-11,1.8509336609296114e-10,1.246645571031221e-10
688,0.5121998052023904,2.7522031003591803,0.0,-2.0826695363039252e-10,-2.3430692558415504e-11,1.5499933785553764e-10,2.496232580841272e-10,1.8230351052568802e-10,1.6391737345624614e-10
689,0.5121998052023904,2.7522031003591803,0.29722043538289394,-1.7440384994941785e-10,-3.3491025308225735e-11,1.5374226009187533e-10,2.317813311576928e-10,1.8410907518638562e-10,1.6303655011545937e-10
690,0.0,2.201762480287344,0.0,-1.8621081986948905e-10,-4.5977679760647914e-11,1.9355137584285914e-10,1.9516583309318195e-10,2.6379744358174776e-10,2.0956314055290652e-10
691,0.0,2.201762480287344,0.29722043538289394,-1.5215264601197975e-10,-5.759381882409212e-11,1.9220229857572558e-10,1.688626344188975e-10,2.6540253252441806e-10,2.083190065834499e-10
692,1.0243996104047808,2.7522031003591803,1.1888817415315758,-8.68719833470146e-11,-3.372473532613894e-11,8.391612950954999e-11,1.9911423296768382e-10,1.0196745790239298e-10,8.917239279815761e-11
693,0.0,1.651321860215508,0.8916613061486818,-6.250691731584063e-11,-8.032997426705576e-11,1.6851192953717294e-10,6.67182289097757e-11,2.6772373099217404e-10,1.8598054364821383e-10
694,2.560999026011952,0.0,2.6749839184460455,7.178138422989196e-11,1.75415704824611e-11,-8.38442182264443e-11,9.20456541333349e-11,1.533382068601862e-10,1.182666914047066e-10
695,2.560999026011952,0.550440620071836,2.6749839184460455,5.745185106116773e-11,3.055069501845673e-11,-7.953691363133407e-11,6.096976881894339e-11,1.6305916629079134e-10,1.0197104671334302e-10
696,2.0487992208095616,0.0,2.3777634830631516,1.0401019298501052e-10,-8.248377059659225e-12,-7.961408258462988e-11,1.4249098553102515e-10,8.798893983110816e-11,9.823413931682405e-11
697,2.0487992208095616,0.550440620071836,2.3777634830631516,8.108167950465642e-11,2.883855086605327e-12,-6.64255936631234e-11,9.087905195797405e-11,9.386637650191837e-11,7.860939073333794e-11
698,1.5365994156071712,0.0,2.0805430476802576,1.1325814770906637e-10,-3.111760945907342e-11,-5.1993408221962e-11,1.7594002202215173e-10,3.165218893887084e-11,5.77162875979608e-11
699,1.5365994156071712,0.550440620071836,2.0805430476802576,8.45997339410893e-11,-2.4132520093596762e-11,-3.323996569098829e-11,1.0578027094114572e-10,2.629652159040768e-11,3.599775397886403e-11
700,1.0243996104047808,0.0,1.7833226122973636,1.0585160897703747e-10,-5.3828953130837025e-11,-8.461808712842329e-12,1.9600553456618018e-10,9.983889814448993e-11,1.2256331777060616e-11
701,3.0731988312143423,2.201762480287344,2.6749839184460455,1.5165676441548077e-11,8.21656266362265e-11,-1.0421426166253246e-10,2.9227758151400325e-11,1.8995295400261827e-10,1.0616674360138652e-10
702,1.0243996104047808,0.550440620071836,1.7833226122973636,7.396340678872803e-11,-5.0610059232890913e-11,1.3358684080688214e-11,1.1236281290231915e-10,9.570832411129471e-11,2.1416067562233896e-11
703,0.5121998052023904,0.0,1.4861021769144698,8.603199404468998e-11,-7.42497044790244e-11,4.447012950890351e-11,2.0630874778079477e-10,1.893230763283313e-10,6.01549715478003e-11
704,2.560999026011952,2.201762480287344,2.3777634830631516,2.134553966732905e-11,5.4140788010724625e-11,-8.604549166743613e-11,6.547193388474038e-11,1.4612532738410513e-10,8.820260634307592e-11
705,0.5121998052023904,0.550440620071836,1.4861021769144698,5.289340628138159e-11,-7.314351768761622e-11,6.820898073368687e-11,1.155676998041084e-10,1.8753514138950427e-10,8.236547075873702e-11
706,0.0,0.0,1.1888817415315758,5.97731919789565e-11,-9.426670384846555e-11,9.664506670528131e-11,2.1256459061844703e-10,2.754090991745061e-10,1.1788776164592036e-10
707,2.0487992208095616,2.201762480287344,2.0805430476802576,1.2375577583369834e-11,2.2754678101392353e-11,-4.8929101016558854e-11,8.976210290253204e-11,7.908407331639472e-11,4.984419512007433e-11
708,0.0,0.550440620071836,1.1888817415315758,2.665196901621463e-11,-9.319673702207038e-11,1.21408317179568e-10,1.2096017754796686e-10,2.7279438028847005e-10,1.4098960278879102e-10
709,1.5365994156071712,2.201762480287344,1.7833226122973636,-6.891568811102433e-12,-9.533494185490965e-12,5.6236667931378076e-12,1.0568128678299473e-10,9.740721315913827e-12,1.0016526732129939e-11
710,1.0243996104047808,2.201762480287344,1.4861021769144698,-3.2361307520526823e-11,-3.90661863600036e-11,6.827850017254316e-11,1.1647016036608548e-10,9.746911128088737e-11,7.523133407608524e-11
711,0.5121998052023904,2.7522031003591803,0.5944408707657879,-1.4406176841707545e-10,-4.3777442286134524e-11,1.5242269329902085e-10,2.199185884699118e-10,1.8639937440752768e-10,1.6216921314685858e-10
712,0.0,2.201762480287344,0.5944408707657879,-1.2092721214577705e-10,-6.966191082200823e-11,1.9031539072624714e-10,1.4919021656011705e-10,2.6782744036953716e-10,2.0657025075292814e-10
713,0.5121998052023904,2.201762480287344,1.1888817415315758,-6.188141560112247e-11,-6.253548257591508e-11,1.321532427617487e-10,1.2577657752945738e-10,1.8801995433185385e-10,1.4389431500164976e-10
714,2.560999026011952,1.100881240143672,2.6749839184460455,5.09960839948993e-11,4.174338008656831e-11,-7.845315525731542e-11,5.1910327621683855e-11,1.6510239792813853e-10,9.007374138672746e-11
715,2.0487992208095616,1.100881240143672,2.3777634830631516,6.488436943726462e-11,1.1169036078133118e-11,-5.619649712415548e-11,6.516894631468107e-11,9.458482740304264e-11,6.244915769977921e-11
716,1.5365994156071712,1.100881240143672,2.0805430476802576,6.15782047731539e-11,-1.937950218473379e-11,-1.793858470171311e-11,6.163164735007624e-11,2.2272400426500638e-11,1.8262085303101894e-11
717,3.0731988312143423,2.7522031003591803,2.6749839184460455,7.492332039411741e-12,8.488079017155855e-11,-1.173832753120032e-10,4.137402973303494e-11,1.735962376311902e-10,1.1774124930296228e-10
718,1.0243996104047808,1.100881240143672,1.7833226122973636,4.668519608454849e-11,-4.788152014178172e-11,3.384298076615875e-11,4.871390151038406e-11,9.372985915173872e-11,4.137897371929654e-11
719,2.560999026011952,2.7522031003591803,2.3777634830631516,2.2613766829987827e-12,5.592647138282804e-11,-9.086131769519123e-11,9.909894182385788e-11,1.3033906322010932e-10,9.156545228138095e-11
720,0.5121998052023904,1.100881240143672,1.4861021769144698,2.3085023182429043e-11,-7.216712205922805e-11,9.0976222088554e-11,3.509192832919141e-11,1.8640884115924393e-10,1.0437575894289707e-10
721,2.0487992208095616,2.7522031003591803,2.0805430476802576,-1.4833923706561483e-11,2.2458905507042768e-11,-4.603044423616725e-11,1.4553641347554566e-10,6.507792697798553e-11,4.623348660223466e-11
722,0.0,1.100881240143672,1.1888817415315758,-4.389641359715942e-12,-9.238616162783558e-11,1.4544440222442626e-10,3.9811137831133133e-11,2.701640184968084e-10,1.639380060982487e-10
723,1.5365994156071712,2.7522031003591803,1.7833226122973636,-3.750519943129198e-11,-1.1645881993370129e-11,1.5941829804569354e-11,1.789577331931342e-10,1.7132353278465256e-11,1.9630634795078436e-11
724,0.5121998052023904,2.7522031003591803,0.8916613061486818,-1.1733814984872015e-10,-5.407725760082366e-11,1.5114687750220667e-10,2.1356041010981143e-10,1.8889755084715957e-10,1.615129484665345e-10
725,1.0243996104047808,2.7522031003591803,1.4861021769144698,-6.34820057195146e-11,-4.1081271960512536e-11,8.303440354323667e-11,1.9967050177622618e-10,1.0412506418060381e-10,8.965634534064354e-11
726,0.0,2.201762480287344,0.8916613061486818,-9.203958391147726e-11,-8.140899798308011e-11,1.8877673316499522e-10,1.3636849457225602e-10,2.703799926950756e-10,2.0522308790909478e-10
727,2.560999026011952,1.651321860215508,2.6749839184460455,4.5291867520653655e-11,5.0053209088177875e-11,-7.972053247966531e-11,5.906371336770128e-11,1.613966806477878e-10,8.409536362220768e-11
728,2.0487992208095616,1.651321860215508,2.3777634830631516,4.9843062204187e-11,1.677628611597289e-11,-5.125596873037442e-11,7.079673271487273e-11,9.072177017549524e-11,5.3200324286887246e-11
729,1.5365994156071712,1.651321860215508,2.0805430476802576,4.0412232154834816e-11,-1.613935539160041e-11,-4.744657583374173e-12,6.817612598041785e-11,1.7881465746907642e-11,7.211353997875596e-12
730,1.0243996104047808,1.651321860215508,1.7833226122973636,2.089486354123205e-11,-4.6655282281704514e-11,5.3100898596198134e-11,5.714848371622799e-11,9.4899349245679e-11,6.081525681954118e-11
731,0.5121998052023904,1.651321860215508,1.4861021769144698,-4.988975084326885e-12,-7.231113870803051e-11,1.1230453049423824e-10,4.670991913678593e-11,1.873650387928646e-10,1.251330969949247e-10
732,0.0,1.651321860215508,1.1888817415315758,-3.35040791480624e-11,-9.244046874288432e-11,1.6794708819556082e-10,4.920570579921342e-11,2.7032371365237586e-10,1.8550515312062007e-10
733,0.0,2.7522031003591803,0.0,-2.121565055984261e-10,-4.681911561280913e-11,2.1391730908505003e-10,2.5462574917243503e-10,2.652579540113828e-10,2.2857115383300645e-10
734,0.0,2.7522031003591803,0.29722043538289394,-1.7793770886728546e-10,-5.816089924966776e-11,2.1235649116878995e-10,2.3604437475694874e-10,2.669569671805077e-10,2.2719659639383674e-10
735,0.5121998052023904,2.7522031003591803,1.1888817415315758,-9.186486521702072e-11,-6.37864811106836e-11,1.502346735987865e-10,2.1090952130233454e-10,1.911836515680004e-10,1.6137197859410324e-10
736,2.0487992208095616,0.0,2.6749839184460455,1.1916263746937622e-10,-1.4519082967654867e-11,-7.168884760680523e-11,1.4767875502353317e-10,9.801198819018552e-11,9.476654023470245e-11
737,2.0487992208095616,0.550440620071836,2.6749839184460455,9.785903537369876e-11,-2.8684161229358203e-12,-5.998215069183082e-11,1.0230311635825822e-10,1.025006606153812e-10,7.450187237928577e-11
738,1.5365994156071712,0.0,2.3777634830631516,1.3587669612255232e-10,-4.150624905851734e-11,-4.748767702184441e-11,1.8335899839113158e-10,4.338916156511756e-11,5.571696449271848e-11
739,1.5365994156071712,0.550440620071836,2.3777634830631516,1.0704835416965853e-10,-3.3309098535179674e-11,-2.956343421950625e-11,1.1879104402083928e-10,3.717999897014906e-11,3.355938342908298e-11
740,1.0243996104047808,0.0,2.0805430476802576,1.3194269137563062e-10,-6.600541846202932e-11,-5.445868953859988e-12,2.0188064443104817e-10,1.0323036619409702e-10,7.970307509695034e-12
741,1.0243996104047808,0.550440620071836,2.0805430476802576,9.963829233208938e-11,-6.154525975693691e-11,1.5608667060659294e-11,1.2303426680902967e-10,9.858297870790427e-11,2.1786754330444777e-11
742,0.5121998052023904,0.0,1.7833226122973636,1.1448968605215185e-10,-8.710330426260576e-11,4.6136973928522257e-11,2.090751729926101e-10,1.91733615584416e-10,6.0071888564878e-11
743,2.560999026011952,2.201762480287344,2.6749839184460455,3.702885959608786e-11,5.581583763981629e-11,-8.247097996117298e-11,7.762566078591483e-11,1.5196779554026562e-10,8.331589305734806e-11
744,0.5121998052023904,0.550440620071836,1.7833226122973636,8.052262979073635e-11,-8.552448219888635e-11,6.916852707704045e-11,1.2086859328568394e-10,1.8990579821816866e-10,8.263851245376084e-11
745,0.0,0.0,1.4861021769144698,8.817210621308487e-11,-1.0681154062624304e-10,9.686476952842863e-11,2.1066766336456836e-10,2.7762038940790986e-10,1.1733717024874803e-10
746,2.0487992208095616,2.201762480287344,2.3777634830631516,3.3360221380303285e-11,2.1358559766022455e-11,-4.7776466874213247e-11,1.0268529685585313e-10,8.247639818992166e-11,4.792301413485658e-11
747,0.0,0.550440620071836,1.4861021769144698,5.443374522941239e-11,-1.0554929216082966e-10,1.2151401890632154e-10,1.1859350258665944e-10,2.7501906713325937e-10,1.4083593453512247e-10
748,1.5365994156071712,2.201762480287344,2.0805430476802576,1.6591661667160943e-11,-1.503645642519871e-11,6.309041056643865e-12,1.1624831515853634e-10,1.504840871038244e-11,1.3876137094990356e-11
749,1.0243996104047808,2.201762480287344,1.7833226122973636,-7.127430011492209e-12,-4.707886401394977e-11,6.828430572961018e-11,1.2281223855837923e-10,9.9310914524041e-11,7.635856772277927e-11
750,0.5121998052023904,2.201762480287344,1.4861021769144698,-3.467015026872321e-11,-7.31399072228883e-11,1.3187332041284e-10,1.260330340464659e-10,1.903380020045069e-10,1.4420501661255276e-10
751,0.0,2.7522031003591803,0.5944408707657879,-1.475659016011766e-10,-7.016504199754399e-11,2.0944479476795646e-10,2.2410561412502202e-10,2.6922845955000333e-10,2.2458059060707923e-10
752,0.0,2.201762480287344,1.1888817415315758,-6.371702260769327e-11,-9.301889188187213e-11,1.878075620461469e-10,1.2985121614895248e-10,2.7278042074574196e-10,2.045225882243703e-10
753,2.0487992208095616,1.100881240143672,2.6749839184460455,8.42473609001222e-11,6.894069001757644e-12,-5.072228988141061e-11,8.58775913822812e-11,1.0185003949802208e-10,5.725751727296471e-11
754,1.5365994156071712,1.100881240143672,2.3777634830631516,8.534939907805844e-11,-2.7039162057341345e-11,-1.50185439093098e-11,8.581751861391942e-11,3.154290598323824e-11,1.5369739586293578e-11
755,1.0243996104047808,1.100881240143672,2.0805430476802576,7.30334549279583e-11,-5.779498170305073e-11,3.5458130532544726e-11,7.305673342378975e-11,9.61855690158684e-11,4.270962202228378e-11
756,2.560999026011952,2.7522031003591803,2.6749839184460455,1.9938548974831272e-11,5.926203899035618e-11,-8.840085163239257e-11,1.0765394761938215e-10,1.362273522382588e-10,8.840908230919163e-11
757,0.5121998052023904,1.100881240143672,1.7833226122973636,5.085192318181199e-11,-8.40234691523221e-11,9.17359353551151e-11,5.274917392486175e-11,1.8874891967047375e-10,1.0503503245555933e-10
758,2.0487992208095616,2.7522031003591803,2.3777634830631516,5.5086721305231575e-12,2.288793270945549e-11,-4.539016287984591e-11,1.5290855005978517e-10,6.815162159654387e-11,4.5542289749052274e-11
759,0.0,1.100881240143672,1.4861021769144698,2.390759007486502e-11,-1.041496767446605e-10,1.4581506696456415e-10,3.60319799760164e-11,2.722964317691991e-10,1.642788124640397e-10
760,1.5365994156071712,2.7522031003591803,2.0805430476802576,-1.608914566475505e-11,-1.5761284077849958e-11,1.6387753753037024e-11,1.8485643270017836e-10,1.900456654451746e-11,2.3836574960823533e-11
761,1.0243996104047808,2.7522031003591803,1.7833226122973636,-4.0020115224690666e-11,-4.8017566308992617e-11,8.259499065473634e-11,2.03380326758849e-10,1.0577147949616965e-10,9.07795622677081e-11
762,0.0,2.7522031003591803,0.8916613061486818,-1.202604171854666e-10,-8.1870530737057e-11,2.0669454232720366e-10,2.1750082475545052e-10,2.7161264967862185e-10,2.2225590913652102e-10
763,0.5121998052023904,2.7522031003591803,1.4861021769144698,-6.646730148845101e-11,-7.394035284726197e-11,1.4970189347671e-10,2.1149628075143813e-10,1.934762672919222e-10,1.6172312522453802e-10
764,2.0487992208095616,1.651321860215508,2.6749839184460455,7.160945830653514e-11,1.4024422583485762e-11,-4.695154374612385e-11,9.342073292116827e-11,9.671155867227971e-11,4.8185625013463436e-11
765,1.5365994156071712,1.651321860215508,2.3777634830631516,6.578971196492965e-11,-2.2299656722434646e-11,-2.3594043516242648e-12,9.297191504095117e-11,2.5368203751968012e-11,8.116750244465787e-12
766,1.0243996104047808,1.651321860215508,2.0805430476802576,4.778293991958856e-11,-5.5521392703560417e-11,5.439282518469707e-11,8.042361442701234e-11,9.695060941308027e-11,6.265142227387998e-11
767,0.5121998052023904,1.651321860215508,1.7833226122973636,2.2826228257136413e-11,-8.322812640239329e-11,1.1288799797973493e-10,6.276609024775966e-11,1.8952389986461205e-10,1.260119049365914e-10
768,0.0,1.651321860215508,1.4861021769144698,-5.011973630732816e-12,-1.0408074313174229e-10,1.6815783391240733e-10,4.874385368366066e-11,2.724955391903357e-10,1.8585106192337212e-10
769,0.0,2.7522031003591803,1.1888817415315758,-9.372232482683013e-11,-9.309877907794923e-11,2.05090842181256e-10,2.1455022737802563e-10,2.737859629083436e-10,2.2117854800961194e-10
770,1.5365994156071712,0.0,2.6749839184460455,1.5772994972532342e-10,-5.026507883162034e-11,-4.1435012066338694e-11,1.9195797362892105e-10,5.4313673717614736e-11,5.259800026493199e-11
771,1.5365994156071712,0.550440620071836,2.6749839184460455,1.29698110862082e-10,-4.172050846789373e-11,-2.482192849601904e-11,1.34965434524247e-10,4.800388449028756e-11,3.0335390010805586e-11
772,1.0243996104047808,0.0,2.3777634830631516,1.5766758135294998e-10,-7.735857185688727e-11,-2.279576175728333e-12,2.1034269674369852e-10,1.0693858353360399e-10,3.9918476337666734e-12
773,1.0243996104047808,0.550440620071836,2.3777634830631516,1.2533075718169437e-10,-7.184546443435339e-11,1.8177951179664616e-11,1.3829220594191058e-10,1.0169446304748721e-10,2.2939909782832138e-11
774,0.5121998052023904,0.0,2.0805430476802576,1.4268765493381557e-10,-9.964145901760417e-11,4.7909424556588337e-11,2.154916027872473e-10,1.9427988717501567e-10,6.042817007881082e-11
775,0.5121998052023904,0.550440620071836,2.0805430476802576,1.082350540697596e-10,-9.749680557309686e-11,7.050863096529574e-11,1.3266010305259147e-10,1.9228756338511773e-10,8.340065229549084e-11
776,0.0,0.0,1.7833226122973636,1.175262244957162e-10,-1.189178161635891e-10,9.746627702674818e-11,2.1335809806672962e-10,2.7952744112358847e-10,1.1733267239952517e-10
777,2.0487992208095616,2.201762480287344,2.6749839184460455,5.776314907023114e-11,1.993896297303045e-11,-4.464876463712935e-11,1.2077119292916682e-10,8.706948238998618e-11,4.471773853950608e-11
778,0.0,0.550440620071836,1.7833226122973636,8.290099743793914e-11,-1.1759474836030905e-10,1.2218509391801892e-10,1.2400331270621143e-10,2.7692368335295523e-10,1.4134624551367454e-10
779,1.5365994156071712,2.201762480287344,2.3777634830631516,4.3071729938278855e-11,-2.0148120959868813e-11,7.731588988583087e-12,1.3233158880061582e-10,2.0587412486426256e-11,1.838354427480151e-11
780,1.0243996104047808,2.201762480287344,2.0805430476802576,1.975195278085073e-11,-5.479611910886672e-11,6.869043318020226e-11,1.3491331518879158e-10,1.0091986830791443e-10,7.7981118550523e-11
781,0.5121998052023904,2.201762480287344,1.7833226122973636,-7.116174137466872e-12,-8.365553321865603e-11,1.3215183390173908e-10,1.3283464844747348e-10,1.925193116127603e-10,1.450998522169344e-10
782,0.0,2.201762480287344,1.4861021769144698,-3.563613532152227e-11,-1.0531425863385595e-10,1.8748260254417746e-10,1.3015164352630867e-10,2.752112947531529e-10,2.0453358203509627e-10
783,1.5365994156071712,1.100881240143672,2.6749839184460455,1.1059698715251769e-10,-3.408580655273854e-11,-1.0900098852791445e-11,1.127691497318484e-10,4.096284687952521e-11,1.1245693871214133e-11
784,1.0243996104047808,1.100881240143672,2.3777634830631516,1.0022720118394163e-10,-6.723761807115757e-11,3.7556034765273985e-11,1.0084658334210207e-10,9.880739438717232e-11,4.458296058639033e-11
785,0.5121998052023904,1.100881240143672,2.0805430476802576,7.932276040287362e-11,-9.569496276182275e-11,9.277442015394662e-11,7.932999282135632e-11,1.9116389776158603e-10,1.0603047658263978e-10
786,2.0487992208095616,2.7522031003591803,2.6749839184460455,3.140103882465081e-11,2.22268365390435e-11,-4.326962710938738e-11,1.6457160655138703e-10,7.220937299565538e-11,4.487566873408304e-11
787,0.0,1.100881240143672,1.7833226122973636,5.2862970981283095e-11,-1.1565449518296893e-10,1.4666159738503818e-10,5.470783859578717e-11,2.7405398111222684e-10,1.6517115346907572e-10
788,1.5365994156071712,2.7522031003591803,2.3777634830631516,8.980275909129102e-12,-1.988963552922431e-11,1.7394171669192054e-11,1.9401648920739483e-10,2.130169354561849e-11,2.900630548345437e-11
789,1.0243996104047808,2.7522031003591803,2.0805430476802576,-1.5032041195502025e-11,-5.4675671674924244e-11,8.277781019045373e-11,2.102275190572583e-10,1.0702833727408311e-10,9.262044951087548e-11
790,0.5121998052023904,2.7522031003591803,1.7833226122973636,-4.0979536090459955e-11,-8.467794869730689e-11,1.4954966100004805e-10,2.154654685620828e-10,1.959335674444075e-10,1.6250014217761201e-10
791,0.0,2.7522031003591803,1.4861021769144698,-6.743666416883762e-11,-1.0544612215905329e-10,2.0424191220780227e-10,2.1508983186404249e-10,2.7621961665703193e-10,2.2095239565144802e-10
792,1.5365994156071712,1.651321860215508,2.6749839184460455,9.39624728381774e-11,-2.813512851214201e-11,1.2726294506970534e-12,1.2181747678316392e-10,3.319377235469089e-11,1.0355219203879605e-11
793,1.0243996104047808,1.651321860215508,2.3777634830631516,7.654980131889846e-11,-6.415584103019571e-11,5.612554494010069e-11,1.0840247490030054e-10,9.916565626084284e-11,6.494670384006971e-11
794,0.5121998052023904,1.651321860215508,2.0805430476802576,5.1990054661697094e-11,-9.40400807594773e-11,1.1363104095270807e-10,8.776820081873906e-11,1.9171265776348805e-10,1.2708692304749085e-10
795,0.0,1.651321860215508,1.7833226122973636,2.4019849067114903e-11,-1.1502166031798651e-10,1.6909938571320036e-10,6.545555719624183e-11,2.741198253517051e-10,1.869553023562503e-10
796,1.0243996104047808,0.0,2.6749839184460455,1.844603868771521e-10,-8.764238679396413e-11,2.0192925397597066e-12,2.2193308740454432e-10,1.106099315325084e-10,2.364018439093497e-12
797,1.0243996104047808,0.550440620071836,2.6749839184460455,1.5255705078305304e-10,-8.1907965617481e-11,2.1595965456709415e-11,1.5845209722481262e-10,1.0535442311685997e-10,2.5226158095348503e-11
798,0.5121998052023904,0.0,2.3777634830631516,1.7122922855410816e-10,-1.1200128694727805e-10,5.00801638452021e-11,2.2548053619029223e-10,1.971284441237431e-10,6.144180998786211e-11
799,0.5121998052023904,0.550440620071836,2.3777634830631516,1.3637488938449641e-10,-1.0922294640299961e-10,7.230376825419276e-11,1.4986191496252175e-10,1.949020760269984e-10,8.469377765810197e-11
800,0.0,0.0,2.0805430476802576,1.472550816154411e-10,-1.3142077596421765e-10,9.860065925647932e-11,2.2034294224416962e-10,2.8155209527202677e-10,1.180234354424313e-10
801,0.0,0.550440620071836,2.0805430476802576,1.1180376293094938e-10,-1.295320871997943e-10,1.23484204169183e-10,1.3649109912350562e-10,2.786918468727315e-10,1.425572060387821e-10
802,1.5365994156071712,2.201762480287344,2.6749839184460455,7.378191673372824e-11,-2.5159281905536267e-11,1.0541622039519501e-11,1.5458795259841e-10,2.658418072225375e-11,2.3689894345153006e-11
803,1.0243996104047808,2.201762480287344,2.3777634830631516,4.957940499223183e-11,-6.27152165219972e-11,6.969019398138419e-11,1.5287388208339792e-10,1.0277072701991365e-10,8.021207498784294e-11
804,0.5121998052023904,2.201762480287344,2.0805430476802576,2.222410642432255e-11,-9.360488960961526e-11,1.3304514727241275e-10,1.4581576585371582e-10,1.9448045062615773e-10,1.4657819280080256e-10
805,0.0,2.201762480287344,1.7833226122973636,-7.046988549572088e-12,-1.1694063526749348e-10,1.8834851651011176e-10,1.371251801438026e-10,2.772246117974272e-10,2.0571290724385823e-10
806,1.0243996104047808,1.100881240143672,2.6749839184460455,1.2918729232053265e-10,-7.671258302094537e-11,4.0216412086345954e-11,1.3167146246450793e-10,1.0203111401411031e-10,4.700432846634834e-11
807,0.5121998052023904,1.100881240143672,2.3777634830631516,1.0847782166244266e-10,-1.0683335962352058e-10,9.415053163207411e-11,1.0920837443322482e-10,1.9366480875779925e-10,1.073718625674478e-10
808,0.0,1.100881240143672,2.0805430476802576,8.251398871787188e-11,-1.2686983160220422e-10,1.477090407722191e-10,8.251756846376737e-11,2.755485516942687e-10,1.6633009704875677e-10
809,1.5365994156071712,2.7522031003591803,2.6749839184460455,4.039101106393903e-11,-2.495990302030695e-11,1.939679836798899e-11,2.0781221735972318e-10,2.5236180144957018e-11,3.488976718093369e-11
810,1.0243996104047808,2.7522031003591803,2.3777634830631516,1.3664021670711062e-11,-6.176581654861637e-11,8.38544228184547e-11,2.2066028513718213e-10,1.0844779292254372e-10,9.529658512623458e-11
811,0.5121998052023904,2.7522031003591803,2.0805430476802576,-1.3501846454178811e-11,-9.456458491547681e-11,1.50334548320326e-10,2.2270587537325647e-10,1.9809275072224968e-10,1.641241211615072e-10
812,0.0,2.7522031003591803,1.7833226122973636,-4.084983062746875e-11,-1.179442600693991e-10,2.0427494984839267e-10,2.1905445064187776e-10,2.7869370837699743e-10,2.2161099995721055e-10
813,1.0243996104047808,1.651321860215508,2.6749839184460455,1.0755680845632047e-10,-7.266158473240143e-11,5.82463105927981e-11,1.3998580303637055e-10,1.0174087925425283e-10,6.755652198303833e-11
814,0.5121998052023904,1.651321860215508,2.3777634830631516,8.235278269885769e-11,-1.0465424487349106e-10,1.1444636822717982e-10,1.1713014925533353e-10,1.941312643861334e-10,1.282259671688461e-10
815,0.0,1.651321860215508,2.0805430476802576,5.4077502741138514e-11,-1.2550099683856134e-10,1.700474692072788e-10,9.116124914516578e-11,2.7540176933453896e-10,1.8810564670945424e-10
816,0.5121998052023904,0.0,2.6749839184460455,2.0028083508449213e-10,-1.235567953156157e-10,5.259228690098746e-11,2.38815629729075e-10,1.9991926623363318e-10,6.29396535879975e-11
817,0.5121998052023904,0.550440620071836,2.6749839184460455,1.6559422804043849e-10,-1.2085460417681094e-10,7.416499950723863e-11,1.7191987451905307e-10,1.9807108075658436e-10,8.609415471146176e-11
818,0.0,0.0,2.3777634830631516,1.7704226573705556e-10,-1.4446691388777822e-10,9.991029535147993e-11,2.3111818133615144e-10,2.8400797353991714e-10,1.1904695673826205e-10
819,0.0,0.550440620071836,2.3777634830631516,1.410225232771204e-10,-1.414973626054658e-10,1.2490360177032767e-10,1.5461876482071743e-10,2.806502686304821e-10,1.4394594133031148e-10
820,1.0243996104047808,2.201762480287344,2.6749839184460455,8.283628796604485e-11,-7.059188125690993e-11,7.134271012152968e-11,1.7677155223436564e-10,1.050662023739572e-10,8.302797842646062e-11
821,0.5121998052023904,2.201762480287344,2.3777634830631516,5.3531094565751e-11,-1.0369487779329503e-10,1.340412657274432e-10,1.6458386036640637e-10,1.9678439222865373e-10,1.481078336695565e-10
822,0.0,2.201762480287344,2.0805430476802576,2.3109790186425562e-11,-1.2707216069708174e-10,1.8998042951056452e-10,1.5035142128831116e-10,2.7854327781007364e-10,2.0759683302354674e-10
823,0.5121998052023904,1.100881240143672,2.6749839184460455,1.3884335458272322e-10,-1.1776834663784656e-10,9.547377508661385e-11,1.4145813750665454e-10,1.9669875531167254e-10,1.0862417901122616e-10
824,0.0,1.100881240143672,2.3777634830631516,1.1256417894181499e-10,-1.3756946323069693e-10,1.4877351644923562e-10,1.133176600498854e-10,2.7693090795737226e-10,1.675004811846242e-10
825,1.0243996104047808,2.7522031003591803,2.6749839184460455,4.74516379875061e-11,-6.976192892075746e-11,8.535165012860331e-11,2.3567241722318276e-10,1.1062462370220436e-10,9.824766885881776e-11
826,0.5121998052023904,2.7522031003591803,2.3777634830631516,1.690247005184106e-11,-1.040920760611122e-10,1.517705693426523e-10,2.3368555350310273e-10,2.0032500080033483e-10,1.6623052172684287e-10
827,0.0,2.7522031003591803,2.0805430476802576,-1.219391344573567e-11,-1.2838586579002086e-10,2.0568891835147178e-10,2.2636183463275253e-10,2.8037222234408153e-10,2.2349629948672255e-10
828,0.5121998052023904,1.651321860215508,2.6749839184460455,1.1412469008912798e-10,-1.1484715177481893e-10,1.1528844322417525e-10,1.4922942080843772e-10,1.9695993988079896e-10,1.292818838255879e-10
829,0.0,1.651321860215508,2.3777634830631516,8.465336694535256e-11,-1.358618180763257e-10,1.7061239043027112e-10,1.2064783040609633e-10,2.767745842471378e-10,1.8885717277541785e-10
830,0.0,0.0,2.6749839184460455,2.0554898920368116e-10,-1.5700095368783478e-10,1.0061919591805858e-10,2.441938352855773e-10,2.866483290207337e-10,1.1952784308525265e-10
831,0.0,0.550440620071836,2.6749839184460455,1.7007242469568647e-10,-1.5371459194461384e-10,1.2534633041783028e-10,1.7660444120597453e-10,2.834058793504205e-10,1.443872771980024e-10
832,0.5121998052023904,2.201762480287344,2.6749839184460455,8.672670376936627e-11,-1.1370416858448344e-10,1.3474621746826747e-10,1.8829279068043282e-10,1.9971367378770308e-10,1.4925283669729447e-10
833,0.0,2.201762480287344,2.3777634830631516,5.4195682852719775e-11,-1.3703279051688344e-10,1.9113000676748007e-10,1.6892470949853805e-10,2.7997395950866503e-10,2.089531186178926e-10
834,0.0,1.100881240143672,2.6749839184460455,1.4305511253133413e-10,-1.483237246871761e-10,1.4918037545084565e-10,1.4559064759642698e-10,2.7893970862975895e-10,1.6792931025222108e-10
835,0.5121998052023904,2.7522031003591803,2.6749839184460455,4.996379535436885e-11,-1.1393324120551865e-10,1.526756742932081e-10,2.4866980679589084e-10,2.0325229155188897e-10,1.6765260001412068e-10
836,0.0,2.7522031003591803,2.3777634830631516,1.8258679184448976e-11,-1.3784732242171378e-10,2.0733812460462501e-10,2.37369453072918e-10,2.8184383238304177e-10,2.2543825100819535e-10
837,0.0,1.651321860215508,2.6749839184460455,1.1611407504312498e-10,-1.4599001818121325e-10,1.7074914220666173e-10,1.5207448569887603e-10,2.7860758051655714e-10,1.8902576091425275e-10
838,0.0,2.201762480287344,2.6749839184460455,8.629279019573434e-11,-1.4667572495031564e-10,1.912980587520192e-10,1.9143621881424856e-10,2.8186831100722066e-10,2.0922013807987141e-10
839,0.0,2.7522031003591803,2.6749839184460455,4.991450144760507e-11,-1.4730043796613394e-10,2.0777934635809264e-10,2.5171379837863416e-10,2.8402706224750234e-10,2.2605033281193334e-10
