{
  "1": {
    "train_loss": 0.05195345746228851,
    "val_loss": 0.0013700539231734205
  },
  "2": {
    "train_loss": 0.001452776793500435,
    "val_loss": 0.001229625246450332
  },
  "3": {
    "train_loss": 0.0008496527920776662,
    "val_loss": 0.0013932649513705212
  },
  "4": {
    "train_loss": 0.000693217978508353,
    "val_loss": 0.0014641746015830756
  },
  "5": {
    "train_loss": 0.0006342652587047337,
    "val_loss": 0.0014758400147277212
  },
  "6": {
    "train_loss": 0.0006889395934102897,
    "val_loss": 0.0016056676068665395
  },
  "7": {
    "train_loss": 0.0006157045019564041,
    "val_loss": 0.00168365645570935
  },
  "8": {
    "train_loss": 0.0005775273140884051,
    "val_loss": 0.0016567592866458866
  },
  "9": {
    "train_loss": 0.000493713012122943,
    "val_loss": 0.0015072618605403857
  },
  "10": {
    "train_loss": 0.012404971314246036,
    "val_loss": 0.0012547856928883216
  },
  "11": {
    "train_loss": 0.00037762584137767595,
    "val_loss": 0.0012229334537508737
  }
}