{
  "1": {
    "train_loss": 0.5553044172277783,
    "val_loss": 2.80432438821299
  },
  "2": {
    "train_loss": 0.5482299765243249,
    "val_loss": 2.8011261601721773
  }
}