{
  "1": {
    "train_loss": 0.16468454334647098,
    "val_loss": 0.07393720949357244
  },
  "2": {
    "train_loss": 0.06507149621421564,
    "val_loss": 0.05529764549098384
  },
  "3": {
    "train_loss": 0.04837234047446268,
    "val_loss": 0.04530132766222765
  },
  "4": {
    "train_loss": 0.04385436357969933,
    "val_loss": 0.04424364273075644
  },
  "5": {
    "train_loss": 0.031184291506701326,
    "val_loss": 0.0011971970358297794
  },
  "6": {
    "train_loss": 0.0017167728667556975,
    "val_loss": 0.0012876769516725276
  },
  "7": {
    "train_loss": 0.001216354716944026,
    "val_loss": 0.001038353907755612
  },
  "8": {
    "train_loss": 0.0009740736665359387,
    "val_loss": 0.001070501135601121
  },
  "9": {
    "train_loss": 0.000789603888340367,
    "val_loss": 0.0010195922900301168
  }
}