{
  "1": {
    "train_loss": 67.75755673441394,
    "val_loss": 5.7913351470026475
  },
  "2": {
    "train_loss": 6.874916282193414,
    "val_loss": 4.954086517465526
  },
  "3": {
    "train_loss": 4.060333151241829,
    "val_loss": 2.6716674360735664
  },
  "4": {
    "train_loss": 2.901823317182475,
    "val_loss": 1.2960413201101895
  },
  "5": {
    "train_loss": 2.337284596829579,
    "val_loss": 0.951374849368786
  },
  "6": {
    "train_loss": 2.015309897990062,
    "val_loss": 0.6730633295815567
  },
  "7": {
    "train_loss": 1.7844555614323452,
    "val_loss": 0.6377552942983036
  },
  "8": {
    "train_loss": 1.6121757482660228,
    "val_loss": 0.5398723955812126
  },
  "9": {
    "train_loss": 1.4869941976563683,
    "val_loss": 0.47481174304567536
  },
  "10": {
    "train_loss": 1.3882195168528064,
    "val_loss": 0.388964312857595
  },
  "11": {
    "train_loss": 1.307412028312683,
    "val_loss": 0.3504286850320882
  },
  "12": {
    "train_loss": 1.2426459522082889,
    "val_loss": 0.3105317796098775
  },
  "13": {
    "train_loss": 1.1819480195127685,
    "val_loss": 0.27402388998146715
  },
  "14": {
    "train_loss": 1.130596751796788,
    "val_loss": 0.226297655496104
  },
  "15": {
    "train_loss": 1.0837789244692901,
    "val_loss": 0.23443180117113838
  },
  "16": {
    "train_loss": 1.043331734579185,
    "val_loss": 0.19967034099430875
  },
  "17": {
    "train_loss": 1.0021698942472195,
    "val_loss": 0.1750537352315311
  },
  "18": {
    "train_loss": 0.9577712740363746,
    "val_loss": 0.15950064463862057
  },
  "19": {
    "train_loss": 0.9249943833926628,
    "val_loss": 0.14908364980385222
  },
  "20": {
    "train_loss": 0.8937598728928072,
    "val_loss": 0.14075346239681902
  },
  "21": {
    "train_loss": 0.8652470512636776,
    "val_loss": 0.15246500922688122
  },
  "22": {
    "train_loss": 0.8386334751186699,
    "val_loss": 0.1542695999659341
  },
  "23": {
    "train_loss": 0.8094943772102224,
    "val_loss": 0.12795645563766875
  },
  "24": {
    "train_loss": 0.7838729928279745,
    "val_loss": 0.11876268016880956
  },
  "25": {
    "train_loss": 0.7606088493404717,
    "val_loss": 0.10641510784626007
  },
  "26": {
    "train_loss": 0.7372487629282063,
    "val_loss": 0.10572329459005389
  },
  "27": {
    "train_loss": 0.7142500229950609,
    "val_loss": 0.1025083917995979
  },
  "28": {
    "train_loss": 0.6918489434595766,
    "val_loss": 0.10140062496066093
  },
  "29": {
    "train_loss": 0.6698245878877311,
    "val_loss": 0.08765587525378013
  },
  "30": {
    "train_loss": 0.6499372941666636,
    "val_loss": 0.09552220653357177
  },
  "31": {
    "train_loss": 0.6354900038447874,
    "val_loss": 0.09964786058869855
  },
  "32": {
    "train_loss": 0.6158794228886736,
    "val_loss": 0.09454744437645221
  },
  "33": {
    "train_loss": 0.5988932971296639,
    "val_loss": 0.08384045399725437
  },
  "34": {
    "train_loss": 0.5823714383717241,
    "val_loss": 0.08787406524964447
  },
  "35": {
    "train_loss": 0.5689391799528023,
    "val_loss": 0.08094025094961298
  },
  "36": {
    "train_loss": 0.5558076670457577,
    "val_loss": 0.07972213491026697
  },
  "37": {
    "train_loss": 0.5415104930770809,
    "val_loss": 0.07803073641041229
  },
  "38": {
    "train_loss": 0.5280569498908931,
    "val_loss": 0.08303192334956136
  },
  "39": {
    "train_loss": 0.5171396447152927,
    "val_loss": 0.07627856777980924
  },
  "40": {
    "train_loss": 0.505022601834659,
    "val_loss": 0.07744702170121259
  },
  "41": {
    "train_loss": 0.49371455301498546,
    "val_loss": 0.0748258669346828
  },
  "42": {
    "train_loss": 0.4821760952472687,
    "val_loss": 0.07315657486946418
  },
  "43": {
    "train_loss": 0.4722241869774358,
    "val_loss": 0.06857382011567724
  }
}