{
  "1": {
    "train_loss": 0.05195345746228851,
    "val_loss": 0.0013700539231734205
  },
  "2": {
    "train_loss": 0.001452776793500435,
    "val_loss": 0.001229625246450332
  }
}