{
  "1": {
    "train_loss": 18.174623255071968,
    "val_loss": 0.5859145244647717
  },
  "2": {
    "train_loss": 3.477539200207283,
    "val_loss": 0.4893975751153354
  },
  "3": {
    "train_loss": 2.5194508340852013,
    "val_loss": 0.3976619022673574
  },
  "4": {
    "train_loss": 2.0460409254863343,
    "val_loss": 0.4119795961626645
  },
  "5": {
    "train_loss": 1.779868515401051,
    "val_loss": 0.4789840810257813
  },
  "6": {
    "train_loss": 1.5983392853161384,
    "val_loss": 0.3448681905865669
  },
  "7": {
    "train_loss": 1.4706878415469467,
    "val_loss": 0.3891421839081008
  },
  "8": {
    "train_loss": 1.3709352977316955,
    "val_loss": 0.5319291404609022
  },
  "9": {
    "train_loss": 1.2874577266388927,
    "val_loss": 0.4425809008294138
  },
  "10": {
    "train_loss": 1.2255441263831894,
    "val_loss": 0.36702290793945047
  },
  "11": {
    "train_loss": 1.1744312392226581,
    "val_loss": 0.3979954524286862
  },
  "12": {
    "train_loss": 1.1310624372342537,
    "val_loss": 0.32820136048670473
  },
  "13": {
    "train_loss": 1.0875647910710038,
    "val_loss": 0.3222503587603569
  },
  "14": {
    "train_loss": 1.0514861057544578,
    "val_loss": 0.3795483482295069
  },
  "15": {
    "train_loss": 1.0150511891677463,
    "val_loss": 0.39413784238798866
  },
  "16": {
    "train_loss": 0.9809633529391782,
    "val_loss": 0.37497022953526726
  },
  "17": {
    "train_loss": 0.9563480821149103,
    "val_loss": 0.348447571540701
  },
  "18": {
    "train_loss": 0.933647600741222,
    "val_loss": 0.4386929232498695
  },
  "19": {
    "train_loss": 0.9164321247873635,
    "val_loss": 0.4226025867051092
  },
  "20": {
    "train_loss": 0.8898082909912899,
    "val_loss": 0.378461881444372
  },
  "21": {
    "train_loss": 0.8718651677000111,
    "val_loss": 0.3709041378621397
  },
  "22": {
    "train_loss": 0.8542637187859108,
    "val_loss": 0.4095073737974825
  },
  "23": {
    "train_loss": 0.8385062132929934,
    "val_loss": 0.419563150611417
  },
  "24": {
    "train_loss": 0.8231043145060539,
    "val_loss": 0.3664950651341471
  },
  "25": {
    "train_loss": 0.8069518709491039,
    "val_loss": 0.3297135629530611
  },
  "26": {
    "train_loss": 0.7981659191949614,
    "val_loss": 0.27084276632502163
  },
  "27": {
    "train_loss": 0.7862984964559818,
    "val_loss": 0.5276881261118527
  },
  "28": {
    "train_loss": 0.7747392418055699,
    "val_loss": 0.2586536882766362
  }
}