{
  "Lx": 4.590695667697203,
  "Ly": 6.44330214119828,
  "Lz": 9.131065690083958,
  "nx": 23,
  "ny": 14,
  "nz": 11,
  "xm0": 0.8320277596811119,
  "xm1": 1.2312186873069555,
  "ym0": 0.8508337599429466,
  "ym1": 1.7713054943998436,
  "zm0": 6.747149412769566,
  "zm1": 8.407343174603014,
  "E": 272112438655.54688,
  "nu": 0.17627954092569795,
  "rho": 7201.970302601923,
  "m_add": 94.94120175944074,
  "freq": 184.86159119887355,
  "a_base": 1.0769004834438645,
  "zeta": 0.007299979537324112
}