{
  "Lx": 5.91723140546964,
  "Ly": 9.471740903694824,
  "Lz": 3.8609946468433765,
  "nx": 13,
  "ny": 13,
  "nz": 12,
  "xm0": 0.734683784174594,
  "xm1": 1.6450270773237694,
  "ym0": 8.12177009711329,
  "ym1": 9.578961005374032,
  "zm0": 0.6955677662308769,
  "zm1": 1.3390668740381062,
  "E": 271591221468.32492,
  "nu": 0.5462369786075333,
  "rho": 7358.426849191982,
  "m_add": 23.169079344860876,
  "freq": 152.2715523396477,
  "a_base": 4.810245361452219,
  "zeta": 0.008573862139248734
}