{
  "1": {
    "train_loss": 1.0690500576523216,
    "val_loss": 0.4656617927455133
  },
  "2": {
    "train_loss": 1.06017874060368,
    "val_loss": 0.47203902083058513
  },
  "3": {
    "train_loss": 1.0337211519005625,
    "val_loss": 0.46936807739398173
  },
  "4": {
    "train_loss": 1.051972146332264,
    "val_loss": 0.47148126715253436
  },
  "5": {
    "train_loss": 1.0353384289077736,
    "val_loss": 0.4659323512065795
  },
  "6": {
    "train_loss": 1.050736164772375,
    "val_loss": 0.469472524049061
  },
  "7": {
    "train_loss": 1.0592097558758475,
    "val_loss": 0.469617412035023
  },
  "8": {
    "train_loss": 1.04432633923536,
    "val_loss": 0.4698971625597727
  },
  "9": {
    "train_loss": 1.0279642963748086,
    "val_loss": 0.4655321352183819
  }
}