{
  "Lx": 6.446032639183169,
  "Ly": 2.8641174244739664,
  "Lz": 2.5054078206968984,
  "nx": 17,
  "ny": 12,
  "nz": 11,
  "xm0": 0.4978875452122673,
  "xm1": 1.2562443262926402,
  "ym0": 1.4005384216607628,
  "ym1": 1.8778913257397571,
  "zm0": 0.18124069845100632,
  "zm1": 0.6367693931231697,
  "E": 175685889254.21747,
  "nu": 0.35936238086789507,
  "rho": 7866.1529221265255,
  "m_add": 28.368863217642822,
  "freq": 173.469373248269,
  "a_base": 5.852311969647653,
  "zeta": 0.0008645939570803608
}