{
  "Lx": 2.574158709524743,
  "Ly": 7.117132077798851,
  "Lz": 2.9848432090869887,
  "nx": 46,
  "ny": 15,
  "nz": 8,
  "xm0": 0.9614906549469252,
  "xm1": 1.0734105988393052,
  "ym0": 6.031725270150868,
  "ym1": 6.9806762138573815,
  "zm0": 1.9441193527964107,
  "zm1": 2.6903301550681578,
  "E": 286022918998.23865,
  "nu": 0.5921195695640022,
  "rho": 6106.267185098865,
  "m_add": 59.02742711664672,
  "freq": 295.73036222392136,
  "a_base": 1.1219628615076693,
  "zeta": 0.0028834782763730864
}