{
  "Lx": 1.904187815636854,
  "Ly": 9.99746535376274,
  "Lz": 5.173963837885007,
  "nx": 41,
  "ny": 11,
  "nz": 6,
  "xm0": 0.0025081856350369636,
  "xm1": 0.09539539615390788,
  "ym0": 7.542324569303845,
  "ym1": 9.360045542715252,
  "zm0": 0.45399846017555917,
  "zm1": 2.178653072803895,
  "E": 256905284560.26224,
  "nu": 0.33088224838706826,
  "rho": 6359.724997307584,
  "m_add": 87.58396118890863,
  "freq": 289.3229889829795,
  "a_base": 13.971485783310442,
  "zeta": 0.0011698950938737924
}