{
  "Lx": 5.786200220813243,
  "Ly": 9.254124530611806,
  "Lz": 3.0186871981516243,
  "nx": 25,
  "ny": 12,
  "nz": 6,
  "xm0": 0.6510090246797657,
  "xm1": 1.1139050423448251,
  "ym0": 8.42651235542311,
  "ym1": 9.968866443858412,
  "zm0": 1.5943944174593454,
  "zm1": 2.600623483509887,
  "E": 188083345743.99432,
  "nu": 0.3215974387144155,
  "rho": 7424.771653830612,
  "m_add": 35.733842150514285,
  "freq": 230.08528302757912,
  "a_base": 1.5843033849643549,
  "zeta": 0.007355755923597022
}