{
  "Lx": 2.5878875699682453,
  "Ly": 9.340832115715493,
  "Lz": 3.812207379194919,
  "nx": 29,
  "ny": 18,
  "nz": 5,
  "xm0": 0.4057056461787215,
  "xm1": 0.5841806510041178,
  "ym0": 5.697227686729605,
  "ym1": 6.735097921809103,
  "zm0": 2.70592155012836,
  "zm1": 4.230804501806328,
  "E": 237728756787.72525,
  "nu": 0.5622366725793096,
  "rho": 6739.2937641847475,
  "m_add": 58.330132606957925,
  "freq": 232.73277726114665,
  "a_base": 1.0548832236632222,
  "zeta": 0.007241363270458142
}