{
  "Lx": 2.3121150939464585,
  "Ly": 2.6961520860911437,
  "Lz": 2.944066970312303,
  "nx": 24,
  "ny": 11,
  "nz": 16,
  "xm0": 0.714197553628819,
  "xm1": 0.9068738114576905,
  "ym0": 0.4691199522823354,
  "ym1": 0.9593294224807252,
  "zm0": 2.4149816662711845,
  "zm1": 2.7829900375602223,
  "E": 162851134897.73007,
  "nu": 0.5558699211601005,
  "rho": 6651.932999750763,
  "m_add": 30.093922315848538,
  "freq": 132.94550356407137,
  "a_base": 1.7678644925884097,
  "zeta": 0.008050694328274056
}