{
  "Lx": 8.510102535341595,
  "Ly": 3.133038186074383,
  "Lz": 7.804462667696449,
  "nx": 41,
  "ny": 16,
  "nz": 18,
  "xm0": 2.704577962640335,
  "xm1": 3.1197049155838275,
  "ym0": 1.4132964606451857,
  "ym1": 1.8049262339044836,
  "zm0": 3.609282895739149,
  "zm1": 4.476445414372088,
  "E": 297280848263.52185,
  "nu": 0.5610000218006506,
  "rho": 6934.164805209685,
  "m_add": 49.03511076463222,
  "freq": 125.75449035240759,
  "a_base": 16.643855852286705,
  "zeta": 0.006052416864313889
}