{
  "Lx": 5.702013036498582,
  "Ly": 6.210043254863505,
  "Lz": 9.993878362899855,
  "nx": 22,
  "ny": 14,
  "nz": 13,
  "xm0": 0.7069242239530464,
  "xm1": 1.2252890454529175,
  "ym0": 0.4015491150984261,
  "ym1": 1.2886981515074982,
  "zm0": 7.82754846270348,
  "zm1": 9.365068210841919,
  "E": 287782826490.01587,
  "nu": 0.4668016184421466,
  "rho": 7543.962281458167,
  "m_add": 69.79163179245569,
  "freq": 220.426833496738,
  "a_base": 1.3469916955627745,
  "zeta": 0.009178500237675016
}