{
  "Lx": 4.794383952838552,
  "Ly": 4.506016024508208,
  "Lz": 6.803665540999521,
  "nx": 15,
  "ny": 6,
  "nz": 9,
  "xm0": 1.901714462882319,
  "xm1": 2.540965656594126,
  "ym0": 2.863866996942136,
  "ym1": 4.365872338444872,
  "zm0": 1.171523553127002,
  "zm1": 2.6834492289046734,
  "E": 282083467968.56384,
  "nu": 0.17609253910603664,
  "rho": 7476.623473243722,
  "m_add": 17.365088806993253,
  "freq": 103.4436610771306,
  "a_base": 19.787785679362166,
  "zeta": 0.0045029345381580625
}