{
  "Lx": 4.708308807976237,
  "Ly": 7.512977704196971,
  "Lz": 8.012332795823193,
  "nx": 50,
  "ny": 6,
  "nz": 13,
  "xm0": 0.5816762888444882,
  "xm1": 0.7700086411635376,
  "ym0": 1.2395817366997457,
  "ym1": 3.7439076380987357,
  "zm0": 2.514196988289172,
  "zm1": 3.7468635722619705,
  "E": 242185469941.3261,
  "nu": 0.5433499907306275,
  "rho": 7095.520982872322,
  "m_add": 91.91369271739744,
  "freq": 215.76738820458237,
  "a_base": 1.8697846776809657,
  "zeta": 0.005465588130783794
}