{
  "Lx": 1.7737682972363022,
  "Ly": 7.355929293055897,
  "Lz": 0.5468936443285461,
  "nx": 30,
  "ny": 7,
  "nz": 8,
  "xm0": 0.0017024813475523468,
  "xm1": 0.11995370116330584,
  "ym0": 4.646882466076496,
  "ym1": 6.748576549806753,
  "zm0": 0.3453598488661162,
  "zm1": 0.48208325994825274,
  "E": 184387212272.3471,
  "nu": 0.1907865102013339,
  "rho": 7562.454389933143,
  "m_add": 42.23501278645918,
  "freq": 283.5339917688222,
  "a_base": 1.2587544696694213,
  "zeta": 0.0016010533432714261
}