{
  "Lx": 5.3073033045824785,
  "Ly": 3.9026840571105894,
  "Lz": 1.6875323023620907,
  "nx": 35,
  "ny": 16,
  "nz": 5,
  "xm0": 1.8259969850902753,
  "xm1": 2.1292714596378453,
  "ym0": 1.3212884492433414,
  "ym1": 1.809123956382165,
  "zm0": 0.8273546072804537,
  "zm1": 1.5023675282252902,
  "E": 143846336827.261,
  "nu": 0.12843963439078407,
  "rho": 6929.80558200225,
  "m_add": 15.44153919151804,
  "freq": 121.79540066274271,
  "a_base": 5.275734124380776,
  "zeta": 0.002005070880086057
}