{
  "Lx": 4.7708015461516435,
  "Ly": 2.7232601517718837,
  "Lz": 9.746654209164358,
  "nx": 50,
  "ny": 16,
  "nz": 11,
  "xm0": 1.1978191470346968,
  "xm1": 1.3886512088807625,
  "ym0": 0.14844103508034615,
  "ym1": 0.4888485540518316,
  "zm0": 2.652791999597319,
  "zm1": 4.424910946718111,
  "E": 165157796195.48965,
  "nu": 0.25326982169486967,
  "rho": 7640.579837383991,
  "m_add": 61.441714885420886,
  "freq": 262.81125737875993,
  "a_base": 10.031657668136003,
  "zeta": 0.009291060543079446
}