{
  "Lx": 5.248653348731957,
  "Ly": 8.902464917633083,
  "Lz": 6.548315511241338,
  "nx": 10,
  "ny": 7,
  "nz": 11,
  "xm0": 1.7462846826702882,
  "xm1": 2.7960153524166795,
  "ym0": 1.0020418297712428,
  "ym1": 3.545603234809266,
  "zm0": 1.4812585560330207,
  "zm1": 2.6718613762587182,
  "E": 290737215755.4249,
  "nu": 0.5594066632964059,
  "rho": 6654.132899246317,
  "m_add": 82.84482328509681,
  "freq": 87.049140170311,
  "a_base": 1.5569925276332124,
  "zeta": 0.0036118876026892646
}